insCode,نماد,نام,زمان آخرین معامله,آخرین معامله,درصد تغییر آخرین,قیمت پایانی,درصد تغییر پایانی,قیمت دیروز,اولین قیمت,کمترین,بیشترین,تعداد معاملات,حجم معاملات,ارزش معاملات,سقف مجاز,کف مجاز,EPS,P/E,حجم مبنا,کد گروه,نوع,گروه,بازار,تابلو,P/E گروه,EPS پیش‌بینی,P/S,تعداد سهام,سهام شناور (درصد),میانگین حجم ماه,کمترین قیمت هفته,بیشترین قیمت هفته,کمترین قیمت سال,بیشترین قیمت سال,اطلاعات ثابت به‌روز شده در,ارزش بازار,حجم خرید حقیقی,تعداد خرید حقیقی,ارزش خرید حقیقی,حجم خرید حقوقی,تعداد خرید حقوقی,ارزش خرید حقوقی,حجم فروش حقیقی,تعداد فروش حقیقی,ارزش فروش حقیقی,حجم فروش حقوقی,تعداد فروش حقوقی,ارزش فروش حقوقی,سرانه خرید حقیقی,سرانه فروش حقیقی,قدرت خریدار حقیقی,ورود پول حقیقی,تقاضا1 تعداد,تقاضا1 حجم,تقاضا1 قیمت,عرضه1 قیمت,عرضه1 حجم,عرضه1 تعداد,تقاضا2 تعداد,تقاضا2 حجم,تقاضا2 قیمت,عرضه2 قیمت,عرضه2 حجم,عرضه2 تعداد,تقاضا3 تعداد,تقاضا3 حجم,تقاضا3 قیمت,عرضه3 قیمت,عرضه3 حجم,عرضه3 تعداد,تقاضا4 تعداد,تقاضا4 حجم,تقاضا4 قیمت,عرضه4 قیمت,عرضه4 حجم,عرضه4 تعداد,تقاضا5 تعداد,تقاضا5 حجم,تقاضا5 قیمت,عرضه5 قیمت,عرضه5 حجم,عرضه5 تعداد,صف,NAV ابطال,NAV صدور,زمان NAV,حباب نسبت به NAV ابطال (درصد),نماد پایه,insCode پایه,قیمت پایانی پایه,قیمت اعمال,اندازه قرارداد,تاریخ شروع,تاریخ سررسید,روز تا سررسید,نوع اختیار,موقعیت‌های باز,ارزش اسمی
114312662654155,وسپهر,گروه سرمایه گذاری سپهر صادرات,2026-10-04T09:29:27+03:30,4940.0,0.61,4920.0,0.2,4910.0,5040.0,4840.0,5040.0,226.0,6552651.0,32211024380.0,5050.0,4770,1149.0,4.3,1,39,سهم,شرکتهای چند رشته ای صنعتی,بازار فرابورس,بازار دوم فرابورس,4.39,1149.0,0.0,75000000000.0,,35336940.0,4610.0,4940.0,3128.0,5150.0,2026-10-04,369000000000000.0,6177869.0,47,30395115480.0,374782.0,1,1843927440.0,6177869.0,136,30395115480.0,374782.0,1,1843927440.0,646704584.6808511,223493496.17647058,2.894,0.0,1,78900,4940.0,4950.0,375882,2,1,221905,4930.0,4990.0,21050,4,1,3344,4900.0,5000.0,368979,5,3,139853,4890.0,5010.0,8340,4,1,10000,4880.0,5020.0,6486,5,,,,,,,,,,,,,,,,
118005828419984,چتر,صندوق س.بخشی گستره فیروزه2-ب,2026-10-04T09:28:37+03:30,19799.0,-0.57,19727.0,-0.93,19912.0,19576.0,19576.0,20024.0,11.0,15324.0,302293952.0,20509.0,19315,0.0,,1,68,صندوق,صندوق سرمایه گذاری قابل معامله,بازار فرابورس,بازار ابزارهاي نوين مالي فرابورس,1049.52,,0.0,1000000000.0,,2950670.0,19216.0,20262.0,10304.0,20262.0,2026-10-04,19727000000000.0,9304.0,5,183540008.0,6020.0,1,118756540.0,14823.0,6,292413321.0,501.0,1,9883227.0,36708001.6,48735553.5,0.753,-108873313.0,2,7485,19786.0,19799.0,1930,1,2,352,19688.0,19980.0,4719,1,2,863,19574.0,20022.0,251,1,1,25000,19512.0,20023.0,1276,1,1,15000,19510.0,20082.0,146175,1,,20788.0,21003.0,2026-10-04T09:18:12+03:30,-5.1,,,,,,,,,,,
204092872752957,شصدف,صنعتی دوده فام,2026-10-04T09:29:52+03:30,17130.0,-2.95,17200.0,-2.55,17650.0,17170.0,17130.0,17290.0,271.0,3443451.0,59213080390.0,18170.0,17130,2572.0,6.7,1,44,سهم,محصولات شیمیایی,بازار فرابورس,بازار اول فرابورس,8.83,2572.0,23488.96,2000000000.0,,18083973.0,17380.0,18750.0,9650.0,19740.0,2026-10-04,34400000000000.0,2983258.0,128,51312037600.0,446893.0,2,7686559600.0,1671305.0,38,28746446000.0,1758846.0,2,30252151200.0,400875293.75,756485421.0526315,0.53,22565591600.0,1,700,17000.0,17130.0,5634744,73,1,10000,15820.0,17170.0,33700,2,1,2500,15510.0,17450.0,900,1,0,0,0.0,17480.0,30500,2,0,0,0.0,17630.0,350,1,,,,,,,,,,,,,,,,
318005355896147,فسا,پتروشیمی فسا,2026-10-04T09:07:32+03:30,881.0,1.97,866.0,0.23,864.0,881.0,881.0,881.0,4.0,159812.0,140794372.0,881.0,847,47.0,18.4,1222471,44,سهم,محصولات شیمیایی,بازار پایه فرابورس,بازار پایه نارنجی فرابورس,0.0,47.0,0.0,3486000000.0,,2043651.0,832.0,864.0,539.0,864.0,2026-10-04,3018876000000.0,159812.0,1,138397192.0,0.0,0,0.0,159812.0,4,138397192.0,0.0,0,0.0,138397192.0,34599298.0,4.0,0.0,23,17825016,881.0,0.0,0,0,6,532600,864.0,0.0,0,0,1,70000,850.0,0.0,0,0,1,100000,690.0,0.0,0,0,0,0,0.0,0.0,0,0,صف خرید,,,,,,,,,,,,,,,
383529400851043,الکتروماد,صنایع الکترونیک مادیران,2026-10-04T09:28:37+03:30,5340.0,2.89,5330.0,2.7,5190.0,5340.0,5300.0,5340.0,251.0,21680045.0,115637563610.0,5340.0,5040,957.0,5.6,1,29,سهم,ماشین آلات و تجهیزات,بازار فرابورس,بازار دوم فرابورس,9.93,957.0,6086.609,12000000000.0,,37016118.0,4850.0,5190.0,2537.0,5370.0,2026-10-04,63960000000000.0,6769855.0,33,36083327150.0,14910190.0,2,79471312700.0,18665817.0,110,99488804610.0,3014228.0,2,16065835240.0,1093434156.060606,904443678.2727273,1.209,-63405477460.0,114,19564399,5340.0,5390.0,1579,2,2,2000,5320.0,0.0,0,0,1,99420,5310.0,0.0,0,0,4,475116,5300.0,0.0,0,0,2,13000,5250.0,0.0,0,0,,,,,,,,,,,,,,,,
408934423224097,فرآور,فرآوریموادمعدنیایران,2026-10-04T09:29:46+03:30,8060.0,-2.89,8060.0,-2.89,8300.0,8070.0,8060.0,8200.0,111.0,3036481.0,24484288830.0,8540.0,8060,456.0,17.7,1,27,سهم,فلزات اساسی,بازار بورس,بازار اول (تابلوی فرعی) بورس,15.3,456.0,5265.6206,5000000000.0,24.0,45365461.0,7670.0,8440.0,4255.0,8440.0,2026-10-04,40300000000000.0,2632124.0,71,21214919440.0,104357.0,1,841117420.0,2736481.0,20,22056036860.0,0.0,0,0.0,298801682.25352114,1102801843.0,0.271,-841117420.0,1,629,7960.0,8060.0,36717754,160,1,653,7670.0,8180.0,7617,3,1,14000,7150.0,8190.0,1000,1,0,0,0.0,8200.0,1191,1,0,0,0.0,8260.0,25000,1,,,,,,,,,,,,,,,,
490987973229371,آکام,صندوق س. نوع دوم آکام-د,2026-10-04T09:27:35+03:30,10189.0,0.11,10189.0,0.11,10178.0,10189.0,10189.0,10189.0,5.0,41000.0,417749000.0,10483.0,9873,0.0,,1,68,صندوق,صندوق سرمایه گذاری قابل معامله,بازار فرابورس,بازار ابزارهاي نوين مالي فرابورس,1067.75,,0.0,500000000.0,,4502572.0,10154.0,10179.0,10010.0,10300.0,2026-10-04,5094500000000.0,41000.0,2,417749000.0,0.0,0,0.0,0.0,0,0.0,41000.0,1,417749000.0,208874500.0,,,417749000.0,1,100000000,10189.0,10190.0,10000000,1,1,10000000,10188.0,10191.0,100000,1,1,5000000,10187.0,10192.0,100000,1,1,5000000,10186.0,10193.0,100000,1,1,5000000,10185.0,10194.0,100000,1,,10178.0,10183.0,2026-10-04T09:17:10+03:30,0.11,,,,,,,,,,,
589599697502308,وآفری,بیمه کارآفرین,2026-10-04T09:29:23+03:30,9610.0,-2.93,9610.0,-2.93,9900.0,9610.0,9610.0,9610.0,21.0,390028.0,3748169080.0,10190.0,9610,1680.0,5.7,1,66,سهم,بیمه وصندوق بازنشستگی به جزتامین اجتماعی,بازار بورس,بازار دوم (تابلوی اصلی) بورس,5.0,1680.0,0.0,28000000000.0,26.0,2333007.0,9820.0,10280.0,2227.0,10280.0,2026-10-04,269080000000000.0,390028.0,9,3748169080.0,0.0,0,0.0,390028.0,6,3748169080.0,0.0,0,0.0,416463231.1111111,624694846.6666666,0.667,0.0,1,92050,8390.0,9610.0,2557089,49,0,0,0.0,10000.0,132686,2,0,0,0.0,10180.0,1000,1,0,0,0.0,10190.0,19100,3,0,0,0.0,0.0,0,0,,,,,,,,,,,,,,,,
611986653700161,سبزوا,سیمان لار سبزوار,2026-10-04T09:29:42+03:30,12630.0,-3.0,12630.0,-3.0,13020.0,12830.0,12630.0,12830.0,454.0,7568534.0,95612755770.0,13410.0,12630,615.0,20.5,1,53,سهم,سیمان، آهک و گچ,بازار فرابورس,بازار دوم فرابورس,7.06,615.0,4540.2886,3757797579.0,,18353038.0,13010.0,14050.0,4727.0,14160.0,2026-10-04,47460983422770.0,7146017.0,150,90254194710.0,382061.0,1,4825430430.0,7528078.0,144,95079625140.0,0.0,0,0.0,601694631.4,660275174.5833334,0.911,-4825430430.0,7,225332,12630.0,12670.0,6590,4,0,0,0.0,12750.0,2000,1,0,0,0.0,12800.0,3786,1,0,0,0.0,12810.0,200000,2,0,0,0.0,12830.0,116843,8,,,,,,,,,,,,,,,,
655060129740445,اپال,فرآوری معدنی اپال کانی پارس,2026-10-04T09:29:03+03:30,14140.0,-2.08,14140.0,-2.08,14440.0,14160.0,14010.0,14510.0,74.0,468827.0,6629081840.0,14870.0,14010,1442.0,9.8,1,13,سهم,استخراج کانه های فلزی,بازار بورس,بازار دوم (تابلوی اصلی) بورس,15.5,1442.0,0.0,20000000000.0,9.0,8008531.0,13860.0,14660.0,8700.0,16600.0,2026-10-04,282800000000000.0,448653.0,35,6343953420.0,20174.0,1,285260360.0,271816.0,36,3843478240.0,197011.0,1,2785735540.0,181255812.0,106763284.44444445,1.698,2500475180.0,1,5062,14130.0,14140.0,24480,4,2,15000,14120.0,14150.0,15339,2,10,614673,14110.0,14160.0,88560,3,2,14892,14100.0,14170.0,35600,2,1,14172,14060.0,14180.0,33817,2,,,,,,,,,,,,,,,,
778253364357513,وبملت,بانک ملت,2026-10-04T09:29:49+03:30,1472.0,-1.21,1459.0,-2.08,1490.0,1490.0,1446.0,1490.0,13405.0,3070244089.0,4479700396462.0,1534.0,1446,454.0,3.2,1,57,سهم,بانکها و موسسات اعتباری,بازار بورس,بازار اول (تابلوی اصلی) بورس,5.22,454.0,0.0,3382000000000.0,39.0,8219684972.0,1451.0,1549.0,887.0,1652.0,2026-10-04,4934338000000000.0,1623474306.0,3863,2368649012454.0,1443623007.0,18,2106245967213.0,1915461186.0,1948,2794657870374.0,1151636127.0,19,1680237109293.0,613163088.9086202,1434629296.906571,0.427,-426008857920.0,14,2872216,1471.0,1472.0,6371520,11,19,9994117,1470.0,1473.0,1434000,8,11,3345364,1469.0,1474.0,2289104,15,6,2041346,1468.0,1475.0,3402467,15,15,3108500,1467.0,1476.0,4135922,10,,,,,,,,,,,,,,,,
793710053482057,لپیام,گسترش صنایع پیام,2026-10-04T09:29:51+03:30,133900.0,2.92,134000.0,3.0,130100.0,134000.0,133800.0,134000.0,56.0,162831.0,21814316900.0,134000.0,126200,123.0,1089.4,1,32,سهم,ساخت دستگاهها و وسایل ارتباطی,بازار پایه فرابورس,بازار پایه زرد فرابورس,0.0,123.0,0.0,180000000.0,,870643.0,116500.0,130200.0,35700.0,130200.0,2026-10-04,24120000000000.0,51704.0,10,6928336000.0,100000.0,1,13400000000.0,151704.0,24,20328336000.0,0.0,0,0.0,692833600.0,847014000.0,0.818,-13400000000.0,7,46439,133800.0,133900.0,8397,5,1,2000,131500.0,134000.0,30430,13,1,400,131000.0,0.0,0,0,1,765,130700.0,0.0,0,0,1,400,130500.0,0.0,0,0,,,,,,,,,,,,,,,,
831325835570803,ثنام,س ساختمانی ب نام آوران مهندسی,2026-10-04T09:27:33+03:30,2399.0,2.96,2384.0,2.32,2330.0,2399.0,2399.0,2399.0,23.0,3603377.0,8644501423.0,2399.0,2261,-24.0,-99.3,4563386,70,سهم,انبوه سازی، املاک و مستغلات,بازار پایه فرابورس,بازار پایه زرد فرابورس,0.0,-24.0,0.0,3311362648.0,,13067163.0,2241.0,2404.0,981.0,2404.0,2026-10-04,7894288552832.0,3603377.0,6,8590450768.0,0.0,0,0.0,873673.0,13,2082836432.0,2729704.0,1,6507614336.0,1431741794.6666667,160218187.0769231,8.936,6507614336.0,1,51605,2399.0,0.0,0,0,2,1040000,2274.0,0.0,0,0,1,22000,2273.0,0.0,0,0,2,993477,2263.0,0.0,0,0,2,56413,2262.0,0.0,0,0,صف خرید,,,,,,,,,,,,,,,
917857106093847,حپارسا,توسعه حمل و نقل ریلی پارسیان,2026-10-04T09:28:18+03:30,22790.0,-2.77,23320.0,-0.51,23440.0,24040.0,22740.0,24040.0,59.0,454481.0,10597045370.0,24140.0,22740,2511.0,9.3,1,60,سهم,حمل ونقل، انبارداری و ارتباطات,بازار فرابورس,بازار اول فرابورس,7.91,2511.0,0.0,1900000000.0,,3222202.0,22200.0,23540.0,4750.0,23540.0,2026-10-04,44308000000000.0,454481.0,37,10598496920.0,0.0,0,0.0,454481.0,19,10598496920.0,0.0,0,0.0,286445862.7027027,557815627.3684211,0.514,0.0,1,3947,23000.0,23390.0,25000,1,2,100300,22800.0,23400.0,29775,1,4,113068,22790.0,23410.0,22302,1,3,39437,22770.0,23420.0,22034,1,1,15000,22760.0,23440.0,43105,2,,,,,,,,,,,,,,,,
935198643420396,طستا8060,اختیارف شستا-3500-1405/08/13,2026-10-04T09:27:17+03:30,287.0,45.69,284.0,44.16,197.0,280.0,280.0,287.0,8.0,341.0,96964000.0,100000.0,1,0.0,,1.0,39,اختیار معامله,,,,,,,,,,,,,,,,341.0,2,96844.0,0.0,0,0.0,341.0,6,96844.0,0.0,0,0.0,48422.0,16140.666666666668,3.0,0.0,2,22,212.0,287.0,102,1,2,55,211.0,288.0,500,1,2,1050,210.0,300.0,1009,2,2,1050,200.0,400.0,400,1,1,500,162.0,0.0,0,0,,,,,,شستا,2400322364771558,3580,3500,1000,1405/05/17,1405/08/13,31,فروش,16954,460530000.0
971068957336171,گارانتی,صندوق تضمین ا.س. گیتی دماوند-م,2026-10-04T09:07:30+03:30,27100.0,1.33,26846.0,0.38,26745.0,26800.0,26775.0,27100.0,19.0,1023025.0,27463887325.0,27547.0,25943,0.0,,1,68,صندوق,صندوق سرمایه گذاری قابل معامله,بازار فرابورس,بازار ابزارهاي نوين مالي فرابورس,1048.65,,0.0,1000000000.0,,30139484.0,26350.0,27000.0,21329.0,27000.0,2026-10-04,26846000000000.0,184286.0,1,4947341956.0,838739.0,1,22516787194.0,838739.0,1,22516787194.0,184286.0,1,4947341956.0,4947341956.0,22516787194.0,0.22,-17569445238.0,2,200,26776.0,27094.0,135506,2,1,161261,26775.0,27100.0,215914,3,1,500000,26750.0,27102.0,400000,2,1,1000000,26700.0,27103.0,400000,2,1,500000,26696.0,27104.0,400000,2,,26931.0,27051.0,2026-10-04T09:16:33+03:30,-0.32,,,,,,,,,,,
1050751214677134,شگامرن,مجتمع پترو صنعت گامرون,2026-10-04T09:25:08+03:30,27700.0,0.4,27630.0,0.14,27590.0,27700.0,27600.0,27700.0,5.0,4615.0,127528400.0,28410.0,26770,288.0,95.9,1,44,سهم,محصولات شیمیایی,بازار فرابورس,بازار نوآفرین - رشد,8.81,288.0,1091.2601,2975000000.0,,116208.0,27490.0,27630.0,16210.0,27980.0,2026-10-04,82199250000000.0,1544.0,2,42660720.0,3071.0,1,84851730.0,3871.0,4,106955730.0,744.0,1,20556720.0,21330360.0,26738932.5,0.798,-64295010.0,2,3641,27600.0,27700.0,9043,2,1,5854,27590.0,27710.0,9658,1,1,1958,27580.0,27720.0,7452,1,3,5874,27570.0,28410.0,10940,2,5,9790,27560.0,0.0,0,0,,,,,,,,,,,,,,,,
1241998328504490,نشان,صندوق س. نشان هامرز-د,2026-10-04T09:23:23+03:30,32297.0,0.13,32296.0,0.13,32255.0,32296.0,32296.0,32297.0,18.0,334829.0,10813747566.0,33222.0,31288,0.0,,1,68,صندوق,صندوق سرمایه گذاری قابل معامله,بازار فرابورس,بازار ابزارهاي نوين مالي فرابورس,1067.75,,0.0,1600000000.0,,81379904.0,32173.0,32256.0,23475.0,32256.0,2026-10-04,51673600000000.0,110182.0,5,3558437872.0,224647.0,1,7255199512.0,224647.0,10,7255199512.0,110182.0,1,3558437872.0,711687574.4000001,725519951.2,0.981,-3696761640.0,100,99775353,32296.0,32297.0,6890675,9,1,1000000,32295.0,32298.0,100000,1,1,1000000,32294.0,32299.0,100000,1,1,1000000,32293.0,32300.0,100000,1,1,1000000,32292.0,32301.0,100000,1,,32268.0,32299.0,2026-10-04T09:18:07+03:30,0.09,,,,,,,,,,,
1301069819790264,تجلی,تجلی توسعه معادن و فلزات,2026-10-04T09:29:44+03:30,2050.0,-1.73,2026.0,-2.88,2086.0,2089.0,2024.0,2089.0,180.0,18492791.0,37464539433.0,2148.0,2024,37.0,54.8,1,13,سهم,استخراج کانه های فلزی,بازار فرابورس,بازار دوم فرابورس,15.72,37.0,0.0,117900000000.0,,83409338.0,1997.0,2146.0,1300.0,2194.0,2026-10-04,238865400000000.0,18192791.0,80,36858594566.0,200000.0,1,405200000.0,18392791.0,43,37263794566.0,0.0,0,0.0,460732432.07500005,866599873.627907,0.532,-405200000.0,1,8041,2028.0,2050.0,920000,1,6,1300000,2027.0,2075.0,15000,2,4,1091585,2026.0,2077.0,400000,1,6,1163029,2025.0,2079.0,578916,3,14,9936303,2024.0,2080.0,816446,4,,,,,,,,,,,,,,,,
1358190916156744,وآذر,سرمایهگذاریتوسعهآذربایجان,2026-10-04T09:29:03+03:30,7260.0,-2.94,7260.0,-2.94,7480.0,7300.0,7260.0,7300.0,59.0,1161829.0,8435689510.0,7700.0,7260,-65.0,-111.7,1,70,سهم,انبوه سازی، املاک و مستغلات,بازار بورس,بازار دوم (تابلوی فرعی) بورس,6.99,-65.0,0.0,1789000000.0,81.0,16911724.0,7440.0,7860.0,3170.0,7860.0,2026-10-04,12988140000000.0,1161829.0,38,8434878540.0,0.0,0,0.0,1161829.0,12,8434878540.0,0.0,0,0.0,221970487.89473686,702906545.0,0.316,0.0,1,1000,6840.0,7260.0,3719844,49,0,0,0.0,7270.0,9503,1,0,0,0.0,7280.0,33574,2,0,0,0.0,7400.0,300000,1,0,0,0.0,7440.0,29653,1,,,,,,,,,,,,,,,,
1438514795814416,یاقوت,صندوق س یاقوت آگاه-ثابت,2026-10-04T09:29:48+03:30,47547.0,0.13,47547.0,0.13,47486.0,47546.0,47546.0,47548.0,2009.0,49059691.0,2332620835224.0,48910.0,46062,0.0,,1,68,صندوق,صندوق سرمایه گذاری قابل معامله,بازار بورس,بازار صندوق های قابل معامله,0.0,,0.0,17000000000.0,,655765502.0,47364.0,47487.0,34622.0,47487.0,2026-10-04,808299000000000.0,22860624.0,833,1086954089328.0,26152042.0,9,1243451140974.0,32658988.0,838,1552836902436.0,16353678.0,3,777568327866.0,1304866853.935174,1853027329.875895,0.704,-465882813108.0,305,300774703,47546.0,47547.0,6125473,65,17,10077923,47545.0,47548.0,26853125,40,10,10000000,47544.0,47549.0,1010100,3,11,10031540,47543.0,47550.0,1094891,4,19,10019000,47542.0,47551.0,1027608,2,,47439.0,47486.0,2026-10-03T15:03:47+03:30,0.23,,,,,,,,,,,
1622165953214595,ضستا9054,اختیارخ شستا-3250-1405/09/11,2026-10-04T09:28:50+03:30,840.0,-6.35,840.0,-6.35,897.0,840.0,840.0,840.0,6.0,331.0,278040000.0,100000.0,1,0.0,,1.0,39,اختیار معامله,,,,,,,,,,,,,,,,331.0,3,278040.0,0.0,0,0.0,331.0,1,278040.0,0.0,0,0.0,92680.0,278040.0,0.333,0.0,1,50,750.0,840.0,669,1,1,100,701.0,899.0,50,1,1,300,700.0,1100.0,200,1,1,6,670.0,1400.0,1000,1,1,10,660.0,1450.0,30,1,,,,,,شستا,2400322364771558,3580,3250,1000,1405/06/14,1405/09/11,59,خرید,30676,1145970000.0
1625149423498289,حسینا,توسعه خدمات دریایی وبندری سینا,2026-10-04T09:29:47+03:30,19300.0,-2.97,19300.0,-2.97,19890.0,19300.0,19300.0,19300.0,223.0,4984779.0,96206234700.0,20480.0,19300,2130.0,9.1,1,60,سهم,حمل ونقل، انبارداری و ارتباطات,بازار فرابورس,بازار اول فرابورس,7.91,2130.0,0.0,8995118000.0,,14531040.0,19200.0,20800.0,8130.0,20800.0,2026-10-04,173605777400000.0,1374473.0,111,26527328900.0,3599806.0,1,69476255800.0,4774279.0,54,92143584700.0,200000.0,2,3860000000.0,238984945.04504505,1706362679.6296296,0.14,-65616255800.0,1,300,18490.0,19300.0,3338574,65,1,1000,18170.0,19500.0,261,1,1,500,15840.0,19660.0,34638,2,1,500,14450.0,19800.0,21912,1,0,0,0.0,19830.0,10000,1,,,,,,,,,,,,,,,,
1647267420136010,طذوب7041,اختیارف ذوب-500-1405/07/22,2026-10-04T09:25:32+03:30,1.0,0.0,1.0,0.0,1.0,1.0,1.0,1.0,1.0,6.0,6000.0,100000.0,1,0.0,,1.0,27,اختیار معامله,,,,,,,,,,,,,,,,6.0,1,6.0,0.0,0,0.0,6.0,1,6.0,0.0,0,0.0,6.0,6.0,1.0,0.0,0,0,0.0,1.0,20997,22,0,0,0.0,2.0,1959,3,0,0,0.0,0.0,0,0,0,0,0.0,0.0,0,0,0,0,0.0,0.0,0,0,صف فروش,,,,,ذوب,71483646978964608,656,500,1000,1405/04/21,1405/07/22,10,فروش,97578,3936000.0
1822787329898392,کلر,کلر پارس,2026-10-04T09:29:39+03:30,12800.0,2.15,12630.0,0.8,12530.0,12180.0,12180.0,12780.0,179.0,5126425.0,64765099370.0,12900.0,12160,1504.0,8.4,1,44,سهم,محصولات شیمیایی,بازار فرابورس,بازار اول فرابورس,8.83,1504.0,3324.4475,7364331440.0,,19833883.0,12360.0,12980.0,5121.0,12980.0,2026-10-04,93011506087200.0,2592290.0,50,32740622700.0,2334135.0,2,29480125050.0,3108399.0,49,39259079370.0,1818026.0,3,22961668380.0,654812454.0,801205701.4285713,0.817,-6518456670.0,4,146265,12770.0,12800.0,87472,5,6,178090,12620.0,12850.0,230359,5,13,1185050,12610.0,12860.0,600,1,19,1892318,12600.0,12880.0,17000,3,2,200000,12480.0,12890.0,208000,3,,,,,,,,,,,,,,,,
1825060609227181,تکپاد,صندوق س. مشترک آریان-س,2026-10-04T09:29:36+03:30,34901.0,-0.59,34647.0,-1.31,35107.0,34760.0,34392.0,34999.0,168.0,19907255.0,689732222408.0,36160.0,34054,0.0,,1,68,صندوق,صندوق سرمایه گذاری قابل معامله,بازار فرابورس,بازار ابزارهاي نوين مالي فرابورس,1048.63,,0.0,1500000000.0,,92104691.0,33681.0,35490.0,13570.0,35490.0,2026-10-04,51970500000000.0,18797597.0,58,651280343259.0,951837.0,4,32978296539.0,3053791.0,31,105804696777.0,16695643.0,3,578453943021.0,11228971435.5,3413054734.7419357,3.29,545475646482.0,2,1002942,34900.0,34955.0,186067,1,1,1000000,34890.0,34960.0,15000,1,1,1000000,34880.0,34990.0,346101,1,1,1000000,34870.0,34998.0,4157,1,1,1000000,34860.0,35000.0,200000,1,,35014.0,35333.0,2026-10-04T09:17:19+03:30,-1.05,,,,,,,,,,,
1910559175389217,ضتاص9026,اختیارخ تاصیکو-31520-05/09/04,2026-10-04T09:28:23+03:30,11480.0,-0.94,11131.0,-3.95,11589.0,13600.0,11000.0,13600.0,8.0,91.0,1012936000.0,100000.0,1,0.0,,1.0,13,اختیار معامله,,,,,,,,,,,,,,,,91.0,7,1012921.0,0.0,0,0.0,32.0,3,356192.0,59.0,1,656729.0,144703.0,118730.66666666666,1.219,656729.0,3,16,10855.0,11480.0,5,2,1,2,10844.0,11490.0,30,1,1,1,10843.0,11890.0,10,1,2,2,10842.0,11995.0,90,1,1,32,10841.0,12499.0,1,1,,,,,,تاصیکو,23293437377896568,37890,31520,1000,1405/06/28,1405/09/04,52,خرید,1646,2614410000.0
2019449432639594,پتروداریوش,صندوق س. بخشی داریوش1-ب,2026-10-04T09:29:45+03:30,29003.0,-2.39,29259.0,-1.53,29714.0,29120.0,29000.0,29714.0,175.0,1222694.0,35774866637.0,30605.0,28823,0.0,,1,68,صندوق,صندوق سرمایه گذاری قابل معامله,بازار فرابورس,بازار ابزارهاي نوين مالي فرابورس,1048.6,,0.0,1000000000.0,,15779010.0,28199.0,30143.0,12950.0,30143.0,2026-10-04,29259000000000.0,556910.0,52,16294629690.0,660754.0,1,19333001286.0,1217664.0,79,35627630976.0,0.0,0,0.0,313358263.2692307,450982670.58227843,0.695,-19333001286.0,1,1114,29002.0,29003.0,5950,1,1,500,29001.0,29100.0,2320,1,2,100150,29000.0,29101.0,3885,1,1,100000,28950.0,29201.0,77477,9,6,129000,28900.0,29202.0,262391,1,,29774.0,30072.0,2026-10-04T09:17:48+03:30,-1.73,,,,,,,,,,,
2160777579058191,وفیروزه,گروه توسعه مالی فیروزه,2026-10-04T09:29:41+03:30,5260.0,0.57,5220.0,-0.19,5230.0,5340.0,5160.0,5340.0,575.0,3952571.0,20629828260.0,5380.0,5080,451.0,11.6,1,56,سهم,سرمایه گذاریها,بازار بورس,بازار دوم (تابلوی اصلی) بورس,7.53,451.0,0.0,18000000000.0,22.0,36380594.0,5070.0,5370.0,2777.0,5680.0,2026-10-04,93960000000000.0,2883571.0,72,15052240620.0,1064000.0,1,5554080000.0,3587571.0,444,18727120620.0,360000.0,1,1879200000.0,209058897.49999997,42178199.5945946,4.957,-3674880000.0,1,31041,5300.0,5320.0,185885,6,30,525505,5260.0,5330.0,41920,9,5,322143,5230.0,5340.0,1180236,13,2,20000,5220.0,5350.0,280102,7,1,360000,5190.0,5360.0,365874,17,,,,,,,,,,,,,,,,
2161110547458064,سپیدما,صندوق س. سپید دماوند-د,2026-10-04T09:27:59+03:30,36070.0,0.12,36070.0,0.12,36027.0,36070.0,36070.0,36071.0,8.0,296378.0,10690389062.0,37107.0,34947,0.0,,1,68,صندوق,صندوق سرمایه گذاری قابل معامله,بازار فرابورس,بازار ابزارهاي نوين مالي فرابورس,1067.75,,0.0,15000000000.0,,115854621.0,35935.0,36028.0,26905.0,36028.0,2026-10-04,541050000000000.0,34602.0,2,1248094140.0,261776.0,1,9442260320.0,261776.0,6,9442260320.0,34602.0,1,1248094140.0,624047070.0,1573710053.3333335,0.397,-8194166180.0,3,499738224,36070.0,36071.0,29965398,1,1,1000000,36069.0,36072.0,250000,1,1,1000000,36068.0,36073.0,250000,1,1,1000000,36067.0,36074.0,250000,1,1,1000000,36066.0,36075.0,250000,1,,36000.0,36041.0,2026-10-04T09:17:52+03:30,0.19,,,,,,,,,,,
2318736941376687,خصدرا,صنعتی دریایی ایران,2026-10-04T09:29:29+03:30,2813.0,2.96,2760.0,1.02,2732.0,2813.0,2813.0,2813.0,74.0,5400690.0,15192140970.0,2813.0,2651,191.0,14.5,15666458,45,سهم,پیمانکاری صنعتی,بازار پایه فرابورس,بازار پایه زرد فرابورس,0.0,191.0,0.0,26221057000.0,,9936998.0,2576.0,2732.0,1554.0,2732.0,2026-10-04,72370117320000.0,5400690.0,7,14905904400.0,0.0,0,0.0,5400690.0,64,14905904400.0,0.0,0,0.0,2129414914.2857141,232904756.25,9.143,0.0,265,138004405,2813.0,0.0,0,0,2,318646,2750.0,0.0,0,0,1,25000,2735.0,0.0,0,0,1,21000,2733.0,0.0,0,0,11,1074520,2732.0,0.0,0,0,صف خرید,,,,,,,,,,,,,,,
2328862017676109,وسپه,سرمایهگذاری سپه,2026-10-04T09:29:41+03:30,7480.0,-2.86,7470.0,-2.99,7700.0,7780.0,7470.0,7780.0,723.0,15555236.0,116259605880.0,7930.0,7470,1251.0,6.0,1,56,سهم,سرمایه گذاریها,بازار بورس,بازار اول (تابلوی اصلی) بورس,7.59,1251.0,0.0,51700000000.0,25.0,57852279.0,7640.0,8050.0,4090.0,8050.0,2026-10-04,386199000000000.0,15509871.0,409,115858736370.0,0.0,0,0.0,15509871.0,128,115858736370.0,0.0,0,0.0,283273194.0586797,905146377.890625,0.313,0.0,4,37692,7490.0,7590.0,116000,2,2,23827,7480.0,7600.0,410865,4,22,538149,7470.0,7610.0,61159,2,1,5000,7350.0,7640.0,100587,4,2,10730,6940.0,7690.0,100000,1,,,,,,,,,,,,,,,,
2362491091971813,وتوسمح,ح . سرمایهگذاریتوسعهملی,2026-10-04T09:29:14+03:30,3190.0,0.0,3190.0,0.0,3190.0,3200.0,3130.0,3200.0,48.0,1719499.0,5476667920.0,3280.0,3100,0.0,,1,56,سهم,سرمایه گذاریها,بازار بورس,بازار دوم (تابلوی اصلی) بورس,7.53,,0.0,5500000000.0,,8453371.0,3190.0,3430.0,3190.0,3510.0,2026-10-04,17545000000000.0,1719499.0,8,5485201810.0,0.0,0,0.0,595172.0,30,1898598680.0,1124327.0,1,3586603130.0,685650226.25,63286622.666666664,10.834,3586603130.0,6,83479,3130.0,3190.0,75734,2,2,114601,3120.0,3200.0,55800,6,7,435202,3110.0,3230.0,10731,1,22,2196967,3100.0,3240.0,237527,3,0,0,0.0,3250.0,170064,6,,,,,,,,,,,,,,,,
2400322364771558,شستا,سرمایه گذاری تامین اجتماعی,2026-10-04T09:29:49+03:30,3660.0,0.0,3580.0,-2.19,3660.0,3630.0,3560.0,3680.0,6822.0,620285680.0,2221255895140.0,3760.0,3560,224.0,16.0,1,39,سهم,شرکتهای چند رشته ای صنعتی,بازار بورس,بازار اول (تابلوی فرعی) بورس,11.47,224.0,0.0,1636013456000.0,13.0,1621067163.0,3500.0,3830.0,1230.0,3830.0,2026-10-04,5856928172480000.0,189021284.0,1494,676696196720.0,428126473.0,17,1532692773340.0,296745337.0,945,1062348306460.0,320402420.0,15,1147040663600.0,452942568.0856761,1124178102.074074,0.403,-385652109740.0,5,721611,3660.0,3670.0,2723808,17,13,2491616,3650.0,3680.0,1944731,15,1,765932,3640.0,3690.0,1946250,17,5,272189,3630.0,3700.0,2135534,35,6,117601,3620.0,3710.0,4920498,20,,,,,,,,,,,,,,,,
2434703913394836,غدشت,دشت مرغاب,2026-10-04T09:27:49+03:30,4380.0,2.82,4370.0,2.58,4260.0,4370.0,4300.0,4380.0,163.0,10787478.0,47179733870.0,4380.0,4140,589.0,7.4,1,42,سهم,محصولات غذایی و آشامیدنی به جز قند و شکر,بازار بورس,بازار دوم (تابلوی فرعی) بورس,9.48,589.0,4910.855,4820000000.0,39.0,26306198.0,3900.0,4260.0,2333.0,4290.0,2026-10-04,21063400000000.0,7787478.0,43,34031278860.0,3000000.0,1,13110000000.0,9419998.0,75,41165391260.0,1367480.0,2,5975887600.0,791425089.7674419,548871883.4666667,1.442,-7134112400.0,105,18996530,4380.0,0.0,0,0,1,10000,4370.0,0.0,0,0,6,426838,4300.0,0.0,0,0,3,602000,4290.0,0.0,0,0,3,119309,4260.0,0.0,0,0,صف خرید,,,,,,,,,,,,,,,
2589887561569709,خزامیا,زامیاد,2026-10-04T09:29:49+03:30,1746.0,0.23,1698.0,-2.53,1742.0,1700.0,1690.0,1747.0,2089.0,350026561.0,594312390901.0,1794.0,1690,85.0,20.0,1,34,سهم,خودرو و ساخت قطعات,بازار بورس,بازار اول (تابلوی فرعی) بورس,-23.79,85.0,4552.5767,91851439850.0,46.0,850742688.0,1716.0,1800.0,975.0,2060.0,2026-10-04,155963744865300.0,297254689.0,758,504738461922.0,51101253.0,4,86769927594.0,348355942.0,449,591508389516.0,0.0,0,0.0,665881875.8865435,1317390622.5300667,0.505,-86769927594.0,2,527309,1745.0,1746.0,1481191,2,1,1000000,1743.0,1747.0,51090,3,9,1294194,1742.0,1748.0,461359,17,1,537253,1741.0,1749.0,4133983,9,3,147500,1740.0,1750.0,2497151,7,,,,,,,,,,,,,,,,
2689873176615134,ضخود8054,اختیارخ خودرو-380-1405/08/06,2026-10-04T09:19:23+03:30,330.0,0.3,331.0,0.61,329.0,331.0,330.0,331.0,3.0,986.0,326316000.0,100000.0,1,0.0,,1.0,34,اختیار معامله,,,,,,,,,,,,,,,,936.0,1,309816.0,50.0,1,16550.0,50.0,1,16550.0,936.0,1,309816.0,309816.0,16550.0,18.72,293266.0,1,1000,303.0,355.0,4,1,1,500,301.0,361.0,998,1,1,1000,300.0,455.0,150,2,1,20,281.0,0.0,0,0,1,30,280.0,0.0,0,0,,,,,,خودرو,65883838195688438,716,380,1000,1405/05/10,1405/08/06,24,خرید,10075,696116000.0
2707109347053616,ضذوب7042,اختیارخ ذوب-550-1405/07/22,2026-10-04T09:29:49+03:30,123.0,-5.38,116.0,-10.77,130.0,122.0,104.0,125.0,211.0,73875.0,8575377000.0,100000.0,1,0.0,,1.0,27,اختیار معامله,,,,,,,,,,,,,,,,65542.0,40,7602872.0,2533.0,1,293828.0,67595.0,28,7841020.0,480.0,1,55680.0,190071.8,280036.4285714285,0.679,-238148.0,2,1400,125.0,127.0,500,1,1,1000,124.0,128.0,1000,1,5,3375,123.0,129.0,422,1,1,807,122.0,130.0,829,1,2,2000,121.0,135.0,500,1,,,,,,ذوب,71483646978964608,656,550,1000,1405/04/21,1405/07/22,10,خرید,3376923,27863600000.0
2749142817491119,طملت8080,اختیارف وبملت-2000-1405/08/20,2026-10-04T09:26:41+03:30,500.0,-10.07,500.0,-10.07,556.0,500.0,500.0,500.0,1.0,50.0,25000000.0,100000.0,1,0.0,,1.0,57,اختیار معامله,,,,,,,,,,,,,,,,50.0,1,25000.0,0.0,0,0.0,50.0,1,25000.0,0.0,0,0.0,25000.0,25000.0,1.0,0.0,1,100,400.0,550.0,50,1,1,10,350.0,580.0,1,1,1,10,300.0,600.0,10,1,1,10,250.0,700.0,100,1,1,1000,211.0,1000.0,100,1,,,,,,وبملت,778253364357513,1459,2000,1000,1405/05/24,1405/08/20,38,فروش,1143,72950000.0
2846944294272755,ضدرو7008,اختیارخ دارونو-46000-05/07/15,2026-10-04T09:26:27+03:30,51.0,-90.76,21.0,-96.2,552.0,100.0,11.0,100.0,62.0,14864.0,310609000.0,500000.0,1,0.0,,1,68,اختیار معامله,صندوق سرمایه گذاری قابل معامله,بازار مشتقه,-',0.0,,0.0,1000.0,,832.0,319.0,1298.0,300.0,1298.0,2026-10-01,21000.0,9568.0,9,200928.0,5296.0,2,111216.0,14579.0,16,306159.0,285.0,2,5985.0,22325.333333333332,19134.9375,1.167,-105231.0,1,19,30.0,69.0,886,1,1,9,28.0,70.0,400,2,1,8,20.0,99.0,2000,2,1,500,15.0,100.0,1597,4,1,1000,13.0,386.0,113,1,,,,,,دارونو,34074071043606558,41987,46000,1000,1405/06/14,1405/07/15,3,خرید,13347,623931264000.0
2944500421562364,وتوصا,گروه س توسعه صنعتی ایران,2026-10-04T09:29:40+03:30,3100.0,0.98,3060.0,-0.33,3070.0,3110.0,3000.0,3110.0,108.0,3724905.0,11393459270.0,3160.0,2980,642.0,4.8,1,56,سهم,سرمایه گذاریها,بازار بورس,بازار اول (تابلوی اصلی) بورس,7.53,642.0,0.0,35000000000.0,44.0,23677499.0,3010.0,3190.0,1426.0,3410.0,2026-10-04,107100000000000.0,3227575.0,33,9876379500.0,446330.0,2,1365769800.0,3403455.0,50,10414572300.0,270450.0,1,827577000.0,299284227.27272725,208291446.00000003,1.437,-538192800.0,1,21000,3080.0,3110.0,502602,3,2,15805,3070.0,3120.0,109999,2,10,86315,3050.0,3130.0,80000,2,6,551338,3040.0,3140.0,310881,6,7,619939,3030.0,3150.0,886548,10,,,,,,,,,,,,,,,,
2946359739697734,ضتاص9020,اختیارخ تاصیکو-19520-05/09/04,2026-10-04T09:29:33+03:30,21900.0,2.93,21892.0,2.89,21277.0,21500.0,21500.0,21899.0,5.0,107.0,2342476000.0,100000.0,1,0.0,,1.0,13,اختیار معامله,,,,,,,,,,,,,,,,107.0,2,2342444.0,0.0,0,0.0,107.0,5,2342444.0,0.0,0,0.0,1171222.0,468488.8,2.5,0.0,2,53,19500.0,21900.0,19,1,2,96,19300.0,22999.0,65,1,1,10,19290.0,23000.0,1,1,1,5,19200.0,27883.0,100,1,1,1,19100.0,37510.0,16,1,,,,,,تاصیکو,23293437377896568,37890,19520,1000,1405/05/10,1405/09/04,52,خرید,7153,985140000.0
2953410176343075,طستا8061,اختیارف شستا-3750-1405/08/13,2026-10-04T09:28:26+03:30,380.0,10.47,390.0,13.37,344.0,400.0,371.0,430.0,36.0,6483.0,2530850000.0,100000.0,1,0.0,,1.0,39,اختیار معامله,,,,,,,,,,,,,,,,6483.0,12,2528370.0,0.0,0,0.0,6483.0,17,2528370.0,0.0,0,0.0,210697.5,148727.64705882352,1.417,0.0,1,1,385.0,390.0,30,1,3,781,375.0,393.0,49,2,2,301,320.0,394.0,49,1,3,521,310.0,398.0,200,1,2,21,300.0,399.0,20,1,,,,,,شستا,2400322364771558,3580,3750,1000,1405/05/17,1405/08/13,31,فروش,40826,19324410000.0
3009914571888730,ضدرو7005,اختیارخ دارونو-34000-05/07/15,2026-10-04T09:29:45+03:30,8384.0,-8.59,8200.0,-10.6,9172.0,4330.0,4330.0,8556.0,27.0,356.0,2919065000.0,500000.0,1,0.0,,1,68,اختیار معامله,صندوق سرمایه گذاری قابل معامله,بازار مشتقه,-',0.0,,0.0,1000.0,,3313.0,6000.0,10028.0,2389.0,15000.0,2026-10-01,8200000.0,113.0,3,926600.0,228.0,1,1869600.0,314.0,15,2574800.0,27.0,1,221400.0,308866.6666666666,171653.33333333334,1.799,-1648200.0,1,2,8384.0,8500.0,6,1,1,38,8375.0,8576.0,113,1,1,89,8350.0,8592.0,100,1,1,100,8260.0,8599.0,150,1,1,1,8250.0,8600.0,95,2,,,,,,دارونو,34074071043606558,41987,34000,1000,1405/06/14,1405/07/15,3,خرید,12788,13390663000.0
3050342257199174,قنقش,قند نقش جهان,2026-10-04T09:27:03+03:30,1957.0,-2.05,1981.0,-0.85,1998.0,1970.0,1955.0,2019.0,20.0,1472736.0,2916786385.0,2057.0,1939,-31.0,-63.9,1,38,سهم,قند و شکر,بازار پایه فرابورس,بازار پایه زرد فرابورس,0.0,-31.0,3618.805,7832288000.0,,26193818.0,1951.0,2053.0,1230.0,2379.0,2026-10-04,15515762528000.0,692534.0,8,1371909854.0,780202.0,1,1545580162.0,1282724.0,12,2541076244.0,190012.0,1,376413772.0,171488731.75,211756353.6666667,0.81,-1169166390.0,3,266710,1957.0,1979.0,1533,1,1,52187,1955.0,1980.0,100000,1,1,50000,1954.0,1989.0,2554,1,1,89010,1953.0,1990.0,50000,1,1,200000,1943.0,1995.0,100000,1,,,,,,,,,,,,,,,,
3075925484903295,ضصاد7044,اختیارخ وبصادر-800-1405/07/22,2026-10-04T09:23:06+03:30,118.0,-13.87,113.0,-17.52,137.0,113.0,113.0,118.0,2.0,1000.0,113500000.0,100000.0,1,0.0,,1.0,57,اختیار معامله,,,,,,,,,,,,,,,,1000.0,2,113000.0,0.0,0,0.0,1000.0,2,113000.0,0.0,0,0.0,56500.0,56500.0,1.0,0.0,1,100,119.0,131.0,67,1,1,200,118.0,132.0,100,1,2,1026,117.0,137.0,100,1,2,1010,115.0,139.0,100,1,1,100,113.0,142.0,50,1,,,,,,وبصادر,28320293733348826,909,800,1000,1405/03/23,1405/07/22,10,خرید,573896,908000000.0
3149396562827132,وایران,لیزینگ ایرانیان,2026-10-04T09:29:40+03:30,4940.0,-1.0,4880.0,-2.2,4990.0,4890.0,4850.0,5000.0,120.0,2374810.0,11597205670.0,5130.0,4850,200.0,24.4,1,58,سهم,سایر واسطه گریهای مالی,بازار بورس,بازار دوم (تابلوی اصلی) بورس,10.86,200.0,0.0,2130000000.0,54.0,15003387.0,4870.0,5160.0,3360.0,10690.0,2026-10-04,10394400000000.0,2334810.0,52,11393872800.0,0.0,0,0.0,2334810.0,23,11393872800.0,0.0,0,0.0,219112938.46153843,495385773.9130435,0.442,0.0,1,1200,4930.0,4950.0,10872,1,2,105000,4890.0,4980.0,256793,1,2,250969,4880.0,4990.0,5000,1,2,42000,4870.0,5010.0,30000,1,5,30148,4860.0,5020.0,337605,3,,,,,,,,,,,,,,,,
3171997938225783,ضذوب8027,اختیارخ ذوب-450-1405/08/20,2026-10-04T09:23:55+03:30,230.0,-0.43,230.0,-0.43,231.0,230.0,230.0,230.0,1.0,3.0,690000.0,100000.0,1,0.0,,1.0,27,اختیار معامله,,,,,,,,,,,,,,,,3.0,1,690.0,0.0,0,0.0,3.0,1,690.0,0.0,0,0.0,690.0,690.0,1.0,0.0,1,953,202.0,230.0,19,1,1,1000,201.0,250.0,315,2,1,967,200.0,0.0,0,0,1,12,170.0,0.0,0,0,1,200,156.0,0.0,0,0,,,,,,ذوب,71483646978964608,656,450,1000,1405/05/24,1405/08/20,38,خرید,148756,1968000.0
3173544097113770,شستان,پتروشیمی شهید رئیسی گلستان,2026-10-04T09:28:15+03:30,1910.0,-2.65,1912.0,-2.55,1962.0,1906.0,1906.0,1955.0,23.0,849086.0,1623100368.0,2020.0,1904,7.0,273.1,1,44,سهم,محصولات شیمیایی,بازار پایه فرابورس,بازار پایه زرد فرابورس,0.0,7.0,0.0,5000000000.0,,17580788.0,1902.0,2015.0,1162.0,2015.0,2026-10-04,9560000000000.0,849086.0,8,1623452432.0,0.0,0,0.0,849086.0,15,1623452432.0,0.0,0,0.0,202931554.0,108230162.13333333,1.875,0.0,2,102987,1910.0,1930.0,8642,1,2,150000,1906.0,1940.0,7809,2,3,352949,1905.0,1948.0,40000,2,5,136588,1904.0,1949.0,1000000,1,0,0,0.0,1950.0,182508,2,,,,,,,,,,,,,,,,
3212106468768648,ضبساما927,اختیارخ بساما-12000-14050929,2026-10-04T09:25:46+03:30,1750.0,-15.21,1750.0,-15.21,2064.0,1750.0,1750.0,1750.0,1.0,20.0,35000000.0,1000000.0,1,0.0,,1.0,66,اختیار معامله,,,,,,,,,,,,,,,,20.0,1,35000.0,0.0,0,0.0,20.0,1,35000.0,0.0,0,0.0,35000.0,35000.0,1.0,0.0,1,675,1720.0,2000.0,20,1,1,20,1710.0,2100.0,30,1,1,15,1682.0,2240.0,200,1,1,20,1310.0,2300.0,48,1,1,50,1300.0,2550.0,50,1,,,,,,بساما,41625340598198551,15090,12000,1000,1405/06/15,1405/09/29,77,خرید,28653,301600000.0
3407806799514469,شاروم,پتروشیمی ارومیه,2026-10-04T09:29:49+03:30,14900.0,-2.42,14840.0,-2.82,15270.0,15180.0,14820.0,15180.0,482.0,3022885.0,44860671850.0,15720.0,14820,1318.0,11.3,1,44,سهم,محصولات شیمیایی,بازار فرابورس,بازار دوم فرابورس,8.83,1318.0,21212.324,2000000000.0,,10709053.0,14900.0,16050.0,6040.0,17330.0,2026-10-04,29680000000000.0,3018753.0,175,44798294520.0,2000.0,1,29680000.0,3020419.0,222,44823017960.0,334.0,1,4956560.0,255990254.39999998,201905486.3063063,1.268,-24723440.0,2,14778,14900.0,14950.0,88025,1,1,29646,14890.0,14960.0,45,1,4,35235,14880.0,14970.0,884,2,2,7500,14870.0,14980.0,129,3,4,21753,14860.0,14990.0,2500,1,,,,,,,,,,,,,,,,
3492952121304423,غدیس,پاکدیس,2026-10-04T09:29:38+03:30,13930.0,2.88,13910.0,2.73,13540.0,13760.0,13680.0,13940.0,232.0,3940805.0,54804732320.0,13940.0,13140,1819.0,7.6,1,42,سهم,محصولات غذایی و آشامیدنی به جز قند و شکر,بازار فرابورس,بازار اول فرابورس,7.73,1819.0,13212.506,5000000000.0,,10789499.0,12490.0,13570.0,10970.0,49570.0,2026-10-04,69550000000000.0,3701611.0,57,51489409010.0,238427.0,2,3316519570.0,3220902.0,89,44802746820.0,719136.0,3,10003181760.0,903322965.0877193,503401649.66292137,1.794,6686662190.0,7,162362,13930.0,13940.0,171660,3,4,12318,13900.0,0.0,0,0,2,6540,13890.0,0.0,0,0,4,11726,13880.0,0.0,0,0,4,5177,13870.0,0.0,0,0,,,,,,,,,,,,,,,,
3493306453706327,شوینده,مدیریت صنعت شوینده ت.ص.بهشهر,2026-10-04T09:29:48+03:30,46030.0,1.25,46700.0,2.73,45460.0,46820.0,44450.0,46820.0,259.0,2296104.0,107222494820.0,46820.0,44100,1772.0,26.4,1,44,سهم,محصولات شیمیایی,بازار بورس,بازار اول (تابلوی فرعی) بورس,10.13,1772.0,0.0,1000000000.0,21.0,3255885.0,41390.0,46290.0,17250.0,48510.0,2026-10-04,46700000000000.0,365904.0,42,17087716800.0,1930000.0,4,90131000000.0,2050904.0,70,95777216800.0,245000.0,1,11441500000.0,406850400.0,1368245954.2857144,0.297,-78689500000.0,1,27617,46020.0,46030.0,192,1,1,3069,46010.0,46200.0,5213,1,1,1410,46000.0,46700.0,3222,2,1,1000,45750.0,46750.0,950,1,3,6800,45450.0,46800.0,44071,2,,,,,,,,,,,,,,,,
3542690854557886,کیا,کیا الکترود شرق,2026-10-04T09:27:35+03:30,11120.0,-1.51,11580.0,2.57,11290.0,11620.0,11110.0,11620.0,58.0,1263060.0,14629951690.0,11620.0,10960,262.0,44.2,1,28,سهم,ساخت محصولات فلزی,بازار فرابورس,بازار نوآفرین - رشد,6.71,262.0,1678.6167,600000000.0,,2681294.0,10600.0,11290.0,6480.0,11290.0,2026-10-04,6948000000000.0,1263060.0,12,14626234800.0,0.0,0,0.0,1263060.0,18,14626234800.0,0.0,0,0.0,1218852900.0,812568600.0,1.5,0.0,1,22814,11130.0,11290.0,14500,1,2,19334,11120.0,11570.0,112839,2,2,2181,11110.0,11580.0,3000,1,2,28100,11010.0,11590.0,60000,1,1,1000,11000.0,11600.0,110000,2,,,,,,,,,,,,,,,,
3601271742898640,طهرم7054,اختیارف اهرم-28000-1405/07/29,2026-10-04T09:19:45+03:30,29.0,-25.64,29.0,-25.64,39.0,29.0,29.0,29.0,1.0,1.0,29000.0,500000.0,1,0.0,,1,68,اختیار معامله,صندوق سرمایه گذاری قابل معامله,بازار مشتقه,-',0.0,,0.0,1000.0,,107.0,7.0,39.0,7.0,980.0,2026-10-01,29000.0,1.0,1,29.0,0.0,0,0.0,1.0,1,29.0,0.0,0,0.0,29.0,29.0,1.0,0.0,2,137,6.0,29.0,4,1,1,1000,5.0,39.0,82,1,1,1000,4.0,69.0,15,1,1,1000,3.0,82.0,5,1,3,3000,2.0,100.0,60,1,,,,,,اهرم,17914401175772326,72311,28000,1000,1405/05/03,1405/07/29,17,فروش,1082,71646000.0
3623921205367364,کدما,معدنی دماوند,2026-10-04T09:29:35+03:30,86200.0,-2.31,85630.0,-2.96,88240.0,85820.0,85600.0,86500.0,361.0,581107.0,49760531680.0,90880.0,85600,6657.0,12.9,1,13,سهم,استخراج کانه های فلزی,بازار بورس,بازار دوم (تابلوی اصلی) بورس,15.5,6657.0,14570.592,250000000.0,51.0,1937421.0,87380.0,92350.0,35910.0,99130.0,2026-10-04,21407500000000.0,571107.0,186,48903892410.0,10000.0,1,856300000.0,581107.0,98,49760192410.0,0.0,0,0.0,262924152.7419355,507757065.40816325,0.518,-856300000.0,3,246,85730.0,86200.0,2671,1,1,2000,85620.0,86500.0,24037,8,2,2935,85610.0,87790.0,2000,1,11,33352,85600.0,87850.0,158,2,1,59,85100.0,88030.0,200,1,,,,,,,,,,,,,,,,
3654864906585643,تکنو,تکنوتار,2026-10-04T09:29:23+03:30,4070.0,-1.93,4060.0,-2.17,4150.0,4160.0,4030.0,4190.0,346.0,7152576.0,29059316140.0,4270.0,4030,154.0,26.4,1,29,سهم,ماشین آلات و تجهیزات,بازار بورس,بازار دوم (تابلوی فرعی) بورس,5.45,154.0,821.01276,2554450000.0,37.0,47517095.0,4010.0,4220.0,1724.0,9190.0,2026-10-04,10371067000000.0,6960576.0,165,28259938560.0,192000.0,1,779520000.0,7152576.0,69,29039458560.0,0.0,0,0.0,171272354.9090909,420861718.26086956,0.407,-779520000.0,1,20765,4080.0,4090.0,21837,1,3,154982,4070.0,4100.0,5000,1,6,304111,4060.0,4110.0,337978,4,1,1240,4050.0,4120.0,69085,4,7,91406,4040.0,4140.0,121000,2,,,,,,,,,,,,,,,,
3722699128879020,حتاید,تایدواترخاورمیانه,2026-10-04T09:29:45+03:30,8110.0,-2.29,8070.0,-2.77,8300.0,8070.0,8060.0,8260.0,351.0,10022926.0,80869129900.0,8540.0,8060,1376.0,5.9,1,60,سهم,حمل ونقل، انبارداری و ارتباطات,بازار بورس,بازار اول (تابلوی اصلی) بورس,18.12,1376.0,0.0,22000000000.0,34.0,44524724.0,8290.0,8840.0,5610.0,10720.0,2026-10-04,177540000000000.0,9434190.0,192,76133913300.0,569399.0,1,4595049930.0,5434562.0,65,43856915340.0,4569027.0,3,36872047890.0,396530798.4375,674721774.4615386,0.588,32276997960.0,2,28563,8100.0,8110.0,268302,1,1,10000,8080.0,8170.0,11974,1,4,26977,8070.0,8190.0,2352,1,10,334136,8060.0,8240.0,6100,1,0,0,0.0,8250.0,36000,3,,,,,,,,,,,,,,,,
3839324986781871,تپسی,پیشگامان فن آوری و دانش آرامیس,2026-10-04T09:19:04+03:30,26640.0,1.18,26640.0,1.18,26330.0,26640.0,26640.0,26640.0,6.0,110448.0,2942334720.0,26640.0,26020,-1549.0,-17.2,1,72,سهم,رایانه و فعالیتهای وابسته به آن,بازار فرابورس,بازار دوم فرابورس,9.48,-1549.0,2279.2732,2462566989.0,,2096269.0,25720.0,26330.0,11720.0,26330.0,2026-10-04,65602784586960.0,110448.0,2,2942334720.0,0.0,0,0.0,10448.0,4,278334720.0,100000.0,1,2664000000.0,1471167360.0,69583680.0,21.142,2664000000.0,265,21352911,26640.0,0.0,0,0,4,22115,26020.0,0.0,0,0,1,1000,25720.0,0.0,0,0,1,4500,23130.0,0.0,0,0,2,789,18530.0,0.0,0,0,صف خرید,,,,,,,,,,,,,,,
3846143218462419,افران,صندوق س افرا نماد پایدار-ثابت,2026-10-04T09:29:48+03:30,54564.0,0.14,54563.0,0.13,54490.0,54563.0,54563.0,54564.0,2343.0,44161842.0,2409611993626.0,56124.0,52856,0.0,,1,68,صندوق,صندوق سرمایه گذاری قابل معامله,بازار بورس,بازار صندوق های قابل معامله,0.0,,0.0,8540000000.0,,333770708.0,54346.0,54491.0,39400.0,54491.0,2026-10-04,465968020000000.0,19645972.0,614,1071943170236.0,24041073.0,6,1311753066099.0,37211895.0,1266,2030392626885.0,6475150.0,6,353303609450.0,1745835782.1433225,1603785645.248815,1.089,-958449456649.0,6,243997207,54563.0,54564.0,19438350,120,5,1096057,54562.0,54565.0,206336,6,2,1073250,54561.0,54566.0,115500,3,6,1145954,54560.0,54567.0,200138,3,1,1000000,54559.0,54568.0,200000,2,,56283.0,56346.0,2026-10-04T09:17:28+03:30,-3.06,,,,,,,,,,,
3863538898378476,ثمسکن,سرمایهگذاری مسکن,2026-10-04T09:29:06+03:30,3410.0,-1.45,3410.0,-1.45,3460.0,3500.0,3370.0,3500.0,138.0,5233634.0,17831295710.0,3560.0,3360,226.0,15.1,1,70,سهم,انبوه سازی، املاک و مستغلات,بازار بورس,بازار دوم (تابلوی فرعی) بورس,6.99,226.0,0.0,15800000000.0,29.0,88288036.0,3220.0,3550.0,1557.0,3550.0,2026-10-04,53878000000000.0,5233634.0,55,17846691940.0,0.0,0,0.0,5233634.0,55,17846691940.0,0.0,0,0.0,324485308.0,324485308.0,1.0,0.0,4,21991,3400.0,3410.0,131296,1,2,6500,3390.0,3420.0,285539,3,8,733154,3380.0,3430.0,613637,7,9,81425,3370.0,3450.0,5000,1,27,1004715,3360.0,3470.0,7500,1,,,,,,,,,,,,,,,,
3877510944998404,طستا7061,اختیارف شستا-3000-1405/07/15,2026-10-04T09:28:30+03:30,1.0,-50.0,1.0,-50.0,2.0,1.0,1.0,2.0,174.0,61945.0,61952000.0,100000.0,1,0.0,,1.0,39,اختیار معامله,,,,,,,,,,,,,,,,54714.0,9,54714.0,7231.0,1,7231.0,61945.0,16,61945.0,0.0,0,0.0,6079.333333333333,3871.5625,1.57,-7231.0,0,0,0.0,1.0,5358,6,0,0,0.0,2.0,148878,151,0,0,0.0,3.0,66142,68,0,0,0.0,4.0,3000,3,0,0,0.0,5.0,2000,2,صف فروش,,,,,شستا,2400322364771558,3580,3000,1000,1405/04/10,1405/07/15,3,فروش,3525064,179426020000.0
3927545069816217,سپینود,صندوق س.سهامی سپینود-س,2026-10-04T09:21:28+03:30,30491.0,-3.0,30491.0,-3.0,31434.0,30491.0,30491.0,30491.0,1.0,14894.0,454132954.0,32377.0,30491,0.0,,1,68,صندوق,صندوق سرمایه گذاری قابل معامله,بازار فرابورس,بازار ابزارهاي نوين مالي فرابورس,1068.39,,0.0,100000000.0,,50754.0,31523.0,32500.0,13600.0,32500.0,2026-10-03,3049100000000.0,14894.0,1,454132954.0,0.0,0,0.0,14894.0,1,454132954.0,0.0,0,0.0,454132954.0,454132954.0,1.0,0.0,1,1783,30491.0,32348.0,3031,2,0,0,0.0,32349.0,10035,2,0,0,0.0,32377.0,340,1,0,0,0.0,33471.0,4190,1,0,0,0.0,0.0,0,0,,,,,,,,,,,,,,,,
3955332316338258,وطوبی,سرمایه گذاری اقتصاد شهر طوبی,2026-10-04T09:28:51+03:30,6000.0,2.39,5940.0,1.37,5860.0,5940.0,5910.0,6000.0,60.0,3387054.0,20123625170.0,6030.0,5690,459.0,12.9,1,56,سهم,سرمایه گذاریها,بازار فرابورس,بازار اول فرابورس,8.88,459.0,0.0,4500000000.0,,2476422.0,5780.0,6380.0,1293.0,6380.0,2026-10-04,26730000000000.0,536659.0,6,3187754460.0,2850395.0,2,16931346300.0,2441738.0,30,14503923720.0,945316.0,1,5615177040.0,531292410.0,483464124.0,1.099,-11316169260.0,1,50000,5960.0,6000.0,41000,2,1,50000,5950.0,6010.0,1000,1,1,100000,5940.0,6020.0,90000,2,3,589813,5930.0,6030.0,679512,9,2,500000,5920.0,6040.0,10000,1,,,,,,,,,,,,,,,,
4142914008323611,تراست,صندوق س صنایع پیشرفت صبا1-بخشی,2026-10-04T09:15:00+03:30,9500.0,-2.14,9555.0,-1.58,9708.0,9665.0,9500.0,9665.0,3.0,1500.0,14332500.0,9999.0,9417,0.0,,1,68,صندوق,صندوق سرمایه گذاری قابل معامله,بازار بورس,بازار صندوق های قابل معامله,0.0,,0.0,1000000000.0,,720708.0,9501.0,10000.0,9402.0,10248.0,2026-10-03,9555000000000.0,1500.0,1,14332500.0,0.0,0,0.0,0.0,0,0.0,1500.0,1,14332500.0,14332500.0,,,14332500.0,1,10000,9527.0,9700.0,2000,1,2,11500,9526.0,9708.0,1000,1,1,60438,9525.0,9750.0,600,1,2,17706,9502.0,9800.0,2200,2,2,2000,9501.0,9850.0,500,1,,9448.0,9547.0,2026-10-04T09:18:13+03:30,1.13,,,,,,,,,,,
4159532151694984,فبستم,صنایع بستهبندی مشهد,2026-10-04T09:29:39+03:30,15750.0,-1.5,15680.0,-1.94,15990.0,16330.0,15600.0,16330.0,48.0,561970.0,8812870370.0,16460.0,15520,628.0,25.0,1,28,سهم,ساخت محصولات فلزی,بازار پایه فرابورس,بازار پایه زرد فرابورس,0.0,628.0,739.29474,282711334.0,,1507304.0,15490.0,16750.0,12340.0,20000.0,2026-10-04,4432913717120.0,555644.0,18,8712497920.0,0.0,0,0.0,162165.0,11,2542747200.0,393479.0,1,6169750720.0,484027662.2222222,231158836.36363637,2.094,6169750720.0,2,13250,15630.0,15750.0,20195,2,1,10000,15620.0,15980.0,100000,1,2,30000,15610.0,16080.0,20000,1,2,20500,15600.0,16090.0,29651,1,1,10000,15550.0,16190.0,30000,1,,,,,,,,,,,,,,,,
4170494561477386,رشدی کیان,صندوق س آوای سهام کیان-سهام,2026-10-04T09:29:31+03:30,214281.0,-0.84,214650.0,-0.67,216101.0,218299.0,211860.0,218299.0,577.0,479405.0,102904227236.0,222584.0,209618,0.0,,1,68,صندوق,صندوق سرمایه گذاری قابل معامله,بازار بورس,بازار صندوق های قابل معامله,0.0,,0.0,400000000.0,,3471481.0,204001.0,222790.0,69910.0,222790.0,2026-10-04,85860000000000.0,478734.0,317,102760253100.0,671.0,1,144030150.0,474037.0,167,101752042050.0,5368.0,2,1152241200.0,324164836.2776025,609293664.9700599,0.532,1008211050.0,1,5803,214282.0,215002.0,19592,3,6,4505,214281.0,215003.0,1225,1,2,2837,214280.0,215880.0,3145,2,2,11,214262.0,215887.0,7610,1,2,13100,214153.0,215889.0,5500,2,,211131.0,213274.0,2026-10-04T09:17:32+03:30,1.67,,,,,,,,,,,
4216536645718658,برلیان,صندوق سرمایه گذاری برلیان-سهام,2026-10-04T09:08:57+03:30,49260.0,-0.02,49260.0,-0.02,49272.0,49260.0,49260.0,49260.0,2.0,4567.0,224970420.0,50750.0,47794,0.0,,1,68,صندوق,صندوق سرمایه گذاری قابل معامله,بازار بورس,بازار صندوق های قابل معامله,0.0,,0.0,100000000.0,,2362319.0,47850.0,50178.0,17720.0,50178.0,2026-10-04,4926000000000.0,0.0,0,0.0,4567.0,1,224970420.0,4567.0,2,224970420.0,0.0,0,0.0,,112485210.0,,-224970420.0,1,5555,49261.0,50100.0,1000,1,3,16039,49260.0,50178.0,60000,1,1,15000,49240.0,0.0,0,0,1,20000,49220.0,0.0,0,0,1,50000,49200.0,0.0,0,0,,48759.0,49253.0,2026-10-04T09:18:31+03:30,1.03,,,,,,,,,,,
4267564158935326,قیستو,شرکت قند بیستون,2026-10-04T09:28:33+03:30,51780.0,-3.0,51780.0,-3.0,53380.0,51780.0,51780.0,51780.0,3.0,32000.0,1656960000.0,54980.0,51780,2437.0,21.2,1,38,سهم,قند و شکر,بازار پایه فرابورس,بازار پایه زرد فرابورس,0.0,2437.0,38393.297,1500000000.0,,1607271.0,52450.0,55680.0,14520.0,57110.0,2026-10-03,77670000000000.0,2000.0,2,103560000.0,30000.0,1,1553400000.0,32000.0,2,1656960000.0,0.0,0,0.0,51780000.0,828480000.0,0.062,-1553400000.0,0,0,0.0,51780.0,3072067,108,0,0,0.0,54550.0,20056,2,0,0,0.0,54560.0,35000,2,0,0,0.0,54860.0,34719,2,0,0,0.0,54950.0,47491,2,صف فروش,,,,,,,,,,,,,,,
4369934250728330,غزر,صنعتی زر ماکارون,2026-10-04T09:29:48+03:30,5540.0,0.54,5460.0,-0.91,5510.0,5590.0,5370.0,5590.0,1204.0,46685680.0,254829523890.0,5670.0,5350,620.0,8.8,1,42,سهم,محصولات غذایی و آشامیدنی به جز قند و شکر,بازار بورس,بازار اول (تابلوی اصلی) بورس,9.48,620.0,3146.34,43000000000.0,21.0,164079468.0,5150.0,5530.0,2078.0,5530.0,2026-10-04,234780000000000.0,26324844.0,366,143733648240.0,20048046.0,5,109462331160.0,45672890.0,445,249373979400.0,700000.0,2,3822000000.0,392714885.9016394,560390964.9438202,0.701,-105640331160.0,3,131374,5520.0,5530.0,25204,3,5,57680,5510.0,5540.0,284128,1,6,451456,5500.0,5550.0,17000,3,7,422622,5490.0,5560.0,3000,1,8,348443,5480.0,5570.0,31970,3,,,,,,,,,,,,,,,,
4373573287489723,وامین,سرمایه گذاری امین مهرگان,2026-10-04T09:18:49+03:30,6420.0,-0.47,6260.0,-2.95,6450.0,6260.0,6260.0,6420.0,278.0,35244236.0,220673783890.0,6640.0,6260,785.0,8.0,1,56,سهم,سرمایه گذاریها,بازار فرابورس,بازار دوم فرابورس,8.88,785.0,0.0,30000000000.0,,21726192.0,6430.0,6950.0,3170.0,15170.0,2026-10-04,187800000000000.0,310845.0,8,1945889700.0,34933391.0,4,218683027660.0,244236.0,24,1528917360.0,35000000.0,1,219100000000.0,243236212.5,63704890.0,3.818,416972340.0,2,10765,6310.0,6420.0,17075,6,3,235950,6300.0,6440.0,74315,1,4,453467,6290.0,6450.0,435054,5,1,322145,6280.0,6530.0,5300,1,1,15891,6270.0,6540.0,5000,1,,,,,,,,,,,,,,,,
4384288570322406,دلر,داروسازی اکسیر,2026-10-04T09:29:44+03:30,28910.0,-2.95,28990.0,-2.69,29790.0,29020.0,28900.0,29290.0,562.0,7117152.0,206324877130.0,30680.0,28900,2845.0,10.2,1,43,سهم,مواد و محصولات دارویی,بازار بورس,بازار اول (تابلوی فرعی) بورس,14.67,2845.0,12879.149,9217000000.0,18.0,14874210.0,28270.0,30720.0,5990.0,30720.0,2026-10-04,267200830000000.0,3722773.0,160,107923189270.0,3139249.0,5,91006828510.0,6862022.0,161,198930017780.0,0.0,0,0.0,674519932.9375,1235590172.546584,0.546,-91006828510.0,7,310078,28900.0,28910.0,11412,2,1,500,27430.0,29150.0,82402,2,1,2500,26520.0,29220.0,65684,4,1,500,21050.0,29250.0,7800,2,0,0,0.0,29260.0,4286,2,,,,,,,,,,,,,,,,
4470657233334072,سخاش,سیمانخاش,2026-10-04T09:28:04+03:30,12420.0,-1.11,12370.0,-1.51,12560.0,12220.0,12220.0,12520.0,75.0,740035.0,9153641660.0,12930.0,12190,1929.0,6.4,1,53,سهم,سیمان، آهک و گچ,بازار بورس,بازار اول (تابلوی اصلی) بورس,7.64,1929.0,5000.057,5300000000.0,23.0,12562176.0,12500.0,13230.0,6450.0,14450.0,2026-10-04,65561000000000.0,641221.0,34,7931903770.0,98814.0,1,1222329180.0,740035.0,39,9154232950.0,0.0,0,0.0,233291287.35294116,234723921.7948718,0.994,-1222329180.0,6,27526,12420.0,12430.0,1584,1,4,21700,12410.0,12500.0,201000,3,2,5362,12400.0,12510.0,23169,2,1,500,12390.0,12520.0,5728,3,2,2500,12370.0,12550.0,30509,4,,,,,,,,,,,,,,,,
4507558419857064,زماهان,مجتمع تولید گوشت مرغ ماهان,2026-10-04T09:29:42+03:30,13280.0,-2.78,13260.0,-2.93,13660.0,13270.0,13260.0,13400.0,321.0,3511072.0,46572986740.0,14060.0,13260,-2315.0,-5.7,1,01,سهم,زراعت و خدمات وابسته,بازار فرابورس,بازار دوم فرابورس,8.79,-2315.0,2158.392,1130000000.0,,10678469.0,13150.0,14320.0,8000.0,14540.0,2026-10-04,14983800000000.0,2885252.0,131,38258441520.0,620250.0,1,8224515000.0,3505502.0,75,46482956520.0,0.0,0,0.0,292049171.90839696,619772753.6,0.471,-8224515000.0,3,43453,13260.0,13280.0,58929,7,1,2000,13150.0,13300.0,18950,4,1,381,13130.0,13380.0,7939,4,1,393,12750.0,13390.0,101250,2,1,1000,12500.0,13400.0,10360,2,,,,,,,,,,,,,,,,
4523009251964699,خورشید,صندوق س. طلوع تدبیر پایا-د,2026-10-04T09:29:04+03:30,24550.0,0.11,24550.0,0.11,24523.0,24550.0,24550.0,24550.0,28.0,1953036.0,47947033800.0,25258.0,23788,0.0,,1,68,صندوق,صندوق سرمایه گذاری قابل معامله,بازار فرابورس,بازار ابزارهاي نوين مالي فرابورس,1067.75,,0.0,1750000000.0,,37830843.0,24465.0,24523.0,18090.0,24523.0,2026-10-04,42962500000000.0,19600.0,2,481180000.0,1933436.0,1,47465853800.0,903036.0,22,22169533800.0,1050000.0,1,25777500000.0,240590000.0,1007706081.8181819,0.239,-21688353800.0,1,103066564,24550.0,24551.0,29900000,1,1,1000000,24549.0,24552.0,1000,1,1,1000000,24548.0,24553.0,1000,1,1,1000000,24547.0,24554.0,1000,1,1,1000000,24546.0,24555.0,1000,1,,24522.0,24542.0,2026-10-04T09:17:25+03:30,0.11,,,,,,,,,,,
4528607775462304,سفانو,سیمان فارس نو,2026-10-04T09:29:00+03:30,61940.0,2.99,61800.0,2.76,60140.0,61570.0,58490.0,61940.0,289.0,1140031.0,70456207130.0,61940.0,58340,8458.0,7.3,1,53,سهم,سیمان، آهک و گچ,بازار بورس,بازار اول (تابلوی فرعی) بورس,7.58,8458.0,20190.709,1600000000.0,15.0,2110163.0,56040.0,60140.0,30480.0,64480.0,2026-10-04,98880000000000.0,1067291.0,105,65958583800.0,72740.0,2,4495332000.0,830892.0,97,51349125600.0,309139.0,3,19104790200.0,628176988.5714285,529372428.8659794,1.187,14609458200.0,4,11149,61940.0,64690.0,7,1,1,1000,61700.0,0.0,0,0,7,26873,61650.0,0.0,0,0,2,9081,61640.0,0.0,0,0,4,7084,61610.0,0.0,0,0,,,,,,,,,,,,,,,,
4545713647225984,ثپهران,توسعه ساختمان سپهر تهران,2026-10-04T09:29:48+03:30,5780.0,2.85,5770.0,2.67,5620.0,5730.0,5690.0,5780.0,535.0,13379366.0,77170061720.0,5780.0,5460,721.0,8.0,1,70,سهم,انبوه سازی، املاک و مستغلات,بازار بورس,بازار دوم (تابلوی اصلی) بورس,6.99,721.0,0.0,15000000000.0,11.0,47934084.0,5220.0,5630.0,3230.0,5630.0,2026-10-04,86550000000000.0,13377635.0,123,77188953950.0,0.0,0,0.0,11282415.0,328,65099534550.0,2095220.0,2,12089419400.0,627552471.1382114,198474190.7012195,3.162,12089419400.0,128,10924962,5780.0,0.0,0,0,3,6023,5770.0,0.0,0,0,1,33664,5760.0,0.0,0,0,6,208408,5750.0,0.0,0,0,1,40000,5740.0,0.0,0,0,صف خرید,,,,,,,,,,,,,,,
4546275949738604,ضخود8063,اختیارخ خودرو-800-1405/08/06,2026-10-04T09:29:45+03:30,49.0,8.89,46.0,2.22,45.0,37.0,37.0,52.0,638.0,293310.0,13606029000.0,100000.0,1,0.0,,1.0,34,اختیار معامله,,,,,,,,,,,,,,,,290958.0,88,13384068.0,2333.0,1,107318.0,267764.0,93,12317144.0,25527.0,3,1174242.0,152091.68181818182,132442.40860215054,1.148,1066924.0,6,3122,48.0,49.0,8690,11,7,6100,47.0,50.0,11202,14,3,3000,46.0,51.0,12990,13,2,1100,43.0,52.0,4240,7,4,3850,41.0,53.0,6000,6,,,,,,خودرو,65883838195688438,716,800,1000,1405/05/10,1405/08/06,24,خرید,4142049,187711572000.0
4555456020246955,ضستا8060,اختیارخ شستا-3500-1405/08/13,2026-10-04T09:29:40+03:30,535.0,-0.74,524.0,-2.78,539.0,475.0,475.0,540.0,68.0,9699.0,5084378000.0,100000.0,1,0.0,,1.0,39,اختیار معامله,,,,,,,,,,,,,,,,9669.0,32,5066556.0,0.0,0,0.0,9669.0,23,5066556.0,0.0,0,0.0,158329.875,220285.04347826086,0.719,0.0,1,1,535.0,537.0,134,2,1,5,530.0,540.0,1010,2,2,1002,518.0,547.0,200,1,1,1000,517.0,552.0,20,1,1,54,515.0,555.0,50,1,,,,,,شستا,2400322364771558,3580,3500,1000,1405/05/17,1405/08/13,31,خرید,357895,34050660000.0
4563413583000719,ساراب,سیمان داراب,2026-10-04T09:23:33+03:30,17460.0,-0.46,17200.0,-1.94,17540.0,17020.0,17020.0,17550.0,19.0,130615.0,2245970000.0,18060.0,17020,2361.0,7.3,1,53,سهم,سیمان، آهک و گچ,بازار بورس,بازار اول (تابلوی فرعی) بورس,7.58,2361.0,4905.781,5000000000.0,28.0,2527129.0,17490.0,18520.0,15870.0,74890.0,2026-10-04,86000000000000.0,130615.0,13,2246578000.0,0.0,0,0.0,130615.0,10,2246578000.0,0.0,0,0.0,172813692.3076923,224657800.0,0.769,0.0,1,1000,17200.0,17430.0,14350,1,1,5000,17190.0,17450.0,15745,2,2,2720,17180.0,17460.0,1700,2,1,254,17170.0,17500.0,2000,1,3,9870,17150.0,17520.0,300,1,,,,,,,,,,,,,,,,
4614779520007780,کسرا,کاتالیستهای صنعتی آریا,2026-10-04T09:29:36+03:30,2869.0,2.98,2868.0,2.94,2786.0,2869.0,2815.0,2869.0,454.0,74870659.0,214708211045.0,2869.0,2703,210.0,13.7,1,54,سهم,سایر محصولات کانی غیرفلزی,بازار بورس,بازار اول (تابلوی اصلی) بورس,14.81,210.0,890.09735,17768588000.0,86.0,50942683.0,2567.0,2792.0,2011.0,7110.0,2026-10-04,50960310384000.0,74270659.0,187,213008250012.0,600000.0,1,1720800000.0,69171659.0,120,198384318012.0,5699000.0,3,16344732000.0,1139081550.8663101,1653202650.1000001,0.689,14623932000.0,140,36504483,2869.0,0.0,0,0,2,17000,2868.0,0.0,0,0,2,697930,2847.0,0.0,0,0,2,21151,2841.0,0.0,0,0,1,110000,2831.0,0.0,0,0,صف خرید,,,,,,,,,,,,,,,
4686607974846832,سفارود,کارخانه فارسیت درود,2026-10-04T09:28:33+03:30,14400.0,1.98,14400.0,1.98,14120.0,14400.0,14400.0,14400.0,10.0,50902.0,732988800.0,14400.0,13840,-584.0,-24.7,1,54,سهم,سایر محصولات کانی غیرفلزی,بازار پایه فرابورس,بازار پایه نارنجی فرابورس,0.0,-584.0,0.0,120960000.0,,2173367.0,13580.0,14120.0,5580.0,14120.0,2026-10-04,1741824000000.0,50902.0,2,732988800.0,0.0,0,0.0,50902.0,9,732988800.0,0.0,0,0.0,366494400.0,81443200.0,4.5,0.0,20,1715312,14400.0,0.0,0,0,1,7123,13840.0,0.0,0,0,0,0,0.0,0.0,0,0,0,0,0.0,0.0,0,0,0,0,0.0,0.0,0,0,صف خرید,,,,,,,,,,,,,,,
4694783407265360,ضتوان733,اختیارخ توان-50000-14050726,2026-10-04T09:29:32+03:30,21500.0,-1.26,21500.0,-1.26,21775.0,21500.0,0.0,0.0,1.0,1.0,21500000.0,1000000.0,1,0.0,,1,68,اختیار معامله,صندوق سرمایه گذاری قابل معامله,بازار مشتقه,بازار ابزارهای مشتقه,0.0,,0.0,1000.0,,10.0,13429.0,23000.0,13429.0,50000.0,2026-10-01,21500000.0,0.0,0,0.0,1.0,1,21500.0,1.0,1,21500.0,0.0,0,0.0,,21500.0,,-21500.0,1,5,3000.0,0.0,0,0,1,100,2501.0,0.0,0,0,1,100,1.0,0.0,0,0,0,0,0.0,0.0,0,0,0,0,0.0,0.0,0,0,,,,,,توان,41927452991671109,69595,50000,1000,1405/05/27,1405/07/26,14,خرید,170,0.0
4733285133017464,فخاس,فولاد خراسان,2026-10-04T09:29:18+03:30,3770.0,-1.05,3710.0,-2.62,3810.0,3720.0,3700.0,3800.0,455.0,24873288.0,92305598120.0,3920.0,3700,363.0,10.2,1,27,سهم,فلزات اساسی,بازار بورس,بازار دوم (تابلوی فرعی) بورس,15.14,363.0,3827.5994,124500000000.0,4.0,74508646.0,3580.0,3830.0,1830.0,3830.0,2026-10-04,461895000000000.0,18927882.0,122,70222442220.0,5945406.0,3,22057456260.0,24873288.0,77,92279898480.0,0.0,0,0.0,575593788.6885246,1198440240.0,0.48,-22057456260.0,5,219283,3750.0,3770.0,384506,7,22,1973469,3700.0,3780.0,287262,4,1,25000,3660.0,3790.0,10000,1,2,10000,3610.0,3800.0,1044920,9,1,11000,3390.0,3820.0,4070,3,,,,,,,,,,,,,,,,
4758266259250794,خپویش,سازه پویش,2026-10-04T09:27:44+03:30,6120.0,2.86,6120.0,2.86,5950.0,6120.0,6120.0,6120.0,33.0,1970642.0,12060329040.0,6120.0,5780,196.0,31.2,1,34,سهم,خودرو و ساخت قطعات,بازار بورس,بازار دوم (تابلوی اصلی) بورس,-23.79,196.0,17464.002,5567544680.0,20.0,11800423.0,5620.0,5950.0,2370.0,12680.0,2026-10-04,34073373441600.0,1970642.0,9,12060329040.0,0.0,0,0.0,270642.0,17,1656329040.0,1700000.0,1,10404000000.0,1340036560.0,97431120.0,13.754,10404000000.0,137,33776011,6120.0,0.0,0,0,2,3670,5950.0,0.0,0,0,1,1000,5780.0,0.0,0,0,0,0,0.0,0.0,0,0,0,0,0.0,0.0,0,0,صف خرید,,,,,,,,,,,,,,,
4769396408895066,بلوط,صندوق س شکوه بامداد زاگرس-ثابت,2026-10-04T08:56:54+03:30,10237.0,0.13,10236.0,0.12,10224.0,10236.0,10236.0,10237.0,2.0,76543.0,783494245.0,10530.0,9918,0.0,,1,68,صندوق,صندوق سرمایه گذاری قابل معامله,بازار بورس,بازار صندوق های قابل معامله,0.0,,0.0,1000000000.0,,6774920.0,10200.0,10225.0,10009.0,10266.0,2026-10-04,10236000000000.0,97.0,1,992892.0,76446.0,1,782501256.0,76543.0,2,783494148.0,0.0,0,0.0,992892.0,391747074.0,0.003,-782501256.0,1,29923554,10236.0,10237.0,10099903,2,1,100000,10235.0,10238.0,100000,1,1,100000,10234.0,10239.0,100000,1,1,100000,10233.0,10240.0,100000,1,1,100000,10232.0,10241.0,100000,1,,10210.0,10221.0,2026-10-04T09:17:12+03:30,0.25,,,,,,,,,,,
4818868987520387,طسپا7029,اختیارف خساپا-600-1405/07/29,2026-10-04T09:27:44+03:30,10.0,-16.67,10.0,-16.67,12.0,10.0,10.0,10.0,1.0,1.0,10000.0,100000.0,1,0.0,,1.0,34,اختیار معامله,,,,,,,,,,,,,,,,1.0,1,10.0,0.0,0,0.0,1.0,1,10.0,0.0,0,0.0,10.0,10.0,1.0,0.0,2,1999,10.0,16.0,1000,1,1,18,2.0,17.0,152,1,5,5000,1.0,25.0,1000,1,0,0,0.0,33.0,1000,1,0,0,0.0,36.0,1000,1,,,,,,خساپا,44891482026867833,686,600,1000,1405/04/27,1405/07/29,17,فروش,71531,37264144000.0
4832089744142958,ضذوب7039,اختیارخ ذوب-400-1405/07/22,2026-10-04T09:29:48+03:30,270.0,-2.53,262.0,-5.42,277.0,262.0,231.0,262.0,7.0,392.0,102722000.0,100000.0,1,0.0,,1.0,27,اختیار معامله,,,,,,,,,,,,,,,,382.0,3,100084.0,0.0,0,0.0,382.0,5,100084.0,0.0,0,0.0,33361.33333333333,20016.800000000003,1.667,0.0,1,100,232.0,273.0,736,1,2,498,231.0,400.0,400,1,2,1005,230.0,580.0,14,1,1,10,190.0,600.0,59,1,1,100,1.0,700.0,7,1,,,,,,ذوب,71483646978964608,656,400,1000,1405/04/21,1405/07/22,10,خرید,452327,152192000.0
4885314541377431,حپرتو,پرتو بار فرابر خلیج فارس,2026-10-04T09:29:02+03:30,11930.0,-2.93,12130.0,-1.3,12290.0,12110.0,11930.0,12600.0,214.0,3372808.0,40915493930.0,12650.0,11930,1121.0,10.8,1,60,سهم,حمل ونقل، انبارداری و ارتباطات,بازار فرابورس,بازار دوم فرابورس,7.91,1121.0,0.0,3000000000.0,,13109094.0,11070.0,12320.0,5500.0,18630.0,2026-10-04,36390000000000.0,3372808.0,90,40912161040.0,0.0,0,0.0,3372808.0,44,40912161040.0,0.0,0,0.0,454579567.1111111,929821841.8181819,0.489,0.0,0,0,0.0,11930.0,5140925,83,0,0,0.0,12010.0,5000,1,0,0,0.0,12270.0,100000,1,0,0,0.0,12280.0,392569,7,0,0,0.0,12300.0,10000,1,صف فروش,,,,,,,,,,,,,,,
4916586735562419,ضملت8074,اختیارخ وبملت-1400-1405/08/20,2026-10-04T09:29:27+03:30,190.0,-3.06,184.0,-6.12,196.0,183.0,175.0,190.0,210.0,94440.0,17383205000.0,100000.0,1,0.0,,1.0,57,اختیار معامله,,,,,,,,,,,,,,,,83940.0,40,15444960.0,10500.0,1,1932000.0,94440.0,22,17376960.0,0.0,0,0.0,386124.0,789861.8181818182,0.489,-1932000.0,2,2000,184.0,190.0,515,1,3,2001,183.0,192.0,2000,2,1,1000,180.0,193.0,1000,1,3,1220,177.0,194.0,6000,6,1,500,176.0,199.0,2010,3,,,,,,وبملت,778253364357513,1459,1400,1000,1405/05/24,1405/08/20,38,خرید,1611234,137569110000.0
4942127026063388,کاما,باما,2026-10-04T09:29:48+03:30,5740.0,-1.37,5660.0,-2.75,5820.0,5700.0,5650.0,5780.0,1801.0,103955274.0,588284516550.0,5990.0,5650,786.0,7.2,1,13,سهم,استخراج کانه های فلزی,بازار بورس,بازار دوم (تابلوی فرعی) بورس,15.5,786.0,1068.2296,42570000000.0,38.0,225600474.0,5340.0,5920.0,2050.0,6220.0,2026-10-04,240946200000000.0,76937649.0,604,435467093340.0,26937078.0,3,152463861480.0,103874727.0,469,587930954820.0,0.0,0,0.0,720972008.8410597,1253584125.4157782,0.575,-152463861480.0,3,60873,5730.0,5740.0,555953,2,4,410875,5720.0,5750.0,24931,2,1,1000,5710.0,5760.0,307740,2,6,66868,5700.0,5770.0,63758,3,2,101500,5690.0,5780.0,1890,2,,,,,,,,,,,,,,,,
4971285258267566,طهرم8033,اختیارف اهرم-74000-1405/08/27,2026-10-04T09:29:49+03:30,8805.0,0.86,9173.0,5.07,8730.0,9400.0,8800.0,9739.0,242.0,4305.0,39488469000.0,500000.0,1,0.0,,1,68,اختیار معامله,صندوق سرمایه گذاری قابل معامله,بازار مشتقه,-',0.0,,0.0,1000.0,,3193.0,7500.0,14200.0,7000.0,22000.0,2026-10-01,9173000.0,4260.0,56,39076980.0,0.0,0,0.0,4260.0,53,39076980.0,0.0,0,0.0,697803.2142857143,737301.5094339623,0.946,0.0,2,9,8805.0,8850.0,1,1,2,40,8800.0,8900.0,24,4,1,10,8781.0,8901.0,12,2,1,89,8752.0,9247.0,80,1,2,8,8710.0,9248.0,70,2,,,,,,اهرم,17914401175772326,72311,74000,1000,1405/05/31,1405/08/27,45,فروش,24982,271818582000.0
5054819322815158,زمگسا,کشاورزی ودامپروی مگسال,2026-10-04T09:27:41+03:30,112000.0,2.85,111900.0,2.75,108900.0,111100.0,109000.0,112100.0,165.0,304617.0,34080214400.0,112100.0,105700,12169.0,9.2,1,01,سهم,زراعت و خدمات وابسته,بازار بورس,بازار اول (تابلوی فرعی) بورس,6.81,12169.0,0.0,300000000.0,34.0,1244819.0,102930.0,109100.0,37500.0,109100.0,2026-10-04,33570000000000.0,74761.0,42,8365755900.0,229856.0,2,25720886400.0,198017.0,64,22158102300.0,106600.0,2,11928540000.0,199184664.2857143,346220348.4375,0.575,-13792346400.0,1,1950,111400.0,112000.0,27126,6,3,3174,111300.0,112100.0,150959,24,1,799,111200.0,0.0,0,0,1,500,110800.0,0.0,0,0,1,3120,110500.0,0.0,0,0,,,,,,,,,,,,,,,,
5092823031617455,بانکپاد,صندوق س صنایع پاسارگاد1-بخشی,2026-10-04T09:28:54+03:30,10075.0,-1.31,10161.0,-0.47,10209.0,10200.0,10044.0,10200.0,114.0,1223686.0,12433334025.0,10515.0,9903,0.0,,1,68,صندوق,صندوق سرمایه گذاری قابل معامله,بازار بورس,بازار صندوق های قابل معامله,0.0,,0.0,1000000000.0,,67393609.0,10091.0,10469.0,10000.0,11290.0,2026-10-04,10161000000000.0,394600.0,26,4009530600.0,829086.0,1,8424342846.0,1223686.0,39,12433873446.0,0.0,0,0.0,154212715.3846154,318817267.84615386,0.484,-8424342846.0,1,20000,10080.0,10175.0,186995,2,2,66113,10079.0,10180.0,300,1,2,98094,10078.0,10189.0,25000,1,2,101000,10077.0,10190.0,10,1,3,1229,10075.0,10205.0,600,1,,9939.0,10066.0,2026-10-04T09:17:04+03:30,2.23,,,,,,,,,,,
5128151910501174,وحافظ,بیمه حافظ,2026-10-04T09:29:38+03:30,2360.0,-0.38,2315.0,-2.28,2369.0,2331.0,2298.0,2352.0,88.0,7190014.0,16641508333.0,2440.0,2298,199.0,11.6,1,66,سهم,بیمه وصندوق بازنشستگی به جزتامین اجتماعی,بازار پایه فرابورس,بازار پایه زرد فرابورس,0.0,199.0,0.0,8500000000.0,,28455167.0,2241.0,2410.0,2061.0,6000.0,2026-10-04,19677500000000.0,6872014.0,36,15908712410.0,218000.0,1,504670000.0,4355966.0,19,10084061290.0,2734048.0,1,6329321120.0,441908678.0555556,530740067.8947369,0.833,5824651120.0,1,1000000,2320.0,2359.0,9999,1,4,715437,2319.0,2360.0,160280,1,3,150000,2315.0,2363.0,111000,1,3,150000,2314.0,2364.0,13695,2,1,25000,2310.0,2369.0,310000,2,,,,,,,,,,,,,,,,
5187018329202415,لپارس,پارس الکتریک,2026-10-04T09:29:41+03:30,35520.0,-0.06,35250.0,-0.82,35540.0,36390.0,34500.0,36390.0,135.0,618061.0,21784558890.0,36600.0,34480,1544.0,22.8,1,32,سهم,ساخت دستگاهها و وسایل ارتباطی,بازار بورس,بازار دوم (تابلوی اصلی) بورس,22.93,1544.0,2326.894,1000000000.0,45.0,3646960.0,33100.0,36780.0,14600.0,36780.0,2026-10-04,35250000000000.0,617635.0,37,21771633750.0,0.0,0,0.0,617635.0,53,21771633750.0,0.0,0,0.0,588422533.7837838,410785542.4528302,1.432,0.0,1,2000,35080.0,35530.0,29596,1,2,15500,35060.0,35540.0,60000,2,1,10000,35050.0,35550.0,69572,3,1,3000,35040.0,36010.0,4268,1,2,15220,35030.0,36040.0,37653,2,,,,,,,,,,,,,,,,
5286237676293152,سیسکو,فولاد سیرجان ایرانیان,2026-10-04T09:29:40+03:30,6500.0,-2.99,6500.0,-2.99,6700.0,6500.0,6500.0,6570.0,586.0,27011509.0,175646777340.0,6900.0,6500,820.0,7.9,1,27,سهم,فلزات اساسی,بازار بورس,بازار دوم (تابلوی اصلی) بورس,15.14,820.0,5282.843,125000000000.0,7.0,142718249.0,6500.0,6950.0,1928.0,6960.0,2026-10-04,812500000000000.0,9919327.0,205,64475625500.0,17091382.0,4,111093983000.0,15067725.0,177,97940212500.0,11942984.0,4,77629396000.0,314515246.3414634,553334533.898305,0.568,-33464587000.0,1,783,6400.0,6500.0,8434069,107,1,1550,6330.0,6510.0,13202,5,1,2000,6300.0,6520.0,64094,6,1,1000,5680.0,6530.0,16129,6,1,6300,4770.0,6540.0,23171,107,,,,,,,,,,,,,,,,
5305844922895340,داوه,داروسازی آوه سینا,2026-10-04T09:27:29+03:30,15970.0,2.97,15970.0,2.97,15510.0,15970.0,15970.0,15970.0,43.0,592951.0,9469427470.0,15970.0,15050,760.0,21.0,1,43,سهم,مواد و محصولات دارویی,بازار فرابورس,بازار اول فرابورس,10.29,760.0,3385.3347,2100000000.0,,22248866.0,14190.0,15510.0,3654.0,15510.0,2026-10-04,33537000000000.0,532951.0,7,8511227470.0,60000.0,1,958200000.0,592951.0,31,9469427470.0,0.0,0,0.0,1215889638.5714285,305465402.25806457,3.98,-958200000.0,334,23841101,15970.0,0.0,0,0,5,26000,15960.0,0.0,0,0,5,10600,15950.0,0.0,0,0,1,1000,15870.0,0.0,0,0,3,7044,15800.0,0.0,0,0,صف خرید,,,,,,,,,,,,,,,
5317427172344706,هجرت,پخش هجرت,2026-10-04T09:23:32+03:30,9790.0,2.94,9790.0,2.94,9510.0,9790.0,9790.0,9790.0,121.0,8921188.0,87338430520.0,9790.0,9230,888.0,11.0,1,43,سهم,مواد و محصولات دارویی,بازار فرابورس,بازار دوم فرابورس,10.29,888.0,0.0,20650000000.0,,38158389.0,8980.0,9510.0,1754.0,9510.0,2026-10-04,202163500000000.0,8921188.0,36,87338430520.0,0.0,0,0.0,1676402.0,56,16411975580.0,7244786.0,3,70926454940.0,2426067514.4444447,293070992.5,8.278,70926454940.0,927,204040377,9790.0,0.0,0,0,3,23000,9700.0,0.0,0,0,3,66000,9620.0,0.0,0,0,1,160000,9610.0,0.0,0,0,3,63000,9600.0,0.0,0,0,صف خرید,,,,,,,,,,,,,,,
5427792638736934,زفکا,کشت و دامداری فکا,2026-10-04T09:28:51+03:30,8110.0,-0.49,7940.0,-2.58,8150.0,8000.0,7910.0,8230.0,680.0,17638315.0,140082848540.0,8390.0,7910,910.0,8.7,1,01,سهم,زراعت و خدمات وابسته,بازار فرابورس,بازار اول فرابورس,8.79,910.0,3371.59,12140161000.0,,35313963.0,8150.0,8840.0,3540.0,9210.0,2026-10-04,96392878340000.0,16794533.0,356,133348592020.0,843782.0,2,6699629080.0,13338315.0,126,105906221100.0,4300000.0,2,34142000000.0,374574696.6853932,840525564.2857143,0.446,27442370920.0,7,85273,8110.0,8180.0,102678,6,1,2000,8100.0,8190.0,100000,1,5,88428,8090.0,8200.0,1015300,7,2,258280,8040.0,8210.0,149270,3,2,1890,8030.0,8230.0,910695,5,,,,,,,,,,,,,,,,
5516102131364383,غمینو,شرکت صنایع غذایی مینو شرق,2026-10-04T09:29:43+03:30,9920.0,2.9,9840.0,2.07,9640.0,9920.0,9630.0,9920.0,1068.0,43158492.0,424588100570.0,9920.0,9360,1231.0,8.0,1,42,سهم,محصولات غذایی و آشامیدنی به جز قند و شکر,بازار فرابورس,بازار اول فرابورس,7.73,1231.0,4315.578,7000000000.0,,31151822.0,9090.0,9640.0,3018.0,9640.0,2026-10-04,68880000000000.0,35019800.0,367,344594832000.0,8107692.0,3,79779689280.0,38774459.0,281,381540676560.0,4353033.0,4,42833844720.0,938950495.9128065,1357796001.9928827,0.692,-36945844560.0,25,3402146,9910.0,9920.0,7410985,35,2,12000,9900.0,0.0,0,0,2,11000,9850.0,0.0,0,0,3,52518,9840.0,0.0,0,0,7,226619,9830.0,0.0,0,0,,,,,,,,,,,,,,,,
5564768007356822,حریل,ریل پردازسیر,2026-10-04T09:29:52+03:30,2890.0,-1.16,2855.0,-2.36,2924.0,2843.0,2838.0,2897.0,54.0,643756.0,1837749515.0,3011.0,2837,303.0,9.4,1,60,سهم,حمل ونقل، انبارداری و ارتباطات,بازار فرابورس,بازار دوم فرابورس,7.91,303.0,0.0,5070000000.0,,14183307.0,2827.0,3006.0,1580.0,3410.0,2026-10-04,14474850000000.0,641996.0,24,1832898580.0,0.0,0,0.0,641996.0,25,1832898580.0,0.0,0,0.0,76370774.16666666,73315943.2,1.042,0.0,2,19966,2865.0,2890.0,3847,1,5,138263,2861.0,2897.0,94198,1,1,34000,2856.0,2898.0,46666,2,2,17867,2855.0,2900.0,246989,3,1,10000,2851.0,2916.0,10230,3,,,,,,,,,,,,,,,,
5599691633622269,بخاور,بیمه زندگی خاورمیانه,2026-10-04T09:28:55+03:30,7910.0,2.99,7910.0,2.99,7680.0,7910.0,7910.0,7910.0,93.0,6012991.0,47562758810.0,7910.0,7450,813.0,9.7,1,66,سهم,بیمه وصندوق بازنشستگی به جزتامین اجتماعی,بازار فرابورس,بازار دوم فرابورس,18.64,813.0,0.0,5000000000.0,,4974673.0,7180.0,7680.0,3701.0,7680.0,2026-10-04,39550000000000.0,6012991.0,32,47562758810.0,0.0,0,0.0,828171.0,13,6550832610.0,5184820.0,5,41011926200.0,1486336212.8125,503910200.7692308,2.95,41011926200.0,11,827782,7910.0,0.0,0,0,1,10000,7750.0,0.0,0,0,1,60000,7730.0,0.0,0,0,1,10000,7720.0,0.0,0,0,1,100000,7690.0,0.0,0,0,صف خرید,,,,,,,,,,,,,,,
5866848234665627,دسبحان,سبحان دارو,2026-10-04T09:29:23+03:30,20350.0,2.99,20350.0,2.99,19760.0,20350.0,20010.0,20350.0,1776.0,52182985.0,1061673472580.0,20350.0,19170,1454.0,14.0,1,43,سهم,مواد و محصولات دارویی,بازار بورس,بازار اول (تابلوی فرعی) بورس,14.82,1454.0,7156.7695,10000000000.0,26.0,40981725.0,18640.0,19760.0,2401.0,19760.0,2026-10-04,203500000000000.0,46821739.0,785,952822388650.0,5361246.0,8,109101356100.0,39037352.0,268,794410113200.0,13145633.0,7,267513631550.0,1213786482.356688,2964216840.2985077,0.409,158412275450.0,625,31076301,20350.0,0.0,0,0,14,65535,20340.0,0.0,0,0,2,2500,20330.0,0.0,0,0,6,7250,20320.0,0.0,0,0,8,80905,20310.0,0.0,0,0,صف خرید,,,,,,,,,,,,,,,
5968811612822747,ولنوین,لیزینگ اقتصاد نوین,2026-10-04T09:29:44+03:30,3290.0,2.49,3300.0,2.8,3210.0,3300.0,3250.0,3300.0,166.0,5726309.0,18883422250.0,3300.0,3120,294.0,11.2,1,58,سهم,سایر واسطه گریهای مالی,بازار بورس,بازار دوم (تابلوی اصلی) بورس,10.86,294.0,0.0,12000000000.0,14.0,16952491.0,2971.0,3220.0,1932.0,4858.0,2026-10-04,39600000000000.0,5621694.0,31,18551590200.0,100000.0,1,330000000.0,2594894.0,99,8563150200.0,3126800.0,3,10318440000.0,598438393.548387,86496466.66666667,6.919,9988440000.0,8,447878,3290.0,3300.0,407706,18,5,500112,3280.0,0.0,0,0,3,610000,3270.0,0.0,0,0,6,400996,3250.0,0.0,0,0,4,535360,3230.0,0.0,0,0,,,,,,,,,,,,,,,,
5987841496184505,شگویا,پتروشیمی تندگویان,2026-10-04T09:29:51+03:30,13930.0,-1.69,13750.0,-2.96,14170.0,13780.0,13750.0,14060.0,1148.0,33748690.0,464193651630.0,14590.0,13750,1099.0,12.5,1,44,سهم,محصولات شیمیایی,بازار فرابورس,بازار دوم فرابورس,8.84,1099.0,16258.863,34000000000.0,,79934465.0,13700.0,14530.0,6700.0,14530.0,2026-10-04,467500000000000.0,6053445.0,209,83234868750.0,27692245.0,8,380768368750.0,30182597.0,296,415010708750.0,3563093.0,5,48992528750.0,398252960.5263158,1402063205.2364864,0.284,-331775840000.0,3,179198,13930.0,13980.0,4017,4,2,6472,13910.0,13990.0,100000,1,4,232552,13800.0,14000.0,18000,3,4,232051,13770.0,14020.0,16765,2,9,122340,13760.0,14030.0,17633,2,,,,,,,,,,,,,,,,
6043384171800349,ثشرق,سرمایه گذاری مسکن شمال شرق,2026-10-04T09:29:48+03:30,5890.0,2.97,5890.0,2.97,5720.0,5890.0,5890.0,5890.0,228.0,14796533.0,87151579370.0,5890.0,5550,238.0,24.7,1,70,سهم,انبوه سازی، املاک و مستغلات,بازار بورس,بازار دوم (تابلوی فرعی) بورس,6.98,238.0,0.0,4000000000.0,47.0,7303717.0,5400.0,5720.0,4420.0,54370.0,2026-10-04,23560000000000.0,14489533.0,61,85343349370.0,300000.0,1,1767000000.0,14789533.0,105,87110349370.0,0.0,0,0.0,1399071301.147541,829622374.952381,1.686,-1767000000.0,368,48223478,5890.0,0.0,0,0,1,8486,5870.0,0.0,0,0,1,27267,5790.0,0.0,0,0,1,10000,5730.0,0.0,0,0,13,1071338,5720.0,0.0,0,0,صف خرید,,,,,,,,,,,,,,,
6084374471113261,دوام2,صندوق س دوام دانایان-ثابت,2026-10-04T09:25:37+03:30,1.0,-100.0,1.0,-100.0,29829.0,1.0,1.0,1.0,1.0,2000000.0,2000000.0,1.0,1,0.0,,1,68,صندوق,صندوق سرمایه گذاری قابل معامله,بازار بورس,-',0.0,,0.0,1000000000.0,,5200000.0,0.0,0.0,1.0,1.0,2026-10-03,1000000000.0,0.0,0,0.0,2000000.0,1,2000000.0,0.0,0,0.0,2000000.0,1,2000000.0,,,,0.0,0,0,0.0,0.0,0,0,,,,,,,,,,,,,,,,,,,,,,,,,,,,,,,,,,,,,,,,
6110133418282108,پارس,پتروشیمی پارس,2026-10-04T09:29:49+03:30,3320.0,2.79,3300.0,2.17,3230.0,3220.0,3170.0,3320.0,2174.0,186626210.0,615194685030.0,3320.0,3140,492.0,6.7,1,44,سهم,محصولات شیمیایی,بازار بورس,بازار دوم (تابلوی فرعی) بورس,10.13,492.0,1940.2479,546049076692.0,6.0,484507208.0,3195.0,3310.0,1841.0,4127.0,2026-10-04,1801961953083600.0,87230685.0,383,287861260500.0,93929614.0,8,309967726200.0,153151657.0,431,505400468100.0,28008642.0,9,92428518600.0,751595980.4177545,1172622895.8236659,0.641,-217539207600.0,20,4648868,3320.0,3330.0,100000,1,13,1845147,3310.0,3360.0,40000,1,14,1871004,3300.0,3370.0,200000,1,6,93791,3290.0,3380.0,809631,11,12,859134,3280.0,0.0,0,0,,,,,,,,,,,,,,,,
6116572045021585,شجم,صنایع پتروشیمی تخت جمشید,2026-10-04T09:29:13+03:30,12370.0,3.0,12350.0,2.83,12010.0,12350.0,12030.0,12370.0,173.0,4023400.0,49678961210.0,12370.0,11650,1969.0,6.3,1,44,سهم,محصولات شیمیایی,بازار فرابورس,بازار دوم فرابورس,8.84,1969.0,11273.971,9100000000.0,,10948426.0,11340.0,12030.0,6790.0,12030.0,2026-10-04,112385000000000.0,2913463.0,40,35981268050.0,1109937.0,2,13707721950.0,2380600.0,55,29400410000.0,1642800.0,3,20288580000.0,899531701.25,534552909.09090906,1.683,6580858050.0,96,7782861,12370.0,0.0,0,0,1,1000,12160.0,0.0,0,0,2,4000,12030.0,0.0,0,0,1,35000,12020.0,0.0,0,0,2,1850,12010.0,0.0,0,0,صف خرید,,,,,,,,,,,,,,,
6131290133202745,غمهرا,تولیدیمهرام,2026-10-04T09:29:25+03:30,21550.0,-2.0,21360.0,-2.86,21990.0,21360.0,21340.0,21930.0,303.0,2880163.0,61509287290.0,22640.0,21340,2564.0,8.3,1,42,سهم,محصولات غذایی و آشامیدنی به جز قند و شکر,بازار بورس,بازار اول (تابلوی فرعی) بورس,9.53,2564.0,23010.88,5000000000.0,22.0,11621137.0,20920.0,22630.0,7380.0,22640.0,2026-10-04,106800000000000.0,1770510.0,150,37818093600.0,1109653.0,3,23702188080.0,2431033.0,92,51926864880.0,449130.0,1,9593416800.0,252120624.0,564422444.3478261,0.447,-14108771280.0,6,163983,21400.0,21550.0,3915,2,3,27083,21390.0,21630.0,23359,1,5,194418,21380.0,21640.0,28880,1,3,12857,21360.0,21650.0,107659,3,5,12245,21350.0,21660.0,38250,1,,,,,,,,,,,,,,,,
6223226316297962,طملی9044,اختیارف فملی-26000-1405/09/04,2026-10-04T09:19:06+03:30,1200.0,-37.3,1708.0,-10.76,1914.0,1954.0,1200.0,1954.0,4.0,92.0,157158000.0,100000.0,1,0.0,,1.0,27,اختیار معامله,,,,,,,,,,,,,,,,92.0,3,157136.0,0.0,0,0.0,92.0,3,157136.0,0.0,0,0.0,52378.66666666667,52378.66666666667,1.0,0.0,1,22,1200.0,1944.0,2,1,1,100,1000.0,1945.0,17,1,1,10,700.0,1947.0,32,2,1,2,680.0,1949.0,2,1,1,250,660.0,1954.0,218,1,,,,,,فملی,35425587644337450,28740,26000,1000,1405/06/17,1405/09/04,52,فروش,1811,1828480000.0
6228321061096199,ضسپا7023,اختیارخ خساپا-360-1405/07/29,2026-10-04T09:27:55+03:30,330.0,-4.35,330.0,-4.35,345.0,330.0,330.0,330.0,1.0,2.0,660000.0,100000.0,1,0.0,,1.0,34,اختیار معامله,,,,,,,,,,,,,,,,2.0,1,660.0,0.0,0,0.0,2.0,1,660.0,0.0,0,0.0,660.0,660.0,1.0,0.0,1,20,200.0,0.0,0,0,1,100,1.0,0.0,0,0,0,0,0.0,0.0,0,0,0,0,0.0,0.0,0,0,0,0,0.0,0.0,0,0,,,,,,خساپا,44891482026867833,686,360,1000,1405/04/27,1405/07/29,17,خرید,2851,0.0
6233172939132588,پتوسعه,س. و توسعه صنایع لاستیک,2026-10-04T09:28:25+03:30,9190.0,-1.18,9130.0,-1.83,9300.0,9350.0,9100.0,9350.0,104.0,640756.0,5849022180.0,9570.0,9030,1012.0,9.0,1,25,سهم,لاستیک و پلاستیک,بازار فرابورس,بازار دوم فرابورس,10.45,1012.0,12128.262,3000000000.0,,10914673.0,9190.0,9770.0,7000.0,11140.0,2026-10-04,27390000000000.0,626812.0,25,5722793560.0,13944.0,1,127308720.0,640756.0,76,5850102280.0,0.0,0,0.0,228911742.4,76975030.0,2.974,-127308720.0,2,2764,9150.0,9180.0,70000,2,1,1791,9140.0,9190.0,209,1,1,1790,9130.0,9200.0,8054,5,2,12200,9120.0,9210.0,1400,1,2,85633,9100.0,9220.0,5120,7,,,,,,,,,,,,,,,,
6279426571085158,دیار,صندوق س.مشترک دیار-سهام,2026-10-04T09:05:41+03:30,24510.0,3.0,24510.0,3.0,23797.0,24510.0,24510.0,24510.0,1.0,2036.0,49902360.0,24510.0,23084,0.0,,1,68,صندوق,صندوق سرمایه گذاری قابل معامله,بازار بورس,بازار صندوق های قابل معامله,0.0,,0.0,300000000.0,,544764.0,22269.0,24026.0,8820.0,24026.0,2026-10-04,7353000000000.0,2036.0,1,49902360.0,0.0,0,0.0,2036.0,1,49902360.0,0.0,0,0.0,49902360.0,49902360.0,1.0,0.0,1,8000,23620.0,24506.0,8000,2,1,20000,23476.0,24507.0,1000,1,1,15000,23290.0,24508.0,1000,1,1,1000,23250.0,24509.0,1000,1,1,10000,23084.0,24510.0,2843,2,,23571.0,23833.0,2026-10-04T09:18:10+03:30,3.98,,,,,,,,,,,
6328167131743522,اتوآگاه,صندوق س صنایع آگاه2-بخشی,2026-10-04T09:29:48+03:30,18900.0,2.89,18660.0,1.58,18370.0,18330.0,17901.0,18921.0,135.0,2457670.0,45859881882.0,18921.0,17819,0.0,,1,68,صندوق,صندوق سرمایه گذاری قابل معامله,بازار بورس,بازار صندوق های قابل معامله,0.0,,0.0,1000000000.0,,8703190.0,17620.0,18940.0,9660.0,19899.0,2026-10-04,18660000000000.0,2456985.0,29,45847340100.0,185.0,1,3452100.0,1545709.0,50,28842929940.0,911461.0,6,17007862260.0,1580942762.0689654,576858598.8,2.741,17004410160.0,2,10000,18830.0,18919.0,22323,3,1,40000,18820.0,18920.0,141613,1,1,77,18804.0,18921.0,119044,3,1,5324,18739.0,18940.0,2500,2,1,200000,18626.0,18943.0,2825,7,,18165.0,18353.0,2026-10-04T09:18:35+03:30,2.73,,,,,,,,,,,
6433335428452486,خعمرا,توسعه و عمران شهرستان نائین,2026-10-04T09:29:23+03:30,7040.0,-2.9,7040.0,-2.9,7250.0,7040.0,7040.0,7050.0,25.0,355867.0,2505403680.0,7460.0,7040,458.0,15.4,1,34,سهم,خودرو و ساخت قطعات,بازار پایه فرابورس,بازار پایه زرد فرابورس,0.0,458.0,5754.088,1400546000.0,,2641441.0,6960.0,7540.0,3941.0,7540.0,2026-10-04,9859843840000.0,355867.0,13,2505303680.0,0.0,0,0.0,355867.0,11,2505303680.0,0.0,0,0.0,192715667.6923077,227754880.0,0.846,0.0,1,21597,6920.0,7320.0,3000,1,0,0,0.0,7340.0,17000,2,0,0,0.0,7350.0,25209,2,0,0,0.0,7370.0,57781,1,0,0,0.0,7380.0,44631,3,,,,,,,,,,,,,,,,
6478064539164167,ریشمک,تولید و صادرات ریشمک,2026-10-04T09:29:35+03:30,18320.0,2.98,18320.0,2.98,17790.0,18320.0,18320.0,18320.0,42.0,213469.0,3910752080.0,18320.0,17260,2342.0,7.8,1,43,سهم,مواد و محصولات دارویی,بازار فرابورس,بازار اول فرابورس,10.29,2342.0,1795.5,1000000000.0,,14645490.0,16470.0,17840.0,6950.0,17940.0,2026-10-04,18320000000000.0,213168.0,2,3905237760.0,0.0,0,0.0,213168.0,38,3905237760.0,0.0,0,0.0,1952618880.0,102769414.73684211,19.0,0.0,214,16226683,18320.0,0.0,0,0,1,10000,18230.0,0.0,0,0,1,800,17800.0,0.0,0,0,3,36802,17790.0,0.0,0,0,2,45000,17600.0,0.0,0,0,صف خرید,,,,,,,,,,,,,,,
6478327921110732,طدرو7005,اختیارف دارونو-34000-05/07/15,2026-10-04T09:28:18+03:30,19.0,18.75,20.0,25.0,16.0,40.0,19.0,40.0,4.0,304.0,6049000.0,500000.0,1,0.0,,1,68,اختیار معامله,صندوق سرمایه گذاری قابل معامله,بازار مشتقه,-',0.0,,0.0,1000.0,,614.0,3.0,125.0,3.0,1718.0,2026-10-01,20000.0,304.0,3,6080.0,0.0,0,0.0,304.0,1,6080.0,0.0,0,0.0,2026.6666666666665,6080.0,0.333,0.0,2,1100,7.0,100.0,791,1,5,5000,5.0,430.0,500,1,1,650,2.0,1980.0,1000,1,1,100,1.0,0.0,0,0,0,0,0.0,0.0,0,0,,,,,,دارونو,34074071043606558,41987,34000,1000,1405/06/14,1405/07/15,3,فروش,7496,545389000.0
6578239694389978,ضسپا7033,اختیارخ خساپا-800-1405/07/29,2026-10-04T09:29:44+03:30,32.0,6.67,28.0,-6.67,30.0,24.0,23.0,32.0,428.0,151543.0,4186508000.0,100000.0,1,0.0,,1.0,34,اختیار معامله,,,,,,,,,,,,,,,,90361.0,41,2530108.0,57782.0,3,1617896.0,148143.0,32,4148004.0,0.0,0,0.0,61709.95121951219,129625.125,0.476,-1617896.0,1,1000,31.0,32.0,1000,1,5,4100,30.0,33.0,1952,4,19,17500,29.0,34.0,7165,10,5,4190,28.0,35.0,1515,5,4,1668,27.0,36.0,65,2,,,,,,خساپا,44891482026867833,686,800,1000,1405/04/27,1405/07/29,17,خرید,5202692,91527464000.0
6757220448540984,سشمال,سیمان شمال,2026-10-04T09:29:19+03:30,19000.0,-2.06,18900.0,-2.58,19400.0,19330.0,18820.0,19710.0,126.0,874368.0,16523203400.0,19980.0,18820,2297.0,8.2,1,53,سهم,سیمان، آهک و گچ,بازار بورس,بازار اول (تابلوی اصلی) بورس,7.58,2297.0,5112.408,5000000000.0,24.0,4457189.0,18520.0,19890.0,11140.0,36600.0,2026-10-04,94500000000000.0,509372.0,65,9627130800.0,364996.0,2,6898424400.0,443329.0,26,8378918100.0,431039.0,1,8146637100.0,148109704.6153846,322266080.7692307,0.46,1248212700.0,5,32102,18830.0,19000.0,95414,2,13,420692,18820.0,19120.0,3839,2,1,20000,16710.0,19200.0,270,1,0,0,0.0,19400.0,10331,1,0,0,0.0,19500.0,28771,3,,,,,,,,,,,,,,,,
6847536925606808,ومعلم,بیمه معلم,2026-10-04T09:24:51+03:30,3240.0,-0.61,3180.0,-2.45,3260.0,3170.0,3170.0,3240.0,26.0,838910.0,2669456380.0,3350.0,3170,-34.0,-93.5,1,66,سهم,بیمه وصندوق بازنشستگی به جزتامین اجتماعی,بازار فرابورس,بازار دوم فرابورس,18.64,-34.0,0.0,7500000000.0,,8176979.0,3250.0,3360.0,2305.0,3610.0,2026-10-04,23850000000000.0,838910.0,10,2667733800.0,0.0,0,0.0,838910.0,18,2667733800.0,0.0,0,0.0,266773380.0,148207433.3333333,1.8,0.0,3,54600,3190.0,3240.0,52169,2,3,24467,3180.0,3250.0,3403,1,30,254046,3170.0,3270.0,1550,1,1,2500,3150.0,3280.0,233541,2,0,0,0.0,3290.0,2000,1,,,,,,,,,,,,,,,,
6905737326614124,رپویا,پویا,2026-10-04T09:29:35+03:30,60670.0,2.76,60470.0,2.42,59040.0,59040.0,59040.0,60790.0,96.0,17313.0,1046855720.0,60810.0,57270,5242.0,11.5,1,72,سهم,رایانه و فعالیتهای وابسته به آن,بازار فرابورس,بازار نوآفرین - دانش بنیان,9.48,5242.0,0.0,320000000.0,,1529683.0,56670.0,60090.0,28950.0,62790.0,2026-10-04,19350400000000.0,17313.0,16,1046917110.0,0.0,0,0.0,17313.0,72,1046917110.0,0.0,0,0.0,65432319.375,14540515.416666668,4.5,0.0,2,983,60350.0,60670.0,287,2,1,654,60340.0,60680.0,232,4,2,322,60150.0,60690.0,2057,5,2,1191,60140.0,60790.0,30000,1,6,20828,60130.0,60800.0,26366,10,,,,,,,,,,,,,,,,
7055611792818142,طدرو7006,اختیارف دارونو-38000-05/07/15,2026-10-04T09:19:11+03:30,1.0,-99.51,1.0,-99.51,203.0,1.0,1.0,1.0,2.0,12.0,12000.0,500000.0,1,0.0,,1,68,اختیار معامله,صندوق سرمایه گذاری قابل معامله,بازار مشتقه,-',0.0,,0.0,1000.0,,112.0,185.0,752.0,185.0,4153.0,2026-10-01,1000.0,12.0,1,12.0,0.0,0,0.0,12.0,1,12.0,0.0,0,0.0,12.0,12.0,1.0,0.0,5,4088,1.0,400.0,21,1,0,0,0.0,1280.0,1,1,0,0,0.0,0.0,0,0,0,0,0.0,0.0,0,0,0,0,0.0,0.0,0,0,,,,,,دارونو,34074071043606558,41987,38000,1000,1405/06/14,1405/07/15,3,فروش,685,503436000.0
7104496710718469,آرامش,صندوق سرمایه گذاری آرامش-ثابت,2026-10-04T09:28:19+03:30,20437.0,0.12,20437.0,0.12,20412.0,20437.0,20437.0,20438.0,73.0,818761.0,16733405055.0,21024.0,19800,0.0,,1,68,صندوق,صندوق سرمایه گذاری قابل معامله,بازار بورس,بازار صندوق های قابل معامله,0.0,,0.0,5500000000.0,,90716576.0,20355.0,20413.0,14822.0,20413.0,2026-10-04,112403500000000.0,395046.0,7,8073555102.0,423715.0,1,8659463455.0,497883.0,62,10175234871.0,320878.0,1,6557783686.0,1153365014.5714285,164116691.46774194,7.028,-2101679769.0,2,299955958,20437.0,20438.0,50000000,1,1,1000000,20436.0,20439.0,1000000,1,1,1000000,20435.0,20440.0,1000000,1,1,1000000,20434.0,20441.0,1000000,1,1,1000000,20433.0,20442.0,1000000,1,,20329.0,20343.0,2026-10-04T09:18:06+03:30,0.53,,,,,,,,,,,
7183333492448248,وپخش,داروپخش (هلدینگ,2026-10-04T09:28:18+03:30,59720.0,2.98,59720.0,2.98,57990.0,59720.0,59720.0,59720.0,299.0,3395878.0,202801834160.0,59720.0,56260,3800.0,15.7,1,43,سهم,مواد و محصولات دارویی,بازار بورس,بازار دوم (تابلوی اصلی) بورس,14.67,3800.0,0.0,8400000000.0,11.0,6682680.0,54670.0,57990.0,14500.0,57990.0,2026-10-04,501648000000000.0,2675878.0,101,159803434160.0,720000.0,13,42998400000.0,2376670.0,60,141934732400.0,1019208.0,5,60867101760.0,1582212219.4059408,2365578873.333333,0.669,17868701760.0,561,11186385,59720.0,0.0,0,0,2,60000,59170.0,0.0,0,0,1,30000,59070.0,0.0,0,0,2,40000,58890.0,0.0,0,0,2,30100,58700.0,0.0,0,0,صف خرید,,,,,,,,,,,,,,,
7235435095059069,پکویر,کویر تایر,2026-10-04T09:29:32+03:30,3480.0,-0.29,3430.0,-1.72,3490.0,3570.0,3390.0,3570.0,396.0,9564529.0,32827261160.0,3590.0,3390,544.0,6.3,1,25,سهم,لاستیک و پلاستیک,بازار بورس,بازار اول (تابلوی اصلی) بورس,8.41,544.0,3481.4585,33668828000.0,27.0,74669101.0,3480.0,3670.0,3400.0,7910.0,2026-10-04,115484080040000.0,9564529.0,199,32806334470.0,0.0,0,0.0,9224387.0,106,31639647410.0,340142.0,1,1166687060.0,164855952.11055276,298487239.7169812,0.552,1166687060.0,1,1250,3480.0,3490.0,338732,7,1,2021,3450.0,3500.0,929057,6,1,26274,3440.0,3510.0,7000,1,1,51345,3430.0,3530.0,1800,1,4,364660,3420.0,3540.0,300000,1,,,,,,,,,,,,,,,,
7238312933655576,ضجار8033,اختیارخ وتجارت-1091-1405/08/20,2026-10-04T09:29:33+03:30,79.0,0.0,68.0,-13.92,79.0,80.0,60.0,80.0,44.0,10979.0,747838000.0,100000.0,1,0.0,,1.0,57,اختیار معامله,,,,,,,,,,,,,,,,10979.0,23,746572.0,0.0,0,0.0,10979.0,15,746572.0,0.0,0,0.0,32459.65217391304,49771.46666666666,0.652,0.0,2,627,78.0,79.0,797,1,1,1000,77.0,80.0,442,2,2,2000,76.0,84.0,1248,3,3,2250,75.0,85.0,1130,2,2,2000,74.0,88.0,1022,2,,,,,,وتجارت,63917421733088077,899,1091,1000,1405/06/09,1405/08/20,38,خرید,1213202,8733050000.0
7300125658580126,زکشت,کشاورزی مکانیزه اصفهان کشت,2026-10-04T09:29:30+03:30,14970.0,-1.25,14740.0,-2.77,15160.0,15120.0,14710.0,15120.0,253.0,3894536.0,57406160850.0,15610.0,14710,2199.0,6.7,1,01,سهم,زراعت و خدمات وابسته,بازار فرابورس,بازار اول فرابورس,8.79,2199.0,5467.777,2400000000.0,,7231073.0,15000.0,15920.0,7870.0,24140.0,2026-10-04,35376000000000.0,2789536.0,105,41117760640.0,1105000.0,1,16287700000.0,3894536.0,73,57405460640.0,0.0,0,0.0,391597720.38095236,786376173.150685,0.498,-16287700000.0,1,100000,14870.0,14950.0,8000,1,4,21011,14860.0,14960.0,11228,1,2,15370,14850.0,14970.0,87171,1,1,5000,14830.0,14990.0,36064,2,2,13183,14810.0,15000.0,135110,4,,,,,,,,,,,,,,,,
7376158544119907,لذیذ,صندوق س صنایع سینا1-بخشی,2026-10-04T09:27:48+03:30,30348.0,-2.25,30350.0,-2.25,31048.0,30557.0,30118.0,31000.0,36.0,311469.0,9453183374.0,31979.0,30117,0.0,,1,68,صندوق,صندوق سرمایه گذاری قابل معامله,بازار بورس,بازار صندوق های قابل معامله,0.0,,0.0,1000000000.0,,3861119.0,28630.0,31061.0,10110.0,31061.0,2026-10-04,30350000000000.0,263465.0,21,7996162750.0,48004.0,1,1456921400.0,311469.0,18,9453084150.0,0.0,0,0.0,380769654.7619048,525171341.6666666,0.725,-1456921400.0,1,10000,30661.0,30949.0,25445,2,1,73547,30660.0,30955.0,10000,1,1,16303,30600.0,30988.0,3956,1,1,15000,30504.0,31040.0,5000,1,1,50000,30503.0,31199.0,39000,1,,32298.0,32622.0,2026-10-04T09:19:07+03:30,-6.03,,,,,,,,,,,
7385624172574740,ورنا,سرمایهگذاری رنا(هلدینگ,2026-10-04T09:29:35+03:30,7370.0,2.5,7220.0,0.42,7190.0,7280.0,7040.0,7390.0,427.0,12978303.0,93755904140.0,7400.0,6980,218.0,33.1,1,34,سهم,خودرو و ساخت قطعات,بازار بورس,بازار دوم (تابلوی اصلی) بورس,-23.79,218.0,0.0,25000000000.0,30.0,135344822.0,7080.0,7510.0,4310.0,7990.0,2026-10-04,180500000000000.0,11556895.0,121,83440781900.0,1421408.0,3,10262565760.0,10740796.0,160,77548547120.0,2237507.0,2,16154800540.0,689593238.8429751,484678419.50000006,1.423,5892234780.0,4,263432,7370.0,7380.0,285513,3,3,620000,7360.0,7390.0,1618569,17,1,153670,7310.0,7400.0,7496334,92,1,50000,7300.0,7460.0,265000,2,1,10000,7280.0,7490.0,50000,1,,,,,,,,,,,,,,,,
7395271748414592,وخارزم,سرمایه گذاری خوارزمی,2026-10-04T09:29:23+03:30,9750.0,2.96,9750.0,2.96,9470.0,9750.0,9750.0,9750.0,139.0,6327037.0,61688610750.0,9750.0,9190,830.0,11.7,1,56,سهم,سرمایه گذاریها,بازار بورس,بازار اول (تابلوی اصلی) بورس,7.58,830.0,0.0,80000000000.0,33.0,114226001.0,8940.0,9470.0,2350.0,9470.0,2026-10-04,780000000000000.0,6327037.0,23,61688610750.0,0.0,0,0.0,6327037.0,101,61688610750.0,0.0,0,0.0,2682113510.869565,610778324.2574258,4.391,0.0,3402,748587852,9750.0,0.0,0,0,2,5380,9740.0,0.0,0,0,4,23384,9700.0,0.0,0,0,1,31005,9640.0,0.0,0,0,2,3000,9550.0,0.0,0,0,صف خرید,,,,,,,,,,,,,,,
7457232989848872,خمحور,تولیدمحورخودرو,2026-10-04T09:26:27+03:30,5720.0,1.42,5560.0,-1.42,5640.0,5710.0,5480.0,5720.0,68.0,1242017.0,6908503990.0,5800.0,5480,785.0,7.1,1,34,سهم,خودرو و ساخت قطعات,بازار بورس,بازار دوم (تابلوی اصلی) بورس,-23.79,785.0,8424.668,6325419000.0,9.0,9929049.0,5540.0,5960.0,2600.0,5960.0,2026-10-04,35169329640000.0,1242017.0,28,6905614520.0,0.0,0,0.0,1242017.0,32,6905614520.0,0.0,0,0.0,246629090.0,215800453.75,1.143,0.0,1,9509,5630.0,5710.0,30000,1,3,139204,5620.0,5720.0,70934,6,1,34495,5610.0,5740.0,18000,1,1,2000,5560.0,5760.0,11000,2,2,19000,5550.0,5770.0,149868,2,,,,,,,,,,,,,,,,
7503669593172728,ثاصفا,شرکت ساختمان اصفهان,2026-10-04T09:20:34+03:30,19030.0,-2.96,19030.0,-2.96,19610.0,19030.0,19030.0,19030.0,8.0,36088.0,686754640.0,20190.0,19030,8.0,2378.8,1,70,سهم,انبوه سازی، املاک و مستغلات,بازار پایه فرابورس,بازار پایه زرد فرابورس,0.0,8.0,0.0,160000000.0,,515298.0,19130.0,20700.0,10960.0,21170.0,2026-10-04,3044800000000.0,36088.0,5,686754640.0,0.0,0,0.0,36088.0,4,686754640.0,0.0,0,0.0,137350928.0,171688660.0,0.8,0.0,0,0,0.0,19030.0,284626,8,0,0,0.0,19870.0,10000,1,0,0,0.0,20100.0,4000,1,0,0,0.0,20160.0,5086,1,0,0,0.0,20170.0,55964,1,صف فروش,,,,,,,,,,,,,,,
7505990056227818,ممسنی,پتروشیمی ممسنی,2026-10-04T09:08:07+03:30,16080.0,2.94,16080.0,2.94,15620.0,16080.0,16080.0,16080.0,9.0,403707.0,6491608560.0,16080.0,15160,-92.0,-174.8,1,44,سهم,محصولات شیمیایی,بازار پایه فرابورس,بازار پایه زرد فرابورس,0.0,-92.0,0.0,1390000000.0,,3099697.0,14730.0,15620.0,5370.0,15620.0,2026-10-04,22351200000000.0,403707.0,5,6491608560.0,0.0,0,0.0,403707.0,8,6491608560.0,0.0,0,0.0,1298321712.0,811451070.0,1.6,0.0,70,5558936,16080.0,0.0,0,0,21,2100000,11660.0,0.0,0,0,0,0,0.0,0.0,0,0,0,0,0.0,0.0,0,0,0,0,0.0,0.0,0,0,صف خرید,,,,,,,,,,,,,,,
7515372634146934,ضدرو9001,اختیارخ دارونو-24000-05/09/11,2026-10-04T09:24:21+03:30,21450.0,6.8,20850.0,3.81,20084.0,19970.0,19970.0,21450.0,4.0,4.0,83400000.0,500000.0,1,0.0,,1,68,اختیار معامله,صندوق سرمایه گذاری قابل معامله,بازار مشتقه,-',0.0,,0.0,1000.0,,50.0,17000.0,20993.0,12411.0,22000.0,2026-10-01,20850000.0,4.0,2,83400.0,0.0,0,0.0,4.0,3,83400.0,0.0,0,0.0,41700.0,27800.0,1.5,0.0,1,1,17100.0,21990.0,1,1,1,1,16150.0,22980.0,2,1,1,1,16010.0,23500.0,1,1,1,1,15100.0,24240.0,2,1,1,1,15050.0,24950.0,1,1,,,,,,دارونو,34074071043606558,41987,24000,1000,1405/06/14,1405/09/11,59,خرید,789,125901000.0
7540280865780734,ضموج724,اختیارخ موج-80000-14050726,2026-10-04T09:27:55+03:30,23000.0,5.52,20375.0,-6.52,21797.0,20000.0,20000.0,23000.0,5.0,16.0,326000000.0,1000000.0,1,0.0,,1,68,اختیار معامله,صندوق سرمایه گذاری قابل معامله,بازار مشتقه,بازار ابزارهای مشتقه,0.0,,0.0,1000.0,,15.0,18000.0,27000.0,10000.0,27000.0,2026-10-01,20375000.0,14.0,2,285250.0,2.0,1,40750.0,10.0,2,203750.0,6.0,1,122250.0,142625.0,101875.0,1.4,81500.0,1,5,20002.0,25000.0,3,1,1,51,20001.0,29999.0,50,1,1,50,10000.0,0.0,0,0,1,1,5004.0,0.0,0,0,1,1,5003.0,0.0,0,0,,,,,,موج,67141987086032267,97927,80000,1000,1405/05/31,1405/07/26,14,خرید,232,1565600000.0
7645610994185878,ضخود8055,اختیارخ خودرو-400-1405/08/06,2026-10-04T09:25:44+03:30,331.0,3.76,310.0,-2.82,319.0,311.0,300.0,331.0,9.0,3572.0,1106319000.0,100000.0,1,0.0,,1.0,34,اختیار معامله,,,,,,,,,,,,,,,,2644.0,7,819640.0,928.0,1,287680.0,1713.0,3,531030.0,1859.0,1,576290.0,117091.42857142858,177010.0,0.661,288610.0,1,800,332.0,340.0,500,1,1,1000,321.0,341.0,978,1,1,100,314.0,360.0,1000,1,1,50,300.0,370.0,50,1,1,1000,256.0,390.0,1250,2,,,,,,خودرو,65883838195688438,716,400,1000,1405/05/10,1405/08/06,24,خرید,101988,2557552000.0
7681671915916933,جهش,صندوق سهامی جهش فارابی-اهرمی,2026-10-04T09:29:49+03:30,45238.0,0.72,43984.0,-2.07,44913.0,43119.0,43119.0,45500.0,3122.0,47295951.0,2080256588815.0,46709.0,43117,0.0,,1,68,صندوق,صندوق سرمایه گذاری قابل معامله,بازار بورس,بازار صندوق های قابل معامله,0.0,,0.0,3000000000.0,,103390490.0,42001.0,46568.0,9680.0,48556.0,2026-10-04,131952000000000.0,44882814.0,844,1974125690976.0,2140337.0,5,94140582608.0,46850137.0,860,2060656425808.0,173014.0,1,7609847776.0,2339011482.199052,2396112123.0325584,0.976,-86530734832.0,5,211183,45150.0,45237.0,32900,2,1,350,45100.0,45238.0,80528,3,1,14290,45036.0,45239.0,10000,1,1,561,45034.0,45240.0,74445,2,1,552,45026.0,45300.0,6325,4,,56487.0,57441.0,2026-10-04T09:19:05+03:30,-22.13,,,,,,,,,,,
7711282667602555,شاراک,پتروشیمی شازند,2026-10-04T09:29:48+03:30,31210.0,1.13,30600.0,-0.84,30860.0,31450.0,30200.0,31450.0,827.0,5635755.0,172432353280.0,31780.0,29940,3871.0,7.9,1,44,سهم,محصولات شیمیایی,بازار بورس,بازار اول (تابلوی فرعی) بورس,10.13,3871.0,50896.656,17000000000.0,16.0,53096980.0,28610.0,31190.0,6920.0,31190.0,2026-10-04,520200000000000.0,4708384.0,277,144076550400.0,801920.0,6,24538752000.0,5390304.0,221,164943302400.0,120000.0,1,3672000000.0,520131950.90252703,746349784.6153846,0.697,-20866752000.0,2,2114,31110.0,31210.0,8874,1,1,24351,31100.0,31220.0,40000,3,3,40200,31090.0,31330.0,1500,1,9,76660,31000.0,31360.0,170,1,4,39000,30910.0,31370.0,15000,1,,,,,,,,,,,,,,,,
7803396484851273,کارآمد,صندوق س.درآمد ثابت کارآمد-د,2026-10-04T09:29:00+03:30,18640.0,0.13,18640.0,0.13,18616.0,18640.0,18640.0,18641.0,262.0,8996815.0,167700834621.0,19174.0,18058,0.0,,1,68,صندوق,صندوق سرمایه گذاری قابل معامله,بازار فرابورس,بازار ابزارهاي نوين مالي فرابورس,1067.75,,0.0,10000000000.0,,468476220.0,18565.0,18617.0,13550.0,18617.0,2026-10-04,186400000000000.0,1609655.0,38,30003969200.0,7387160.0,2,137696662400.0,7806947.0,98,145521492080.0,1189868.0,3,22179139520.0,789578136.8421053,1484913184.489796,0.532,-115517522880.0,1,294852217,18640.0,18641.0,100203212,7,1,1000000,18639.0,18642.0,1000000,1,1,1000000,18638.0,18643.0,1000000,1,1,1000000,18637.0,18644.0,1000000,1,1,1000000,18636.0,18645.0,1000000,1,,18638.0,18662.0,2026-10-04T09:19:13+03:30,0.01,,,,,,,,,,,
7854238750997270,نبات,صندوق س. بخشی صنایع دانایان1-ب,2026-10-04T09:26:59+03:30,21610.0,-0.33,21335.0,-1.6,21682.0,21033.0,21033.0,21610.0,13.0,63954.0,1364427891.0,22332.0,21032,0.0,,1,68,صندوق,صندوق سرمایه گذاری قابل معامله,بازار فرابورس,بازار ابزارهاي نوين مالي فرابورس,1047.86,,0.0,400000000.0,,2680764.0,20540.0,21888.0,9809.0,21888.0,2026-10-04,8534000000000.0,27159.0,4,579437265.0,36795.0,1,785021325.0,63954.0,11,1364458590.0,0.0,0,0.0,144859316.25,124041690.0,1.168,-785021325.0,2,2054,21610.0,22000.0,60244,1,2,106000,21600.0,22100.0,54920,2,1,5970,21500.0,22129.0,64,1,2,6000,21150.0,22240.0,100000,1,1,100,21111.0,0.0,0,0,,21951.0,22177.0,2026-10-04T09:19:05+03:30,-2.81,,,,,,,,,,,
7894789854613552,ضذوب7040,اختیارخ ذوب-450-1405/07/22,2026-10-04T09:29:24+03:30,220.0,-6.38,212.0,-9.79,235.0,208.0,206.0,220.0,16.0,11000.0,2329000000.0,100000.0,1,0.0,,1.0,27,اختیار معامله,,,,,,,,,,,,,,,,11000.0,9,2332000.0,0.0,0,0.0,0.0,0,0.0,11000.0,1,2332000.0,259111.1111111111,,,2332000.0,1,500,221.0,222.0,960,1,4,1667,220.0,223.0,1213,2,1,1000,215.0,224.0,1000,1,2,1019,214.0,226.0,1000,1,1,1000,211.0,228.0,1000,1,,,,,,ذوب,71483646978964608,656,450,1000,1405/04/21,1405/07/22,10,خرید,894529,4592000000.0
7962125488932373,ضملت8076,اختیارخ وبملت-1600-1405/08/20,2026-10-04T09:29:44+03:30,97.0,-3.0,87.0,-13.0,100.0,99.0,84.0,99.0,256.0,113128.0,9893750000.0,100000.0,1,0.0,,1.0,57,اختیار معامله,,,,,,,,,,,,,,,,105846.0,43,9208602.0,6532.0,1,568284.0,51378.0,14,4469886.0,61000.0,3,5307000.0,214153.53488372095,319277.5714285714,0.671,4738716.0,2,1250,96.0,98.0,700,4,1,200,95.0,99.0,5157,9,1,500,94.0,100.0,450,3,2,500,93.0,102.0,100,1,2,1100,89.0,104.0,3100,4,,,,,,وبملت,778253364357513,1459,1600,1000,1405/05/24,1405/08/20,38,خرید,1257078,152214552000.0
8000351713789858,نان,صنایع غذایی رضوی,2026-10-04T09:29:47+03:30,6560.0,2.34,6530.0,1.87,6410.0,6580.0,6430.0,6580.0,515.0,11220026.0,73305680920.0,6600.0,6220,929.0,7.0,1,42,سهم,محصولات غذایی و آشامیدنی به جز قند و شکر,بازار فرابورس,بازار دوم فرابورس,7.72,929.0,7384.0005,10000000000.0,,35287768.0,6050.0,6410.0,3017.0,7130.0,2026-10-04,65300000000000.0,9888163.0,112,64569704390.0,1245283.0,2,8131697990.0,10051246.0,192,65634636380.0,1082200.0,1,7066766000.0,576515217.7678572,341847064.4791667,1.686,-1064931990.0,6,330839,6540.0,6550.0,16021,1,3,210799,6530.0,6560.0,183522,6,6,153117,6520.0,6570.0,63167,9,2,2730,6510.0,6580.0,616005,14,4,284199,6500.0,6590.0,810847,17,,,,,,,,,,,,,,,,
8010672821575745,ضملت7041,اختیارخ وبملت-1154-1405/07/22,2026-10-04T09:28:23+03:30,349.0,-3.59,325.0,-10.22,362.0,369.0,316.0,370.0,38.0,6710.0,2182914000.0,100000.0,1,0.0,,1.0,57,اختیار معامله,,,,,,,,,,,,,,,,6669.0,11,2167425.0,41.0,1,13325.0,6710.0,11,2180750.0,0.0,0,0.0,197038.63636363635,198250.0,0.994,-13325.0,2,600,343.0,349.0,194,1,1,1000,341.0,350.0,1000,1,1,250,330.0,360.0,255,2,1,1000,325.0,372.0,638,1,1,100,320.0,373.0,100,1,,,,,,وبملت,778253364357513,1459,1154,1000,1405/04/27,1405/07/22,10,خرید,1102584,9701532000.0
8021561335311415,اصیل,صندوق درآمدثابت مشترک البرز-د,2026-10-04T09:29:00+03:30,21935.0,0.12,21935.0,0.12,21908.0,21935.0,21935.0,21936.0,51.0,16070235.0,352504617269.0,22565.0,21251,0.0,,1,68,صندوق,صندوق سرمایه گذاری قابل معامله,بازار فرابورس,بازار ابزارهاي نوين مالي فرابورس,1067.75,,0.0,3000000000.0,,131945454.0,21855.0,21909.0,16050.0,21909.0,2026-10-04,65805000000000.0,847361.0,9,18586863535.0,15222874.0,2,333913741190.0,1158427.0,18,25410096245.0,14911808.0,3,327090508480.0,2065207059.4444444,1411672013.6111112,1.463,-6823232710.0,28,225980894,21935.0,21936.0,16280615,2,1,1000000,21934.0,21937.0,1000000,1,1,1000000,21933.0,21938.0,1000000,1,1,1000000,21932.0,21939.0,1000000,1,1,1000000,21931.0,21940.0,1000000,1,,21972.0,21991.0,2026-10-04T09:18:37+03:30,-0.17,,,,,,,,,,,
8040378907652400,یوتیلیتی,صندوق س. بخشی کیان2-ب,2026-10-04T09:29:38+03:30,11010.0,0.42,10928.0,-0.33,10964.0,10900.0,10900.0,11010.0,106.0,2697510.0,29478160967.0,11292.0,10636,0.0,,1,68,صندوق,صندوق سرمایه گذاری قابل معامله,بازار فرابورس,بازار ابزارهاي نوين مالي فرابورس,1047.86,,0.0,1000000000.0,,35618559.0,10800.0,11200.0,8065.0,11228.0,2026-10-04,10928000000000.0,2622447.0,27,28658100816.0,65063.0,1,711008464.0,2687510.0,53,29369109280.0,0.0,0,0.0,1061411141.3333334,554134137.3584906,1.915,-711008464.0,1,37025,11010.0,11099.0,50,1,1,64937,10997.0,11100.0,5000,1,2,43558,10995.0,11144.0,4100,1,2,8752,10940.0,11149.0,10000,1,1,20000,10928.0,11150.0,46757,4,,11119.0,11223.0,2026-10-04T09:17:28+03:30,-1.72,,,,,,,,,,,
8196881255419637,ضستا7063,اختیارخ شستا-3500-1405/07/15,2026-10-04T09:29:49+03:30,242.0,-12.0,209.0,-24.0,275.0,211.0,167.0,276.0,2164.0,706098.0,147631750000.0,100000.0,1,0.0,,1.0,39,اختیار معامله,,,,,,,,,,,,,,,,683912.0,310,142937608.0,15500.0,2,3239500.0,668400.0,249,139695600.0,31012.0,5,6481508.0,461089.0580645161,561026.5060240964,0.822,3242008.0,1,900,244.0,245.0,210,1,2,600,243.0,246.0,60,1,2,458,242.0,247.0,729,2,3,1755,238.0,248.0,152,1,3,3000,235.0,249.0,44,1,,,,,,شستا,2400322364771558,3580,3500,1000,1405/06/18,1405/07/15,3,خرید,1841859,2352711560000.0
8234855558996646,غدانه,پنبه و دانه های روغنی خراسان,2026-10-04T09:29:52+03:30,20960.0,3.0,20570.0,1.08,20350.0,20940.0,19800.0,20950.0,799.0,8865574.0,182325219860.0,20960.0,19740,3417.0,6.0,1,42,سهم,محصولات غذایی و آشامیدنی به جز قند و شکر,بازار فرابورس,بازار دوم فرابورس,7.72,3417.0,29947.236,2000000000.0,,24091867.0,19490.0,20690.0,5810.0,20690.0,2026-10-04,41140000000000.0,7289033.0,277,149935408810.0,845588.0,3,17393745160.0,7998147.0,210,164521883790.0,136474.0,2,2807270180.0,541283064.2960289,783437541.8571429,0.691,-14586474980.0,2,148973,20960.0,0.0,0,0,10,405237,20950.0,0.0,0,0,2,117327,20940.0,0.0,0,0,3,97059,20930.0,0.0,0,0,1,489,20920.0,0.0,0,0,صف خرید,,,,,,,,,,,,,,,
8255677126500756,ضذوب8035,اختیارخ ذوب-900-1405/08/20,2026-10-04T09:23:51+03:30,15.0,-62.5,15.0,-62.5,40.0,15.0,15.0,15.0,1.0,1.0,15000.0,100000.0,1,0.0,,1.0,27,اختیار معامله,,,,,,,,,,,,,,,,1.0,1,15.0,0.0,0,0.0,1.0,1,15.0,0.0,0,0.0,15.0,15.0,1.0,0.0,2,320,15.0,44.0,100,1,1,111,12.0,45.0,1,1,21,20100,1.0,54.0,200,1,0,0,0.0,55.0,103,1,0,0,0.0,57.0,493,1,,,,,,ذوب,71483646978964608,656,900,1000,1405/06/25,1405/08/20,38,خرید,3023,656000.0
8456220681927384,بنکوداریوش,صندوق س.بخشی داریوش3-ب,2026-10-04T09:29:49+03:30,25758.0,-1.55,25672.0,-1.88,26163.0,26000.0,25501.0,26000.0,160.0,812702.0,20864058742.0,26947.0,25379,0.0,,1,68,صندوق,صندوق سرمایه گذاری قابل معامله,بازار فرابورس,بازار ابزارهاي نوين مالي فرابورس,1047.86,,0.0,2000000000.0,,14858205.0,25877.0,27000.0,10260.0,28943.0,2026-10-04,51344000000000.0,787026.0,85,20204531472.0,10576.0,1,271507072.0,668695.0,61,17166738040.0,128907.0,1,3309300504.0,237700370.25882354,281421935.08196723,0.845,3037793432.0,1,77,25656.0,25758.0,3862,2,4,8511,25655.0,25782.0,18900,1,1,200,25504.0,25799.0,5558,1,2,66211,25503.0,25800.0,1535,1,10,894248,25500.0,25900.0,40000,1,,25707.0,25974.0,2026-10-04T09:17:32+03:30,-0.14,,,,,,,,,,,
8602793697394313,فرصت,صندوق س فرصت آفرین سرمایه-سهام,2026-10-04T09:13:34+03:30,28600.0,0.87,28600.0,0.87,28353.0,28520.0,28520.0,28600.0,2.0,20038.0,573083760.0,29203.0,27503,0.0,,1,68,صندوق,صندوق سرمایه گذاری قابل معامله,بازار بورس,بازار صندوق های قابل معامله,0.0,,0.0,200000000.0,,606250.0,26038.0,28524.0,11740.0,28524.0,2026-10-04,5720000000000.0,0.0,0,0.0,20038.0,1,573086800.0,20038.0,2,573086800.0,0.0,0,0.0,,286543400.0,,-573086800.0,1,20000,27511.0,28900.0,50000,1,1,20000,27510.0,29000.0,18523,2,0,0,0.0,29203.0,20001,2,0,0,0.0,0.0,0,0,0,0,0.0,0.0,0,0,,28894.0,29183.0,2026-10-04T09:19:04+03:30,-1.02,,,,,,,,,,,
8646067353086740,بالاس,مهندسی ساختمان تاسیسات راه آهن,2026-10-04T09:29:09+03:30,50020.0,-0.81,49970.0,-0.91,50430.0,49010.0,49010.0,50600.0,59.0,167596.0,8374678140.0,51940.0,48920,1907.0,26.2,1,45,سهم,پیمانکاری صنعتی,بازار فرابورس,بازار دوم فرابورس,25.7,1907.0,0.0,150000000.0,,2378251.0,49650.0,52860.0,38100.0,81550.0,2026-10-04,7495500000000.0,167596.0,19,8374772120.0,0.0,0,0.0,167596.0,32,8374772120.0,0.0,0,0.0,440777480.0,261711628.75,1.684,0.0,1,1000,49640.0,50010.0,30413,2,1,500,49610.0,50020.0,20617,3,2,2000,49600.0,50440.0,2000,2,1,1000,49580.0,50490.0,6022,2,1,1000,49520.0,50500.0,2000,1,,,,,,,,,,,,,,,,
8660681364361165,طملی9045,اختیارف فملی-28000-1405/09/04,2026-10-04T09:25:04+03:30,1000.0,-71.35,1000.0,-71.35,3491.0,1000.0,1000.0,1000.0,1.0,4.0,4000000.0,100000.0,1,0.0,,1.0,27,اختیار معامله,,,,,,,,,,,,,,,,4.0,1,4000.0,0.0,0,0.0,4.0,1,4000.0,0.0,0,0.0,4000.0,4000.0,1.0,0.0,1,96,1000.0,3990.0,2,1,1,5,97.0,0.0,0,0,1,55,35.0,0.0,0,0,1,30,25.0,0.0,0,0,1,100,11.0,0.0,0,0,,,,,,فملی,35425587644337450,28740,28000,1000,1405/06/17,1405/09/04,52,فروش,115,114640000.0
8725363201030474,فگستر,گسترش صنایع روی ایرانیان,2026-10-04T09:29:52+03:30,13090.0,1.39,12670.0,-1.86,12910.0,13070.0,12530.0,13100.0,1165.0,22331100.0,282953232900.0,13290.0,12530,1905.0,6.7,1,27,سهم,فلزات اساسی,بازار فرابورس,بازار اول فرابورس,8.73,1905.0,9265.721,3550000000.0,,24946552.0,12000.0,12940.0,2568.0,12940.0,2026-10-04,44978500000000.0,17827765.0,390,225877782550.0,4348977.0,3,55101538590.0,21867686.0,305,277063581620.0,309056.0,2,3915739520.0,579173801.4102564,908405185.6393443,0.638,-51185799070.0,2,129553,13080.0,13090.0,11348,1,3,109921,13070.0,13100.0,66943,5,3,84882,13060.0,13110.0,400,1,2,21695,13040.0,13130.0,16613,1,2,1600,13000.0,13160.0,10000,1,,,,,,,,,,,,,,,,
8890187633205068,بازبیمه2,صندوق س.بخشی بازده صنایع1-ب,2026-10-04T09:19:41+03:30,1.0,-100.0,1.0,-100.0,29899.0,1.0,1.0,1.0,1.0,5000.0,5000.0,1.0,1,0.0,,1,68,صندوق,صندوق سرمایه گذاری قابل معامله,بازار فرابورس,بازار ابزارهاي نوين مالي فرابورس,1075.61,,0.0,1000000000.0,,1589650.0,1.0,1.0,1.0,1.0,2026-10-03,1000000000.0,0.0,0,0.0,5000.0,1,5000.0,0.0,0,0.0,5000.0,1,5000.0,,,,0.0,0,0,0.0,0.0,0,0,,,,,,,,,,,,,,,,,,,,,,,,,,,,,,,,,,,,,,,,
8912965520056581,هومان,صندوق س. سهامی ثروت هومان-س,2026-10-04T09:00:47+03:30,35890.0,2.87,35890.0,2.87,34887.0,35890.0,35890.0,35890.0,1.0,1389.0,49851210.0,35933.0,33841,0.0,,1,68,صندوق,صندوق سرمایه گذاری قابل معامله,بازار فرابورس,بازار ابزارهاي نوين مالي فرابورس,1047.86,,0.0,1000000000.0,,55588.0,33973.0,34968.0,13500.0,35993.0,2026-10-04,35890000000000.0,1389.0,1,49851210.0,0.0,0,0.0,1389.0,1,49851210.0,0.0,0,0.0,49851210.0,49851210.0,1.0,0.0,2,50300,34887.0,35388.0,2,1,1,50000,34880.0,35389.0,3614,1,1,50000,34870.0,35390.0,1050,2,1,50000,34860.0,35890.0,2111,1,1,50000,34850.0,35895.0,50000,1,,34802.0,35137.0,2026-10-04T09:19:14+03:30,3.13,,,,,,,,,,,
8915450910866216,دزهراوی,داروسازیزهراوی,2026-10-04T09:29:31+03:30,5190.0,1.57,5160.0,0.98,5110.0,5170.0,5110.0,5190.0,304.0,10687238.0,55179374190.0,5260.0,4960,492.0,10.5,1,43,سهم,مواد و محصولات دارویی,بازار بورس,بازار دوم (تابلوی فرعی) بورس,14.67,492.0,2347.0498,10633815000.0,24.0,49482849.0,5090.0,5380.0,1203.0,5380.0,2026-10-04,54870485400000.0,4677479.0,56,24135791640.0,6009759.0,2,31010356440.0,9087238.0,130,46890148080.0,1600000.0,1,8256000000.0,430996279.28571427,360693446.7692308,1.195,-22754356440.0,2,56959,5170.0,5190.0,94860,1,1,68710,5160.0,5200.0,427300,10,1,50,5150.0,5210.0,211194,4,2,290369,5140.0,5220.0,4400,2,2,4000,5110.0,5230.0,395174,4,,,,,,,,,,,,,,,,
8961366473557410,رسانا,صندوق س.بخشی گستره فیروزه1-ب,2026-10-04T09:27:45+03:30,28428.0,-0.31,28246.0,-0.95,28516.0,28459.0,27822.0,28459.0,18.0,67310.0,1901261140.0,29371.0,27661,0.0,,1,68,صندوق,صندوق سرمایه گذاری قابل معامله,بازار فرابورس,بازار ابزارهاي نوين مالي فرابورس,1047.85,,0.0,2000000000.0,,1628359.0,26626.0,28899.0,10034.0,28899.0,2026-10-04,56492000000000.0,67310.0,15,1901238260.0,0.0,0,0.0,32182.0,6,909012772.0,35128.0,1,992225488.0,126749217.33333333,151502128.6666667,0.837,992225488.0,2,2880,28176.0,28428.0,724,1,1,2000,28175.0,28430.0,39612,3,1,9775,27825.0,28459.0,205450,2,5,35215,27821.0,29370.0,15000,1,2,5359,27820.0,29371.0,2047,1,,27657.0,27940.0,2026-10-04T09:19:12+03:30,2.13,,,,,,,,,,,
8977369674477111,کطبس,ذغالسنگ نگین طبس,2026-10-04T09:27:30+03:30,22350.0,3.0,22350.0,3.0,21700.0,22350.0,22350.0,22350.0,31.0,401743.0,8978956050.0,22350.0,21050,1904.0,11.7,1,10,سهم,استخراج زغال سنگ,بازار بورس,بازار دوم (تابلوی اصلی) بورس,11.74,1904.0,7728.0415,1950000000.0,36.0,4876613.0,20460.0,21700.0,5150.0,21700.0,2026-10-04,43582500000000.0,219445.0,4,4904595750.0,182298.0,1,4074360300.0,101743.0,22,2273956050.0,300000.0,1,6705000000.0,1226148937.5,103361638.63636363,11.863,2630639700.0,107,7715654,22350.0,0.0,0,0,1,1500,21710.0,0.0,0,0,4,54720,21700.0,0.0,0,0,1,376,21690.0,0.0,0,0,1,5000,21400.0,0.0,0,0,صف خرید,,,,,,,,,,,,,,,
8977441217024425,فسپا,گروهصنعتیسپاهان,2026-10-04T09:28:49+03:30,9840.0,2.93,9840.0,2.93,9560.0,9840.0,9610.0,9840.0,1269.0,108692353.0,1069444213250.0,9840.0,9280,1216.0,8.1,1,27,سهم,فلزات اساسی,بازار بورس,بازار اول (تابلوی اصلی) بورس,15.14,1216.0,5511.0977,12500000000.0,36.0,51678723.0,9020.0,9560.0,2161.0,9560.0,2026-10-04,123000000000000.0,88378368.0,440,869643141120.0,20313985.0,17,199889612400.0,82840353.0,271,815149073520.0,25852000.0,5,254383680000.0,1976461684.3636365,3007930160.5904055,0.657,54494067600.0,122,18997558,9840.0,0.0,0,0,2,101530,9820.0,0.0,0,0,2,15019,9800.0,0.0,0,0,1,300000,9790.0,0.0,0,0,4,601600,9760.0,0.0,0,0,صف خرید,,,,,,,,,,,,,,,
9061423500400594,ضبساما932,اختیارخ بساما-17000-14050929,2026-10-04T09:07:42+03:30,400.0,32.89,400.0,32.89,301.0,400.0,400.0,400.0,1.0,300.0,120000000.0,1000000.0,1,0.0,,1.0,66,اختیار معامله,,,,,,,,,,,,,,,,300.0,1,120000.0,0.0,0,0.0,0.0,0,0.0,300.0,1,120000.0,120000.0,,,120000.0,1,100,300.0,400.0,1716,3,1,87,250.0,655.0,30,1,1,1,240.0,659.0,817,1,1,1,230.0,0.0,0,0,1,1,220.0,0.0,0,0,,,,,,بساما,41625340598198551,15090,17000,1000,1405/06/15,1405/09/29,77,خرید,8160,4524000000.0
9098178887955847,شهر,گروه مالی شهر,2026-10-04T09:29:18+03:30,2439.0,0.16,2458.0,0.94,2435.0,2489.0,2401.0,2489.0,63.0,2239944.0,5506709409.0,2508.0,2362,291.0,8.4,1,56,سهم,سرمایه گذاریها,بازار بورس,بازار دوم (تابلوی اصلی) بورس,7.53,291.0,0.0,50000000000.0,7.0,19751838.0,2346.0,2494.0,1341.0,2494.0,2026-10-04,122900000000000.0,173733.0,7,427035714.0,2066211.0,1,5078746638.0,2239944.0,56,5505782352.0,0.0,0,0.0,61005102.0,98317542.0,0.62,-5078746638.0,1,3831,2439.0,2459.0,5643,2,1,32984,2421.0,2460.0,18463,5,1,7671,2420.0,2464.0,131057,3,1,100000,2419.0,2465.0,165124,4,1,148198,2403.0,2466.0,232150,7,,,,,,,,,,,,,,,,
9141577977527107,وایرا,سرمایه گذاری صنایع ایران,2026-10-04T09:22:08+03:30,3550.0,-0.84,3540.0,-1.12,3580.0,3540.0,3540.0,3550.0,6.0,182010.0,644315500.0,3680.0,3480,399.0,8.9,1,56,سهم,سرمایه گذاریها,بازار پایه فرابورس,بازار پایه زرد فرابورس,0.0,399.0,0.0,2200000000.0,,8252397.0,3490.0,3700.0,2078.0,3750.0,2026-10-04,7788000000000.0,182010.0,3,644315400.0,0.0,0,0.0,182010.0,2,644315400.0,0.0,0,0.0,214771800.0,322157700.0,0.667,0.0,2,99990,3550.0,3600.0,116857,3,1,50000,3540.0,3650.0,99817,1,2,199817,3520.0,3660.0,100000,1,1,14500,3490.0,3670.0,305500,3,3,406000,3480.0,3680.0,2131341,11,,,,,,,,,,,,,,,,
9155145921347611,زفارس,کشت وصنعت و دامپروری پگاه فارس,2026-10-04T09:29:43+03:30,25000.0,2.04,24280.0,-0.9,24500.0,25180.0,23780.0,25180.0,198.0,479977.0,11654839310.0,25230.0,23770,2916.0,8.3,1,01,سهم,زراعت و خدمات وابسته,بازار فرابورس,بازار دوم فرابورس,8.79,2916.0,0.0,1438710180.0,,4894052.0,24360.0,25840.0,9711.0,26970.0,2026-10-04,34931883170400.0,453119.0,49,11001729320.0,0.0,0,0.0,453119.0,121,11001729320.0,0.0,0,0.0,224525088.16326532,90923382.80991736,2.469,0.0,1,2419,24710.0,25090.0,3119,2,3,102736,24700.0,25100.0,118,1,2,5224,24430.0,25120.0,24694,1,4,59000,24000.0,25140.0,212,1,2,1015,23950.0,25150.0,250,1,,,,,,,,,,,,,,,,
9375107506435996,هوشیار,صندوق س.هوش تصمیم -س,2026-10-04T09:03:16+03:30,24022.0,0.0,24022.0,0.0,24022.0,24022.0,24022.0,24022.0,2.0,100000.0,2402200000.0,24742.0,23302,0.0,,1,68,صندوق,صندوق سرمایه گذاری قابل معامله,بازار فرابورس,بازار ابزارهاي نوين مالي فرابورس,1047.84,,0.0,200000000.0,,265574.0,23414.0,24149.0,12322.0,24149.0,2026-10-04,4804400000000.0,0.0,0,0.0,100000.0,1,2402200000.0,100000.0,1,2402200000.0,0.0,0,0.0,,2402200000.0,,-2402200000.0,1,50000,23769.0,24022.0,50000,1,1,20000,23615.0,24260.0,229,1,1,15000,23535.0,24261.0,40000,1,1,20000,23464.0,24262.0,50000,1,1,10000,23302.0,24470.0,2000,1,,24249.0,24486.0,2026-10-04T09:19:33+03:30,-0.94,,,,,,,,,,,
9481703061634967,پارسیان,بیمه پارسیان,2026-10-04T09:27:48+03:30,1905.0,-2.95,1905.0,-2.95,1963.0,1905.0,1905.0,1905.0,57.0,3856351.0,7346348655.0,2021.0,1905,865.0,2.2,1,66,سهم,بیمه وصندوق بازنشستگی به جزتامین اجتماعی,بازار بورس,بازار اول (تابلوی فرعی) بورس,5.0,865.0,0.0,50000000000.0,17.0,42224413.0,1915.0,2036.0,1156.0,2036.0,2026-10-04,95250000000000.0,3856351.0,46,7346348655.0,0.0,0,0.0,3856351.0,9,7346348655.0,0.0,0,0.0,159703231.63043478,816260961.6666666,0.196,0.0,1,3003,1887.0,1905.0,28867315,50,1,2725,1839.0,1955.0,29062,1,0,0,0.0,1959.0,30000,1,0,0,0.0,1962.0,53327,1,0,0,0.0,1963.0,410090,1,,,,,,,,,,,,,,,,
9698674686691945,کپارس,کاشی پارس,2026-10-04T09:29:41+03:30,19730.0,-2.71,19810.0,-2.32,20280.0,20280.0,19680.0,20280.0,448.0,5221812.0,103468713370.0,20880.0,19680,2681.0,7.4,1,49,سهم,کاشی و سرامیک,بازار بورس,بازار اول (تابلوی فرعی) بورس,8.38,2681.0,12496.03,2510000000.0,45.0,9527995.0,19120.0,20280.0,5680.0,20500.0,2026-10-04,49723100000000.0,4024355.0,145,79722472550.0,992208.0,4,19655640480.0,4851125.0,141,96100786250.0,165438.0,2,3277326780.0,549810155.5172414,681565859.929078,0.807,-16378313700.0,1,50000,19690.0,19900.0,94751,1,32,2165154,19680.0,19950.0,102265,2,1,30000,19100.0,19960.0,200000,2,0,0,0.0,19990.0,20000,1,0,0,0.0,20000.0,16000,2,,,,,,,,,,,,,,,,
9766397730892719,ضهرم7063,اختیارخ اهرم-68000-1405/07/29,2026-10-04T09:25:40+03:30,7700.0,-1.41,7491.0,-4.08,7810.0,6214.0,6214.0,7700.0,7.0,20.0,149828000.0,500000.0,1,0.0,,1.0,68,اختیار معامله,,,,,,,,,,,,,,,,20.0,3,149820.0,0.0,0,0.0,20.0,6,149820.0,0.0,0,0.0,49940.0,24970.0,2.0,0.0,1,100,6800.0,8100.0,13,2,1,3,6799.0,8600.0,1,1,2,11,6215.0,8700.0,45,1,2,49,6214.0,8800.0,23,2,2,40,6100.0,9000.0,5,1,,,,,,اهرم,17914401175772326,72311,68000,1000,1405/06/10,1405/07/29,17,خرید,190068,1441480000.0
9917562130961534,درپاد,گروه صنعتی درپاد تبریز,2026-10-04T09:29:50+03:30,5010.0,2.87,5010.0,2.87,4870.0,5010.0,5010.0,5010.0,222.0,942261.0,4720727610.0,5010.0,4730,24.0,208.8,1,27,سهم,فلزات اساسی,بازار فرابورس,بازار دوم فرابورس,8.73,24.0,2654.6785,9000000000.0,,12669516.0,4750.0,5030.0,3190.0,13610.0,2026-10-04,45090000000000.0,942069.0,9,4719765690.0,0.0,0,0.0,942069.0,213,4719765690.0,0.0,0,0.0,524418410.0,22158524.36619718,23.667,0.0,212,23021776,5010.0,0.0,0,0,3,297709,4990.0,0.0,0,0,1,10000,4980.0,0.0,0,0,1,100000,4900.0,0.0,0,0,1,5000,4890.0,0.0,0,0,صف خرید,,,,,,,,,,,,,,,
9956888831468521,آردینه,نشاسته و گلوکز آردینه,2026-10-04T09:28:53+03:30,35070.0,1.12,34350.0,-0.95,34680.0,34000.0,34000.0,35400.0,142.0,470841.0,16172470510.0,35720.0,33640,4668.0,7.4,1,42,سهم,محصولات غذایی و آشامیدنی به جز قند و شکر,بازار فرابورس,بازار اول فرابورس,7.72,4668.0,12035.649,2000000000.0,,8018591.0,32540.0,34890.0,14340.0,36980.0,2026-10-04,68700000000000.0,410841.0,60,14112388350.0,60000.0,1,2061000000.0,260141.0,70,8935843350.0,210700.0,2,7237545000.0,235206472.5,127654905.0,1.843,5176545000.0,1,10000,35100.0,35230.0,9300,2,1,7353,35080.0,35280.0,150,1,1,25000,35070.0,35290.0,30255,3,4,51971,35050.0,35300.0,30335,4,3,32138,35000.0,35370.0,5000,1,,,,,,,,,,,,,,,,
9972193438263065,طهرم8032,اختیارف اهرم-68000-1405/08/27,2026-10-04T09:29:44+03:30,5869.0,0.17,6257.0,6.79,5859.0,6250.0,5843.0,6900.0,363.0,10207.0,63863291000.0,500000.0,1,0.0,,1.0,68,اختیار معامله,,,,,,,,,,,,,,,,10154.0,80,63533578.0,0.0,0,0.0,10154.0,77,63533578.0,0.0,0,0.0,794169.725,825111.4025974026,0.963,0.0,2,557,5859.0,5890.0,176,1,1,200,5856.0,5950.0,155,3,1,7,5850.0,5990.0,5,1,1,99,5843.0,6000.0,5,1,1,100,5835.0,6119.0,204,2,,,,,,اهرم,17914401175772326,72311,68000,1000,1405/05/31,1405/08/27,45,فروش,66162,704755756000.0
10018514830520205,ضهرم8031,اختیارخ اهرم-62000-1405/08/27,2026-10-04T09:29:48+03:30,17658.0,-2.78,16721.0,-7.94,18163.0,16501.0,15923.0,17800.0,667.0,9953.0,166420659000.0,500000.0,1,0.0,,1.0,68,اختیار معامله,,,,,,,,,,,,,,,,9536.0,115,159451456.0,400.0,4,6688400.0,9800.0,93,163865800.0,136.0,2,2274056.0,1386534.4000000001,1761997.8494623655,0.787,-4414344.0,1,2,17658.0,17660.0,100,1,3,18,17600.0,17680.0,100,1,1,100,17550.0,17695.0,43,1,1,18,17520.0,17780.0,1,1,1,100,17510.0,17888.0,126,1,,,,,,اهرم,17914401175772326,72311,62000,1000,1405/05/31,1405/08/27,45,خرید,151068,667583571000.0
10024128313803797,زگلدشت,کشت و دام گلدشت نمونه اصفهان,2026-10-04T09:28:49+03:30,10990.0,-2.4,11160.0,-0.89,11260.0,11210.0,10950.0,11400.0,83.0,1421015.0,15864269010.0,11590.0,10930,1225.0,9.1,1,01,سهم,زراعت و خدمات وابسته,بازار فرابورس,بازار اول فرابورس,8.78,1225.0,4616.733,5600000000.0,,17083231.0,11240.0,11900.0,4024.0,11900.0,2026-10-04,62496000000000.0,345858.0,29,3859775280.0,1075157.0,2,11998752120.0,703838.0,33,7854832080.0,717177.0,3,8003695320.0,133095699.31034482,238025214.54545456,0.559,-3995056800.0,10,164019,10990.0,11190.0,20000,2,2,1000,10980.0,11200.0,25000,1,4,35541,10970.0,11240.0,152000,3,5,308244,10960.0,11250.0,20000,1,7,10960,10950.0,11260.0,162108,1,,,,,,,,,,,,,,,,
10055255678920880,وملت,سرمایه گذاری ملت,2026-10-04T09:22:09+03:30,4670.0,0.86,4640.0,0.22,4630.0,4670.0,4670.0,4670.0,8.0,42984.0,200735280.0,4670.0,4590,491.0,9.5,168476,56,سهم,سرمایه گذاریها,بازار پایه فرابورس,بازار پایه قرمز فرابورس,0.0,491.0,0.0,1000000000.0,,147006.0,4570.0,4630.0,3208.0,4630.0,2026-10-04,4640000000000.0,42984.0,1,199445760.0,0.0,0,0.0,42984.0,7,199445760.0,0.0,0,0.0,199445760.0,28492251.42857143,7.0,0.0,31,4428997,4670.0,0.0,0,0,1,12000,4300.0,0.0,0,0,0,0,0.0,0.0,0,0,0,0,0.0,0.0,0,0,0,0,0.0,0.0,0,0,صف خرید,,,,,,,,,,,,,,,
10114441830266109,گدنا,تهیه توزیع غذای دنا آفرین فدک,2026-10-04T09:29:34+03:30,6810.0,1.95,6740.0,0.9,6680.0,6600.0,6510.0,6860.0,613.0,7076548.0,47710725690.0,6880.0,6480,1145.0,5.9,1,55,سهم,هتل و رستوران,بازار فرابورس,بازار دوم فرابورس,5.18,1145.0,0.0,1500000000.0,,25905749.0,6660.0,6980.0,4102.0,7900.0,2026-10-04,10110000000000.0,6600307.0,134,44486069180.0,414141.0,2,2791310340.0,6559077.0,313,44208178980.0,455371.0,1,3069200540.0,331985590.8955224,141240188.43450478,2.351,277890200.0,2,4620,6800.0,6820.0,104576,11,1,7350,6770.0,6830.0,208981,7,6,38275,6760.0,6840.0,115032,4,1,4500,6720.0,6850.0,112104,7,4,9120,6710.0,6860.0,571093,8,,,,,,,,,,,,,,,,
10120557300120078,پسهند,صنایع لاستیکی سهند,2026-10-04T09:18:36+03:30,23600.0,-1.71,23510.0,-2.08,24010.0,24590.0,23290.0,24590.0,45.0,206955.0,4865182730.0,24730.0,23290,1468.0,16.0,1,25,سهم,لاستیک و پلاستیک,بازار بورس,بازار اول (تابلوی فرعی) بورس,8.4,1468.0,13608.914,860000000.0,25.0,2733943.0,22560.0,24390.0,15060.0,26500.0,2026-10-04,20218600000000.0,165350.0,20,3887378500.0,41605.0,1,978133550.0,206955.0,14,4865512050.0,0.0,0,0.0,194368925.0,347536575.0,0.559,-978133550.0,1,250,23800.0,24270.0,17465,2,1,20000,23550.0,24280.0,15000,2,2,17672,23540.0,24300.0,1280,1,1,1975,23360.0,24310.0,4000,1,2,15278,23300.0,24500.0,2127,1,,,,,,,,,,,,,,,,
10171945867136336,سیتا,سرمایه گذاری سیمان تامین,2026-10-04T09:29:36+03:30,30500.0,-2.93,30490.0,-2.96,31420.0,30960.0,30480.0,30960.0,469.0,1680157.0,51223427170.0,32360.0,30480,4273.0,7.1,1,53,سهم,سیمان، آهک و گچ,بازار بورس,بازار دوم (تابلوی اصلی) بورس,7.58,4273.0,0.0,22000000000.0,10.0,9840642.0,30690.0,32860.0,15440.0,34540.0,2026-10-04,670780000000000.0,671354.0,205,20469583460.0,1008803.0,4,30758403470.0,1440157.0,170,43910386930.0,240000.0,2,7317600000.0,99851626.63414635,258296393.70588237,0.387,-23440803470.0,5,46532,30500.0,30550.0,30000,1,5,6780,30490.0,30560.0,30000,1,31,514376,30480.0,30570.0,463,1,3,573,30420.0,30580.0,394,1,2,400,29540.0,30680.0,11710,6,,,,,,,,,,,,,,,,
10236455588057352,انتخاب,گروه انتخاب الکترونیک آرمان,2026-10-04T09:29:51+03:30,2367.0,-2.99,2374.0,-2.7,2440.0,2439.0,2367.0,2439.0,106.0,26880139.0,63824328325.0,2513.0,2367,271.0,8.8,1,29,سهم,ماشین آلات و تجهیزات,بازار فرابورس,بازار دوم فرابورس,9.92,271.0,2033.9468,153340603000.0,,237107122.0,2391.0,2548.0,874.0,2635.0,2026-10-04,364030591522000.0,1565268.0,31,3715946232.0,22267250.0,2,52862451500.0,1758450.0,5,4174560300.0,22074068.0,1,52403837432.0,119869233.29032259,834912060.0,0.144,-458614068.0,1,3000,2052.0,2367.0,67414610,102,0,0,0.0,2430.0,1163500,2,0,0,0.0,2437.0,60100,2,0,0,0.0,2439.0,23729,3,0,0,0.0,2440.0,208100,4,,,,,,,,,,,,,,,,
10257716709611052,ضستا7052,اختیارخ شستا-1600-1405/07/15,2026-10-04T09:26:05+03:30,2050.0,-9.69,2046.0,-9.87,2270.0,2050.0,2001.0,2050.0,3.0,110.0,225010000.0,100000.0,1,0.0,,1.0,39,اختیار معامله,,,,,,,,,,,,,,,,110.0,3,225060.0,0.0,0,0.0,110.0,2,225060.0,0.0,0,0.0,75020.0,112530.0,0.667,0.0,1,20,2007.0,2100.0,100,1,1,10,2006.0,2110.0,1,1,1,190,2005.0,2200.0,50,1,1,100,2002.0,2222.0,52,1,2,100,1900.0,2399.0,50,1,,,,,,شستا,2400322364771558,3580,1600,1000,1405/04/10,1405/07/15,3,خرید,15324,392700000.0
10411249540376641,ناما,تولیدی مخازن گازطبیعی آسیاناما,2026-10-04T09:28:30+03:30,4480.0,2.99,4480.0,2.99,4350.0,4480.0,4350.0,4480.0,233.0,15385514.0,68909306960.0,4480.0,4220,583.0,7.7,1,34,سهم,خودرو و ساخت قطعات,بازار فرابورس,بازار دوم فرابورس,6.14,583.0,3954.069,5000000000.0,,19842297.0,4010.0,4370.0,2736.0,4790.0,2026-10-04,22400000000000.0,15385514.0,45,68927102720.0,0.0,0,0.0,13285514.0,85,59519102720.0,2100000.0,1,9408000000.0,1531713393.777778,700224737.882353,2.187,9408000000.0,118,27326142,4480.0,4500.0,6904,4,1,24767,4400.0,4580.0,1102,1,1,1200,4390.0,4620.0,450,1,2,11200,4380.0,4710.0,1071,1,2,170337,4350.0,4720.0,4699,3,,,,,,,,,,,,,,,,
10414047745064283,ضذوب9044,اختیارخ ذوب-1100-1405/09/18,2026-10-04T09:28:05+03:30,39.0,2.63,40.0,5.26,38.0,40.0,39.0,40.0,4.0,461.0,18290000.0,100000.0,1,0.0,,1.0,27,اختیار معامله,,,,,,,,,,,,,,,,461.0,4,18440.0,0.0,0,0.0,461.0,2,18440.0,0.0,0,0.0,4610.0,9220.0,0.5,0.0,1,77,37.0,39.0,850,1,3,521,36.0,40.0,89,1,2,51,34.0,55.0,300,1,1,5,33.0,57.0,1000,1,1,5,32.0,60.0,221,1,,,,,,ذوب,71483646978964608,656,1100,1000,1405/06/21,1405/09/18,66,خرید,57370,282736000.0
10439638497597852,ضملت8079,اختیارخ وبملت-1900-1405/08/20,2026-10-04T09:28:15+03:30,50.0,-3.85,50.0,-3.85,52.0,52.0,45.0,52.0,15.0,5500.0,274500000.0,100000.0,1,0.0,,1.0,57,اختیار معامله,,,,,,,,,,,,,,,,5500.0,4,275000.0,0.0,0,0.0,580.0,2,29000.0,4920.0,1,246000.0,68750.0,14500.0,4.741,246000.0,2,600,46.0,50.0,500,1,1,500,45.0,52.0,80,1,1,999,36.0,54.0,1000,1,1,100,35.0,56.0,1000,1,1,1000,31.0,58.0,1000,1,,,,,,وبملت,778253364357513,1459,1900,1000,1405/05/24,1405/08/20,38,خرید,157644,5793689000.0
10458396610199724,ماهور,صندوق سرمایه گذاری ماهور-ثابت,2026-10-04T09:28:58+03:30,23671.0,0.13,23670.0,0.13,23640.0,23670.0,23670.0,23671.0,162.0,6278335.0,148608491239.0,24349.0,22931,0.0,,1,68,صندوق,صندوق سرمایه گذاری قابل معامله,بازار بورس,بازار صندوق های قابل معامله,0.0,,0.0,7500000000.0,,251175433.0,23580.0,23645.0,17129.0,23645.0,2026-10-04,177525000000000.0,712129.0,28,16856093430.0,5566206.0,1,131752096020.0,5165475.0,104,122266793250.0,1112860.0,3,26341396200.0,602003336.7857143,1175642242.7884614,0.512,-105410699820.0,3,499605260,23670.0,23671.0,40106724,12,4,5254300,23669.0,23672.0,1000000,1,1,5000000,23668.0,23673.0,1000000,1,1,5000000,23667.0,23674.0,1000000,1,1,5000000,23666.0,23675.0,1000000,1,,23679.0,23704.0,2026-10-04T09:19:12+03:30,-0.04,,,,,,,,,,,
10535841469368706,آلکان,صندوق راهبرصنایع مهرگان1-بخشی,2026-10-04T09:28:35+03:30,24150.0,1.14,24023.0,0.61,23877.0,23931.0,23931.0,24150.0,5.0,12382.0,297448137.0,24593.0,23161,0.0,,1,68,صندوق,صندوق سرمایه گذاری قابل معامله,بازار بورس,بازار صندوق های قابل معامله,0.0,,0.0,1000000000.0,,4148586.0,22304.0,24236.0,9950.0,24236.0,2026-10-04,24023000000000.0,12382.0,4,297452786.0,0.0,0,0.0,12382.0,4,297452786.0,0.0,0,0.0,74363196.5,74363196.5,1.0,0.0,4,49475,24150.0,24500.0,500,1,1,156632,24120.0,24538.0,50000,1,1,20000,24100.0,24562.0,77091,1,1,91572,24088.0,24565.0,422909,1,1,408428,24085.0,24593.0,1354,2,,23229.0,23449.0,2026-10-04T09:19:14+03:30,3.42,,,,,,,,,,,
10582752170888629,ضتاص8007,اختیارخ تاصیکو-38000-05/08/06,2026-10-04T09:29:31+03:30,7892.0,-14.5,7467.0,-19.1,9230.0,8985.0,6090.0,9555.0,17.0,94.0,701897000.0,100000.0,1,0.0,,1.0,13,اختیار معامله,,,,,,,,,,,,,,,,94.0,11,701898.0,0.0,0,0.0,94.0,6,701898.0,0.0,0,0.0,63808.90909090909,116983.0,0.545,0.0,2,3,6001.0,7890.0,10,1,1,5,6000.0,7892.0,8,1,1,1,5800.0,7893.0,10,1,2,31,5557.0,7895.0,10,1,1,20,5556.0,7900.0,2,1,,,,,,تاصیکو,23293437377896568,37890,38000,1000,1405/07/11,1405/08/06,24,خرید,83,3523770000.0
10654052153538617,کابگن,تولیدی و صنعتی آبگینه,2026-10-04T09:17:38+03:30,123300.0,2.92,120300.0,0.42,119800.0,123300.0,123300.0,123300.0,4.0,6112.0,753609600.0,123300.0,116300,5894.0,20.4,46454,54,سهم,سایر محصولات کانی غیرفلزی,بازار پایه فرابورس,بازار پایه زرد فرابورس,0.0,5894.0,0.0,93900000.0,,11619.0,118600.0,121600.0,20450.0,121600.0,2026-10-04,11296170000000.0,6112.0,2,735273600.0,0.0,0,0.0,6112.0,3,735273600.0,0.0,0,0.0,367636800.0,245091200.0,1.5,0.0,41,219687,123300.0,0.0,0,0,2,1700,121600.0,0.0,0,0,1,1000,117600.0,0.0,0,0,1,10000,116300.0,0.0,0,0,0,0,0.0,0.0,0,0,صف خرید,,,,,,,,,,,,,,,
10712607014123911,پتروپاداش,صندوق س.بخشی صنایع پاداش1-ب,2026-10-04T09:26:26+03:30,27901.0,0.21,28101.0,0.93,27843.0,28349.0,27900.0,28349.0,24.0,55992.0,1573431976.0,28678.0,27008,0.0,,1,68,صندوق,صندوق سرمایه گذاری قابل معامله,بازار فرابورس,بازار ابزارهاي نوين مالي فرابورس,1047.84,,0.0,800000000.0,,4986874.0,27500.0,28550.0,12816.0,28550.0,2026-10-04,22480800000000.0,16244.0,8,456472644.0,39748.0,1,1116958548.0,42260.0,6,1187548260.0,13732.0,1,385882932.0,57059080.5,197924710.0,0.288,-731075616.0,1,3000,27901.0,28000.0,11256,1,3,200065,27900.0,28349.0,13576,3,2,133872,27820.0,28350.0,2444,1,2,200000,27770.0,28490.0,12000,1,2,142424,27651.0,28520.0,11200,1,,27880.0,28150.0,2026-10-04T09:19:24+03:30,0.79,,,,,,,,,,,
10795723506538053,فیروزا,صندوق ارمغان فیروزه آسیا-ثابت,2026-10-04T09:29:49+03:30,92512.0,0.13,92508.0,0.12,92394.0,92465.0,92412.0,92513.0,1221.0,71372793.0,6602568701747.0,95165.0,89623,0.0,,1,68,صندوق,صندوق سرمایه گذاری قابل معامله,بازار بورس,بازار صندوق های قابل معامله,0.0,,0.0,4250000000.0,,287424969.0,92159.0,92395.0,66876.0,92395.0,2026-10-04,393159000000000.0,11990088.0,246,1109179060704.0,59138934.0,6,5470824506472.0,16607202.0,630,1536299042616.0,54521820.0,19,5043704524560.0,4508857970.341463,2438569908.9142857,1.849,-427119981912.0,12,303019950,92512.0,92513.0,38196326,1,1,5000000,92511.0,92514.0,100000,1,2,5054000,92510.0,92515.0,100000,1,1,5000000,92509.0,92516.0,100000,1,2,5032417,92508.0,92517.0,100760,6,,92859.0,92912.0,2026-10-04T09:19:11+03:30,-0.38,,,,,,,,,,,
10869855467299545,کوچین,تولیدی کوچین,2026-10-04T09:29:52+03:30,17370.0,0.7,17220.0,-0.17,17250.0,17490.0,17000.0,17490.0,443.0,4645489.0,79993339840.0,17760.0,16740,2530.0,6.8,1,42,سهم,محصولات غذایی و آشامیدنی به جز قند و شکر,بازار فرابورس,بازار دوم فرابورس,7.72,2530.0,9279.249,7867570000.0,,26331005.0,16200.0,17870.0,7020.0,30450.0,2026-10-04,135479555400000.0,4554237.0,141,78423961140.0,31318.0,1,539295960.0,3685555.0,191,63465257100.0,900000.0,2,15498000000.0,556198305.9574468,332278832.9842932,1.674,14958704040.0,3,18777,17370.0,17400.0,129491,4,6,38251,17360.0,17410.0,34170,3,3,6226,17350.0,17420.0,121793,7,1,50000,17340.0,17440.0,1752,2,3,77561,17330.0,17450.0,58069,7,,,,,,,,,,,,,,,,
11129387075131725,تملت,تامین سرمایه بانک ملت,2026-10-04T09:29:20+03:30,2231.0,0.0,2233.0,0.09,2231.0,2232.0,2227.0,2251.0,50.0,1556575.0,3475995020.0,2297.0,2165,517.0,4.3,1,67,سهم,فعالیتهای کمکی به نهادهای مالی واسط,بازار بورس,بازار دوم (تابلوی فرعی) بورس,6.34,517.0,0.0,78000000000.0,4.0,8229434.0,2180.0,2316.0,1496.0,2316.0,2026-10-04,174174000000000.0,282647.0,7,631150751.0,1273928.0,1,2844681224.0,1556575.0,38,3475831975.0,0.0,0,0.0,90164393.0,91469262.5,0.986,-2844681224.0,1,100000,2230.0,2231.0,859199,5,2,111856,2229.0,2240.0,3065,1,1,100000,2228.0,2250.0,18452,3,1,175459,2227.0,2260.0,102493,7,1,200000,2226.0,2279.0,197483,1,,,,,,,,,,,,,,,,
11258722998911897,وسکاب,س.ص.بازنشستگی کارکنان بانکها,2026-10-04T09:27:46+03:30,3240.0,0.0,3270.0,0.93,3240.0,3320.0,3240.0,3320.0,67.0,3878672.0,12683792820.0,3330.0,3150,437.0,7.5,1,56,سهم,سرمایه گذاریها,بازار بورس,بازار اول (تابلوی فرعی) بورس,7.53,437.0,0.0,34000000000.0,22.0,48174499.0,3160.0,3330.0,1954.0,3920.0,2026-10-04,111180000000000.0,2524833.0,25,8256203910.0,1353839.0,1,4427053530.0,3878672.0,26,12683257440.0,0.0,0,0.0,330248156.40000004,487817593.84615386,0.677,-4427053530.0,2,80000,3240.0,3280.0,1141,1,3,610000,3230.0,3290.0,75136,3,3,900000,3220.0,3300.0,423199,5,5,1385329,3200.0,3310.0,368246,5,5,323010,3170.0,3320.0,161700,6,,,,,,,,,,,,,,,,
11285885633824855,دریا,صندوق س دریای آبی فیروزه-سهام,2026-10-04T09:26:01+03:30,48691.0,-0.92,48680.0,-0.94,49141.0,48682.0,48306.0,48691.0,4.0,565.0,27504292.0,50615.0,47667,0.0,,1,68,صندوق,صندوق سرمایه گذاری قابل معامله,بازار بورس,بازار صندوق های قابل معامله,0.0,,0.0,1000000000.0,,885404.0,47398.0,50212.0,20710.0,50212.0,2026-10-04,48680000000000.0,0.0,0,0.0,565.0,1,27504200.0,565.0,4,27504200.0,0.0,0,0.0,,6876050.0,,-27504200.0,1,22016,48862.0,49124.0,10,1,1,32154,48823.0,49656.0,78548,1,1,53215,48813.0,49661.0,102154,1,1,68458,48764.0,49686.0,75484,1,1,76548,48759.0,50212.0,15,2,,48671.0,49143.0,2026-10-04T09:19:12+03:30,0.02,,,,,,,,,,,
11308768720087443,ضدرو7006,اختیارخ دارونو-38000-05/07/15,2026-10-04T09:26:05+03:30,4411.0,-24.39,4158.0,-28.73,5834.0,4014.0,4014.0,4777.0,10.0,262.0,1089288000.0,500000.0,1,0.0,,1.0,68,اختیار معامله,,,,,,,,,,,,,,,,25.0,3,103950.0,237.0,1,985446.0,250.0,5,1039500.0,12.0,1,49896.0,34650.0,207900.0,0.167,-935550.0,2,56,4411.0,4596.0,110,1,1,36,4373.0,4600.0,22,2,1,48,4363.0,4606.0,104,1,1,64,4354.0,4615.0,97,1,1,88,4344.0,4624.0,91,1,,,,,,دارونو,34074071043606558,41987,38000,1000,1405/06/14,1405/07/15,3,خرید,7569,10996926000.0
11326461864120062,کربن,کانی کربن طبس,2026-10-04T09:28:52+03:30,9610.0,-2.93,9610.0,-2.93,9900.0,9610.0,9610.0,9610.0,102.0,1971341.0,18944587010.0,10190.0,9610,1449.0,6.6,1,10,سهم,استخراج زغال سنگ,بازار فرابورس,بازار دوم فرابورس,17.43,1449.0,3612.8208,2500000000.0,,16740401.0,9800.0,10300.0,4800.0,13590.0,2026-10-04,24025000000000.0,756621.0,69,7271127810.0,1214720.0,1,11673459200.0,1971341.0,9,18944587010.0,0.0,0,0.0,105378663.91304347,2104954112.222222,0.05,-11673459200.0,1,1000,9540.0,9610.0,21555019,281,2,1079,9280.0,9710.0,25407,1,1,300,9050.0,9800.0,112200,2,0,0,0.0,9830.0,301575,6,0,0,0.0,9870.0,1800,2,,,,,,,,,,,,,,,,
11403770140000603,ولملت,واسپاری ملت,2026-10-04T09:27:17+03:30,26310.0,2.97,26290.0,2.9,25550.0,26310.0,25610.0,26310.0,233.0,3772544.0,99182756650.0,26310.0,24790,824.0,31.9,1,58,سهم,سایر واسطه گریهای مالی,بازار بورس,بازار دوم (تابلوی اصلی) بورس,10.86,824.0,0.0,1500000000.0,19.0,4182015.0,25550.0,25550.0,4636.0,25550.0,2026-10-04,39435000000000.0,3772544.0,95,99180181760.0,0.0,0,0.0,3002544.0,77,78936881760.0,770000.0,2,20243300000.0,1044001913.2631578,1025154308.5714285,1.018,20243300000.0,12,93350,26310.0,0.0,0,0,2,29919,26110.0,0.0,0,0,1,10000,25900.0,0.0,0,0,2,50400,25890.0,0.0,0,0,2,5157,25830.0,0.0,0,0,صف خرید,,,,,,,,,,,,,,,
11427387039523955,شفام,تولیدی و صنعتی گوهرفام,2026-10-04T09:29:12+03:30,2955.0,3.0,2955.0,3.0,2869.0,2955.0,2955.0,2955.0,87.0,6722880.0,19866110400.0,2955.0,2783,282.0,10.5,1,44,سهم,محصولات شیمیایی,بازار فرابورس,بازار اول فرابورس,8.84,282.0,4728.9473,5000000000.0,,17582268.0,2616.0,2869.0,1565.0,3079.0,2026-10-04,14775000000000.0,5722880.0,10,16911110400.0,1000000.0,1,2955000000.0,3722880.0,71,11001110400.0,3000000.0,1,8865000000.0,1691111040.0,154945216.90140846,10.914,5910000000.0,120,60873081,2955.0,3075.0,3200,1,3,9143,2869.0,3078.0,2001,1,2,37538,2786.0,3080.0,39462,4,1,5000,2785.0,0.0,0,0,7,23992,2783.0,0.0,0,0,,,,,,,,,,,,,,,,
11427939669935844,اطلس,صندوق س.توسعه اطلس مفید-س,2026-10-04T09:29:46+03:30,172700.0,-0.28,170305.0,-1.66,173187.0,171978.0,168873.0,173187.0,1936.0,3007511.0,512194987336.0,178382.0,167992,93.0,1831.2,1,68,صندوق,صندوق سرمایه گذاری قابل معامله,بازار فرابورس,بازار ابزارهاي نوين مالي فرابورس,1047.84,93.0,0.0,2000000000.0,,14777112.0,165044.0,177869.0,65638.0,177869.0,2026-10-04,340610000000000.0,2499605.0,959,425695229525.0,495354.0,5,84361262970.0,2944296.0,594,501428330280.0,50663.0,4,8628162215.0,443894921.2982273,844155438.1818182,0.526,-75733100755.0,1,1150,172701.0,173100.0,750,2,4,58294,172700.0,173187.0,11448,4,1,60,172502.0,173188.0,30,1,4,4609,172501.0,173191.0,16,1,3,905,172500.0,173200.0,11700,3,,169269.0,170891.0,2026-10-04T09:18:07+03:30,0.61,,,,,,,,,,,
11432067920374603,دسینا,داروسازی سینا,2026-10-04T09:29:14+03:30,97510.0,-2.99,97920.0,-2.59,100520.0,100000.0,97510.0,100000.0,136.0,507342.0,49677000270.0,103530.0,97510,9289.0,10.5,1,43,سهم,مواد و محصولات دارویی,بازار بورس,بازار اول (تابلوی فرعی) بورس,14.67,9289.0,26575.39,2400000000.0,20.0,1211942.0,96150.0,102000.0,30900.0,102000.0,2026-10-04,235008000000000.0,258342.0,70,25296848640.0,249000.0,2,24382080000.0,507342.0,25,49678928640.0,0.0,0,0.0,361383552.0,1987157145.6000001,0.182,-24382080000.0,1,550,96150.0,97510.0,520798,50,1,60,86000.0,97900.0,4499,2,1,200,82980.0,99690.0,3000,1,1,63,80480.0,99900.0,6001,1,0,0,0.0,99930.0,949,1,,,,,,,,,,,,,,,,
11560002870991149,وپسا,گ.س.پتروشیمی ساختمان خلیج فارس,2026-10-04T09:25:19+03:30,2496.0,-2.99,2503.0,-2.72,2573.0,2510.0,2496.0,2511.0,22.0,1931384.0,4834643246.0,2650.0,2496,20.0,125.2,1,45,سهم,پیمانکاری صنعتی,بازار پایه فرابورس,بازار پایه زرد فرابورس,0.0,20.0,0.0,2500000000.0,,19869912.0,2530.0,2709.0,1247.0,3110.0,2026-10-04,6257500000000.0,1931384.0,12,4834254152.0,0.0,0,0.0,1931384.0,8,4834254152.0,0.0,0,0.0,402854512.6666666,604281769.0,0.667,0.0,0,0,0.0,2496.0,15833989,21,0,0,0.0,2510.0,1000000,1,0,0,0.0,2573.0,99000,1,0,0,0.0,2575.0,50000,1,0,0,0.0,2587.0,200000,1,صف فروش,,,,,,,,,,,,,,,
11622051128546106,شپاکسا,پاکسان,2026-10-04T09:29:48+03:30,2920.0,-1.52,2896.0,-2.33,2965.0,2988.0,2877.0,2988.0,520.0,57286261.0,165879387847.0,3053.0,2877,327.0,8.9,1,44,سهم,محصولات شیمیایی,بازار بورس,بازار دوم (تابلوی فرعی) بورس,10.13,327.0,3092.4714,32200000000.0,34.0,133833618.0,2775.0,3012.0,1502.0,3540.0,2026-10-04,93251200000000.0,29029341.0,222,84068971536.0,28156920.0,4,81542440320.0,53963261.0,158,156277603856.0,3223000.0,2,9333808000.0,378689060.972973,989098758.5822784,0.383,-72208632320.0,2,81153,2920.0,2940.0,376859,4,1,100000,2912.0,2942.0,270947,2,2,101720,2911.0,2944.0,500000,1,1,100000,2910.0,2947.0,424000,4,1,10000,2906.0,2948.0,1469252,2,,,,,,,,,,,,,,,,
11731629977819447,چاشنی,صندوق س صنایع ویستا2-بخشی,2026-10-04T09:24:19+03:30,22990.0,1.22,22937.0,0.99,22713.0,22950.0,22900.0,22990.0,27.0,160407.0,3679294800.0,23394.0,22032,0.0,,1,68,صندوق,صندوق سرمایه گذاری قابل معامله,بازار بورس,بازار صندوق های قابل معامله,0.0,,0.0,1000000000.0,,5321386.0,21581.0,23320.0,9210.0,23320.0,2026-10-04,22937000000000.0,40752.0,7,934728624.0,119655.0,1,2744526735.0,160407.0,20,3679255359.0,0.0,0,0.0,133532660.57142857,183962767.95000002,0.726,-2744526735.0,2,11748,22900.0,22980.0,104427,3,1,30345,22800.0,22989.0,10000,1,1,50000,22700.0,22990.0,127524,2,2,61299,22600.0,23000.0,51000,2,1,500,22570.0,23332.0,400,1,,22881.0,23116.0,2026-10-04T09:19:15+03:30,0.24,,,,,,,,,,,
11773403764702778,وبیمه,سرمایه گذاری صنعت بیمه,2026-10-04T09:29:40+03:30,2960.0,-2.95,2980.0,-2.3,3050.0,3060.0,2960.0,3060.0,174.0,7270258.0,21644096460.0,3140.0,2960,188.0,15.9,1,56,سهم,سرمایه گذاریها,بازار بورس,بازار دوم (تابلوی فرعی) بورس,7.53,188.0,0.0,16000000000.0,12.0,25162203.0,2960.0,3240.0,1119.0,3520.0,2026-10-04,47680000000000.0,7058876.0,96,21035450480.0,0.0,0,0.0,7058876.0,26,21035450480.0,0.0,0,0.0,219119275.8333333,809055787.6923076,0.271,0.0,5,423912,2960.0,3030.0,100283,2,2,4003,2930.0,3050.0,130332,6,1,2663,1930.0,3060.0,46585,2,0,0,0.0,3070.0,2000,1,0,0,0.0,3080.0,95000,1,,,,,,,,,,,,,,,,
11917131890201264,طذوب7045,اختیارف ذوب-700-1405/07/22,2026-10-04T09:29:49+03:30,56.0,1.82,61.0,10.91,55.0,62.0,57.0,66.0,302.0,143773.0,8792064000.0,100000.0,1,0.0,,1.0,27,اختیار معامله,,,,,,,,,,,,,,,,140273.0,25,8556653.0,0.0,0,0.0,140273.0,37,8556653.0,0.0,0,0.0,342266.12,231260.8918918919,1.48,0.0,7,6800,55.0,56.0,467,1,1,1000,50.0,57.0,2530,3,1,1000,48.0,58.0,601,1,1,330,33.0,60.0,3000,3,1,1000,22.0,62.0,1140,2,,,,,,ذوب,71483646978964608,656,700,1000,1405/04/21,1405/07/22,10,فروش,750781,77718288000.0
11964419322927535,سرود,سیمانشاهرود,2026-10-04T09:29:48+03:30,19040.0,-2.96,19040.0,-2.96,19620.0,19040.0,19040.0,19300.0,1037.0,15622823.0,297472482980.0,20200.0,19040,2424.0,7.9,1,53,سهم,سیمان، آهک و گچ,بازار بورس,بازار اول (تابلوی اصلی) بورس,7.63,2424.0,6337.2837,9600058845.0,48.0,32956926.0,19180.0,20230.0,6910.0,20430.0,2026-10-04,182785120408800.0,7399724.0,421,140890744960.0,8171786.0,7,155590805440.0,14871510.0,354,283153550400.0,700000.0,2,13328000000.0,334657351.44893116,799868786.440678,0.418,-142262805440.0,1,15000,18610.0,19040.0,698032,24,1,300,17660.0,19050.0,28828,3,1,649,15340.0,19080.0,5000,1,0,0,0.0,19090.0,2000,1,0,0,0.0,19100.0,25460,2,,,,,,,,,,,,,,,,
11996454048142959,داترا,آترا زیست آرای,2026-10-04T09:29:44+03:30,7800.0,2.9,7790.0,2.77,7580.0,7800.0,7600.0,7800.0,1181.0,71635478.0,557736646810.0,7800.0,7360,777.0,10.0,1,43,سهم,مواد و محصولات دارویی,بازار بورس,بازار دوم (تابلوی اصلی) بورس,14.67,777.0,2487.8188,5745000000.0,46.0,49701481.0,7150.0,7580.0,3796.0,7580.0,2026-10-04,44753550000000.0,64359276.0,433,501358760040.0,7255823.0,8,56522861170.0,60778099.0,345,473461391210.0,10837000.0,2,84420230000.0,1157872425.034642,1372351858.5797102,0.844,27897368830.0,544,46652644,7800.0,0.0,0,0,4,104277,7780.0,0.0,0,0,1,6427,7750.0,0.0,0,0,1,10000,7720.0,0.0,0,0,4,36461,7710.0,0.0,0,0,صف خرید,,,,,,,,,,,,,,,
12041217376571987,خریختح,ح . صنایعریختهگریایران,2026-10-04T09:28:31+03:30,740.0,2.92,740.0,2.92,719.0,740.0,740.0,740.0,18.0,158180.0,117053200.0,740.0,698,0.0,,1,34,سهم,خودرو و ساخت قطعات,بازار بورس,بازار دوم (تابلوی اصلی) بورس,-23.79,,0.0,1790300740.0,,4582529.0,679.0,719.0,573.0,719.0,2026-10-04,1324822547600.0,158180.0,2,117053200.0,0.0,0,0.0,78180.0,13,57853200.0,80000.0,1,59200000.0,58526600.0,4450246.153846154,13.151,59200000.0,25,5188193,740.0,0.0,0,0,1,9130,719.0,0.0,0,0,1,7221,699.0,0.0,0,0,1,7891,698.0,0.0,0,0,1,9344,568.0,0.0,0,0,صف خرید,,,,,,,,,,,,,,,
12116204032457467,ضهرم8027,اختیارخ اهرم-42000-1405/08/27,2026-10-04T09:24:37+03:30,30444.0,-10.88,30444.0,-10.88,34162.0,30444.0,30444.0,30444.0,1.0,1.0,30444000.0,500000.0,1,0.0,,1.0,68,اختیار معامله,,,,,,,,,,,,,,,,1.0,1,30444.0,0.0,0,0.0,1.0,1,30444.0,0.0,0,0.0,30444.0,30444.0,1.0,0.0,1,10,31007.0,38697.0,10,1,1,6,31006.0,41995.0,1,1,1,50,31005.0,42000.0,101,2,1,2,30445.0,49000.0,20,1,1,1,26000.0,0.0,0,0,,,,,,اهرم,17914401175772326,72311,42000,1000,1405/05/31,1405/08/27,45,خرید,8853,71963000.0
12303918642491681,زنجان,صنایع کشاورزی وکود زنجان,2026-10-04T09:27:36+03:30,2736.0,2.97,2664.0,0.26,2657.0,2736.0,2736.0,2736.0,21.0,291865.0,798542640.0,2736.0,2578,-1.0,-2664.0,3229485,44,سهم,محصولات شیمیایی,بازار پایه فرابورس,بازار پایه زرد فرابورس,0.0,-1.0,0.0,8750000000.0,,2582606.0,2621.0,2708.0,970.0,2708.0,2026-10-04,23310000000000.0,291865.0,3,777528360.0,0.0,0,0.0,291865.0,16,777528360.0,0.0,0,0.0,259176120.0,48595522.5,5.333,0.0,47,20085342,2736.0,0.0,0,0,4,196793,2708.0,0.0,0,0,0,0,0.0,0.0,0,0,0,0,0.0,0.0,0,0,0,0,0.0,0.0,0,0,صف خرید,,,,,,,,,,,,,,,
12329519546621752,چدن,تولیدی چدن سازان,2026-10-04T09:29:03+03:30,4760.0,-1.65,4710.0,-2.69,4840.0,4720.0,4700.0,4790.0,451.0,25681707.0,121014626170.0,4980.0,4700,544.0,8.7,1,28,سهم,ساخت محصولات فلزی,بازار بورس,بازار اول (تابلوی اصلی) بورس,7.7,544.0,1360.7139,20000000000.0,49.0,102434499.0,4440.0,4840.0,1306.0,4840.0,2026-10-04,94200000000000.0,14280633.0,134,67261781430.0,11401074.0,4,53699058540.0,20681707.0,128,97410839970.0,5000000.0,1,23550000000.0,501953592.76119405,761022187.265625,0.66,-30149058540.0,4,131776,4760.0,4780.0,16000,3,4,468810,4750.0,4790.0,37290,2,5,561435,4740.0,4800.0,314022,5,1,2222,4730.0,4840.0,290000,1,2,94573,4720.0,4850.0,1000000,4,,,,,,,,,,,,,,,,
12387472624849835,داسوه,داروسازی اسوه,2026-10-04T09:29:44+03:30,111800.0,2.95,110600.0,1.84,108600.0,111800.0,105400.0,111800.0,476.0,1556647.0,172113016700.0,111800.0,105400,6197.0,17.8,1,43,سهم,مواد و محصولات دارویی,بازار بورس,بازار دوم (تابلوی فرعی) بورس,14.67,6197.0,36730.59,750000000.0,9.0,1010770.0,99610.0,108600.0,23880.0,109090.0,2026-10-04,82950000000000.0,1546364.0,118,171027858400.0,10000.0,1,1106000000.0,1556364.0,122,172133858400.0,0.0,0,0.0,1449388630.5084746,1410933265.5737705,1.027,-1106000000.0,121,748435,111800.0,0.0,0,0,1,200,110000.0,0.0,0,0,2,6769,109600.0,0.0,0,0,4,25100,109000.0,0.0,0,0,2,11000,107600.0,0.0,0,0,صف خرید,,,,,,,,,,,,,,,
12397659713653417,ضملت8077,اختیارخ وبملت-1700-1405/08/20,2026-10-04T09:29:36+03:30,77.0,-2.53,74.0,-6.33,79.0,68.0,68.0,79.0,54.0,15491.0,1139768000.0,100000.0,1,0.0,,1.0,57,اختیار معامله,,,,,,,,,,,,,,,,7974.0,7,590076.0,7517.0,1,556258.0,11110.0,6,822140.0,4381.0,2,324194.0,84296.57142857142,137023.33333333334,0.615,-232064.0,1,800,74.0,77.0,329,1,1,1000,73.0,78.0,700,1,2,1253,72.0,79.0,1000,1,1,1000,70.0,80.0,2000,2,1,1000,69.0,82.0,1000,1,,,,,,وبملت,778253364357513,1459,1700,1000,1405/05/24,1405/08/20,38,خرید,302354,22303733000.0
12490072956930435,مدیریت,س. و خدمات مدیریت صند. ب کشوری,2026-10-04T09:29:06+03:30,5060.0,-1.75,5030.0,-2.33,5150.0,5020.0,5000.0,5120.0,62.0,251011.0,1263650240.0,5300.0,5000,955.0,5.3,1,56,سهم,سرمایه گذاریها,بازار فرابورس,بازار اول فرابورس,8.88,955.0,0.0,3750000000.0,,4020858.0,4800.0,5250.0,2864.0,5250.0,2026-10-04,18862500000000.0,212755.0,20,1070157650.0,38256.0,1,192427680.0,213129.0,37,1072038870.0,37882.0,1,190546460.0,53507882.5,28974023.513513513,1.847,-1881220.0,2,24810,5060.0,5120.0,1000,1,2,149375,5050.0,5150.0,11032,7,1,135287,5040.0,5180.0,10187,1,1,148745,5030.0,5190.0,10000,1,2,160475,5010.0,5200.0,13784,4,,,,,,,,,,,,,,,,
12586214092021658,طسپا7031,اختیارف خساپا-700-1405/07/29,2026-10-04T09:28:53+03:30,58.0,7.41,59.0,9.26,54.0,60.0,58.0,60.0,10.0,3000.0,177000000.0,100000.0,1,0.0,,1.0,34,اختیار معامله,,,,,,,,,,,,,,,,3000.0,2,177000.0,0.0,0,0.0,3000.0,5,177000.0,0.0,0,0.0,88500.0,35400.0,2.5,0.0,1,1000,55.0,60.0,531,1,1,150,54.0,61.0,100,1,3,1540,10.0,62.0,1000,1,1,100,1.0,63.0,100,1,0,0,0.0,69.0,1000,1,,,,,,خساپا,44891482026867833,686,700,1000,1405/04/27,1405/07/29,17,فروش,72183,1224000000.0
12618515817061168,ضستا8052,اختیارخ شستا-1900-1405/08/13,2026-10-04T09:29:09+03:30,1980.0,-0.85,1757.0,-12.02,1997.0,1700.0,1700.0,1980.0,5.0,47.0,82589000.0,100000.0,1,0.0,,1.0,39,اختیار معامله,,,,,,,,,,,,,,,,47.0,4,82579.0,0.0,0,0.0,38.0,4,66766.0,9.0,1,15813.0,20644.75,16691.5,1.237,15813.0,2,200,1690.0,1980.0,43,1,2,100,1681.0,2049.0,50,1,1,50,1680.0,2050.0,50,1,1,200,1620.0,2100.0,50,1,1,10,1584.0,2420.0,50,1,,,,,,شستا,2400322364771558,3580,1900,1000,1405/05/17,1405/08/13,31,خرید,1610,149940000.0
12629673694762396,ارکیده,صندوق سرمایه گذاری ارکیده-ثابت,2026-10-04T09:29:48+03:30,19688.0,0.13,19687.0,0.13,19662.0,19687.0,19687.0,19688.0,222.0,23811170.0,468775391439.0,20251.0,19073,0.0,,1,68,صندوق,صندوق سرمایه گذاری قابل معامله,بازار بورس,بازار صندوق های قابل معامله,0.0,,0.0,7260000000.0,,365571617.0,19614.0,19663.0,14278.0,19663.0,2026-10-04,142927620000000.0,6021600.0,49,118547239200.0,17761366.0,3,349668012442.0,13764884.0,117,270989271308.0,10018082.0,4,197225980334.0,2419331412.244898,2316147618.017094,1.045,-152442032108.0,3,692901168,19687.0,19688.0,110429044,76,2,1041268,19686.0,19689.0,100000,1,1,1000000,19685.0,19690.0,100000,1,1,1000000,19684.0,19691.0,100000,1,1,1000000,19683.0,19692.0,100000,1,,19705.0,19719.0,2026-10-04T09:19:30+03:30,-0.09,,,,,,,,,,,
12638840758449459,پخش,پخش البرز,2026-10-04T09:29:44+03:30,14930.0,-2.99,15020.0,-2.4,15390.0,15550.0,14930.0,15710.0,1307.0,21221893.0,318790820950.0,15850.0,14930,2029.0,7.4,1,43,سهم,مواد و محصولات دارویی,بازار فرابورس,بازار دوم فرابورس,10.29,2029.0,0.0,10000000000.0,,47619575.0,14620.0,15770.0,5280.0,15770.0,2026-10-04,150200000000000.0,14499166.0,465,217777473320.0,6518506.0,6,97907960120.0,17707407.0,200,265965253140.0,3310265.0,4,49720180300.0,468338652.3010753,1329826265.7,0.352,-48187779820.0,1,100000,14900.0,14930.0,4157686,56,1,8000,12360.0,14950.0,142825,2,1,3000,10570.0,14990.0,100000,1,1,1000,10450.0,15000.0,119986,4,0,0,0.0,15080.0,5000,1,,,,,,,,,,,,,,,,
12656026382252667,ولتاژ,صندوق س. بخشی صنایع گندم1-ب,2026-10-04T09:26:40+03:30,18530.0,-2.99,18535.0,-2.97,19102.0,18760.0,18529.0,18760.0,45.0,230538.0,4272944467.0,19675.0,18529,0.0,,1,68,صندوق,صندوق سرمایه گذاری قابل معامله,بازار فرابورس,بازار ابزارهاي نوين مالي فرابورس,1047.82,,0.0,400000000.0,,3221988.0,18687.0,19590.0,10000.0,20735.0,2026-10-04,7414000000000.0,113874.0,16,2110654590.0,116664.0,1,2162367240.0,219361.0,13,4065856135.0,11177.0,1,207165695.0,131915911.875,312758164.2307693,0.422,-1955201545.0,1,54,18531.0,18574.0,90000,1,3,3712,18530.0,18611.0,45000,1,11,859538,18529.0,18667.0,120000,1,0,0,0.0,18700.0,45616,4,0,0,0.0,18704.0,100000,1,,18449.0,18627.0,2026-10-04T09:20:01+03:30,0.47,,,,,,,,,,,
12706275425255386,ضتاص9019,اختیارخ تاصیکو-17520-05/09/04,2026-10-04T09:26:05+03:30,23500.0,1.91,23625.0,2.45,23059.0,24450.0,23500.0,24450.0,3.0,38.0,897750000.0,100000.0,1,0.0,,1.0,13,اختیار معامله,,,,,,,,,,,,,,,,38.0,2,897750.0,0.0,0,0.0,38.0,3,897750.0,0.0,0,0.0,448875.0,299250.0,1.5,0.0,1,15,22200.0,23800.0,17,2,1,1,22000.0,23900.0,5,1,1,1,20250.0,23999.0,4,1,1,20,20220.0,24000.0,5,1,1,75,245.0,24100.0,1,1,,,,,,تاصیکو,23293437377896568,37890,17520,1000,1405/05/10,1405/09/04,52,خرید,8467,1439820000.0
12746730665870442,بهپاک,صنعتی بهپاک,2026-10-04T09:29:47+03:30,15540.0,-3.0,15540.0,-3.0,16020.0,15540.0,15540.0,15540.0,301.0,5244165.0,81494324100.0,16500.0,15540,3539.0,4.4,1,42,سهم,محصولات غذایی و آشامیدنی به جز قند و شکر,بازار فرابورس,بازار دوم فرابورس,7.72,3539.0,23683.713,5332000000.0,,17155477.0,15760.0,16740.0,4470.0,18360.0,2026-10-04,82859280000000.0,4124737.0,157,64098412980.0,1115000.0,5,17327100000.0,5239737.0,69,81425512980.0,0.0,0,0.0,408270146.3694267,1180079898.2608697,0.346,-17327100000.0,1,323,15490.0,15540.0,6736881,150,2,5935,15030.0,15790.0,330,1,0,0,0.0,15800.0,4441,1,0,0,0.0,15840.0,1134,1,0,0,0.0,15890.0,17370,9,,,,,,,,,,,,,,,,
12752224677923341,خریخت,صنایعریختهگریایران,2026-10-04T09:29:36+03:30,1944.0,2.91,1939.0,2.65,1889.0,1944.0,1901.0,1945.0,188.0,15400156.0,29853882627.0,1945.0,1833,185.0,10.5,1,34,سهم,خودرو و ساخت قطعات,بازار بورس,بازار دوم (تابلوی اصلی) بورس,-23.79,185.0,1466.0052,14200000000.0,20.0,36359628.0,1701.0,1895.0,774.0,1895.0,2026-10-04,27533800000000.0,15400156.0,72,29860902484.0,0.0,0,0.0,12252156.0,71,23756930484.0,3148000.0,3,6103972000.0,414734756.7222222,334604654.70422536,1.239,6103972000.0,2,5803,1941.0,1944.0,680765,1,3,25500,1940.0,1945.0,191229,2,4,100580,1913.0,3060.0,15000,1,2,81997,1905.0,0.0,0,0,1,858147,1904.0,0.0,0,0,,,,,,,,,,,,,,,,
12777578088653944,وحکمت,بیمه حکمت صبا,2026-10-04T09:29:48+03:30,1626.0,-2.98,1628.0,-2.86,1676.0,1626.0,1626.0,1665.0,231.0,29932709.0,48744249105.0,1726.0,1626,199.0,8.2,1,66,سهم,بیمه وصندوق بازنشستگی به جزتامین اجتماعی,بازار پایه فرابورس,بازار پایه زرد فرابورس,0.0,199.0,0.0,8400000000.0,,81002986.0,1632.0,1758.0,987.0,1758.0,2026-10-04,13675200000000.0,29827709.0,79,48559510252.0,0.0,0,0.0,29827709.0,83,48559510252.0,0.0,0,0.0,614677344.9620253,585054340.3855422,1.051,0.0,1,150000,1533.0,1645.0,325525,3,1,200000,1508.0,1647.0,378061,3,1,35000,1507.0,1648.0,654000,2,0,0,0.0,1649.0,19963,2,0,0,0.0,1661.0,240000,1,,,,,,,,,,,,,,,,
12840158707161274,فلزا,صندوق س.بخشی صنایع پاداش2-ب,2026-10-04T09:29:37+03:30,36400.0,1.8,36129.0,1.05,35755.0,36101.0,36000.0,36309.0,90.0,2323576.0,83947395488.0,36827.0,34683,0.0,,1,68,صندوق,صندوق سرمایه گذاری قابل معامله,بازار فرابورس,بازار ابزارهاي نوين مالي فرابورس,1047.82,,0.0,800000000.0,,7423565.0,34520.0,36658.0,10589.0,36658.0,2026-10-04,28903200000000.0,1300687.0,17,46992520623.0,1022768.0,2,36951585072.0,1685863.0,23,60908544327.0,637592.0,2,23035561368.0,2764265919.0,2648197579.4347825,1.044,-13916023704.0,1,42424,36360.0,36400.0,1036188,2,2,78515,36350.0,36450.0,22987,2,2,151510,36300.0,36499.0,15000,1,1,199999,36260.0,36718.0,1,1,3,108750,36250.0,36827.0,7531,3,,36397.0,36750.0,2026-10-04T09:19:20+03:30,-0.74,,,,,,,,,,,
12874072841236826,فسازان,غلتک سازان سپاهان,2026-10-04T09:29:44+03:30,13560.0,-2.8,13560.0,-2.8,13950.0,13600.0,13540.0,14050.0,637.0,13883650.0,188262465630.0,14360.0,13540,2578.0,5.3,1,27,سهم,فلزات اساسی,بازار بورس,بازار دوم (تابلوی اصلی) بورس,15.14,2578.0,18436.057,7000000000.0,43.0,32178088.0,13290.0,14630.0,3626.0,15960.0,2026-10-04,94920000000000.0,7714997.0,225,104615359320.0,6141536.0,1,83279228160.0,13656533.0,150,185182587480.0,200000.0,1,2712000000.0,464957152.5333333,1234550583.2,0.377,-80567228160.0,8,235964,13550.0,13560.0,23883,1,35,1211008,13540.0,13850.0,7500,1,1,387,12940.0,13880.0,100000,1,1,1000,12560.0,13910.0,500,1,1,700,10220.0,13930.0,10000,1,,,,,,,,,,,,,,,,
12958082347153501,طهرم8029,اختیارف اهرم-50000-1405/08/27,2026-10-04T09:29:48+03:30,880.0,-6.98,935.0,-1.16,946.0,920.0,861.0,1010.0,64.0,2172.0,2030211000.0,500000.0,1,0.0,,1.0,68,اختیار معامله,,,,,,,,,,,,,,,,2145.0,22,2005575.0,0.0,0,0.0,2145.0,18,2005575.0,0.0,0,0.0,91162.5,111420.83333333334,0.818,0.0,1,70,867.0,880.0,1546,2,1,83,861.0,927.0,70,1,2,140,860.0,928.0,20,1,2,32,851.0,930.0,332,1,2,80,850.0,949.0,60,2,,,,,,اهرم,17914401175772326,72311,50000,1000,1405/05/31,1405/08/27,45,فروش,54349,154377460000.0
12965822877128721,ثقزوی,شرکت عمران و سازندگی قزوین,2026-10-04T09:27:46+03:30,2659.0,1.33,2565.0,-2.25,2624.0,2550.0,2550.0,2696.0,71.0,3369742.0,8642526058.0,2702.0,2546,35.0,73.3,1,70,سهم,انبوه سازی، املاک و مستغلات,بازار پایه فرابورس,بازار پایه زرد فرابورس,0.0,35.0,0.0,3500000000.0,,8248741.0,2619.0,2848.0,1354.0,3454.0,2026-10-04,8977500000000.0,3369742.0,17,8643388230.0,0.0,0,0.0,3169742.0,36,8130388230.0,200000.0,1,513000000.0,508434601.7647059,225844117.5,2.251,513000000.0,1,20000,2578.0,2651.0,1000,1,1,15440,2577.0,2652.0,1000,1,1,40000,2576.0,2653.0,1000,1,1,20000,2575.0,2654.0,1000,1,1,20000,2567.0,2655.0,1000,1,,,,,,,,,,,,,,,,
13054056540547054,ضسپا8087,اختیارخ خساپا-650-1405/08/27,2026-10-04T09:29:46+03:30,154.0,6.21,144.0,-0.69,145.0,138.0,137.0,154.0,16.0,8500.0,1227500000.0,100000.0,1,0.0,,1.0,34,اختیار معامله,,,,,,,,,,,,,,,,7570.0,11,1090080.0,0.0,0,0.0,7570.0,8,1090080.0,0.0,0,0.0,99098.18181818181,136260.0,0.727,0.0,1,570,152.0,155.0,1000,1,1,1000,148.0,159.0,1000,1,8,7500,143.0,160.0,654,1,1,1,141.0,163.0,1000,1,1,1,140.0,164.0,1000,1,,,,,,خساپا,44891482026867833,686,650,1000,1405/05/31,1405/08/27,45,خرید,791280,4092000000.0
13088753408321863,ضسپا7029,اختیارخ خساپا-600-1405/07/29,2026-10-04T09:29:31+03:30,130.0,4.84,117.0,-5.65,124.0,117.0,107.0,130.0,471.0,171425.0,20100951000.0,100000.0,1,0.0,,1.0,34,اختیار معامله,,,,,,,,,,,,,,,,171425.0,81,20056725.0,0.0,0,0.0,163762.0,48,19160154.0,7663.0,2,896571.0,247613.88888888888,399169.875,0.62,896571.0,1,64,129.0,131.0,881,2,2,2000,128.0,132.0,2500,3,1,915,127.0,133.0,375,2,1,1000,126.0,134.0,200,1,10,10000,125.0,135.0,2100,3,,,,,,خساپا,44891482026867833,686,600,1000,1405/04/27,1405/07/29,17,خرید,5874086,106363590000.0
13140135188919199,قتربت,قند تربت حیدریه,2026-10-04T09:25:34+03:30,8550.0,0.35,8470.0,-0.59,8520.0,8410.0,8410.0,8550.0,27.0,586724.0,4970244330.0,8770.0,8270,775.0,10.9,1,38,سهم,قند و شکر,بازار فرابورس,بازار دوم فرابورس,10.14,775.0,7858.015,2840901000.0,,6964796.0,8470.0,8870.0,3126.0,11670.0,2026-10-04,24062431470000.0,522750.0,8,4427692500.0,63974.0,1,541859780.0,529974.0,16,4488879780.0,56750.0,1,480672500.0,553461562.5,280554986.25,1.973,-61187280.0,1,2550,8430.0,8550.0,258064,4,8,287458,8420.0,8620.0,63974,1,3,41872,8400.0,8660.0,5772,1,1,1300,8390.0,8670.0,1000,1,1,1800,8380.0,8690.0,6005,2,,,,,,,,,,,,,,,,
13227300125161435,سصوفی,سیمان صوفیان,2026-10-04T09:29:40+03:30,164000.0,-1.5,164300.0,-1.32,166500.0,165300.0,163300.0,165400.0,431.0,408529.0,67137680300.0,171400.0,161600,30922.0,5.3,1,53,سهم,سیمان، آهک و گچ,بازار بورس,بازار اول (تابلوی اصلی) بورس,7.58,30922.0,54885.44,1100000000.0,32.0,3440406.0,165300.0,174800.0,118610.0,191000.0,2026-10-04,180730000000000.0,369491.0,207,60707371300.0,34085.0,2,5600165500.0,371112.0,129,60973701600.0,32464.0,5,5333835200.0,293272325.12077296,472664353.4883721,0.62,-266330300.0,5,549,163700.0,164100.0,8777,5,4,16446,163600.0,164200.0,44,1,1,182,163500.0,164400.0,5215,2,4,808,163400.0,164500.0,2349,2,11,16716,163300.0,165000.0,200,2,,,,,,,,,,,,,,,,
13235547361447092,زاگرس,پتروشیمی زاگرس,2026-10-04T09:29:38+03:30,164600.0,-2.95,164600.0,-2.95,169600.0,164700.0,164600.0,169500.0,553.0,913678.0,150412294900.0,174600.0,164600,9222.0,17.8,1,44,سهم,محصولات شیمیایی,بازار فرابورس,بازار دوم فرابورس,8.84,9222.0,200325.44,2400000000.0,,1972537.0,169500.0,180400.0,90550.0,180400.0,2026-10-04,395040000000000.0,269203.0,182,44310813800.0,643868.0,2,105980672800.0,613071.0,150,100911486600.0,300000.0,1,49380000000.0,243466009.8901099,672743244.0,0.362,-56600672800.0,19,24158,164600.0,164700.0,3593,1,1,341,163400.0,164800.0,8411,5,1,70,158800.0,164900.0,500,1,1,70,154000.0,165000.0,1400,2,1,50,133800.0,166900.0,1200,1,,,,,,,,,,,,,,,,
13243992182070788,درهآور,دارویی ره آورد تامین,2026-10-04T09:29:29+03:30,14190.0,-2.94,14200.0,-2.87,14620.0,14200.0,14190.0,14300.0,220.0,2482825.0,35244975990.0,15050.0,14190,1808.0,7.9,1,43,سهم,مواد و محصولات دارویی,بازار فرابورس,بازار اول فرابورس,10.29,1808.0,5634.9683,2675294000.0,,9412281.0,14570.0,15740.0,8340.0,17880.0,2026-10-04,37989174800000.0,1031750.0,120,14650850000.0,1451075.0,3,20605265000.0,782825.0,31,11116115000.0,1700000.0,1,24140000000.0,122090416.66666666,358584354.83870965,0.34,3534735000.0,0,0,0.0,14190.0,3154045,47,0,0,0.0,14200.0,89080,2,0,0,0.0,14220.0,350,1,0,0,0.0,14260.0,10707,2,0,0,0.0,14270.0,1500,2,صف فروش,,,,,,,,,,,,,,,
13281937213456378,حسیر,ریل سیر کوثر,2026-10-04T09:29:52+03:30,8710.0,1.28,8690.0,1.05,8600.0,8830.0,8520.0,8830.0,319.0,8417714.0,73181728170.0,8850.0,8350,1024.0,8.5,1,60,سهم,حمل ونقل، انبارداری و ارتباطات,بازار فرابورس,بازار دوم فرابورس,7.91,1024.0,0.0,5655672612.0,,26916346.0,7880.0,8660.0,2749.0,8660.0,2026-10-04,49147794998280.0,7944463.0,136,69037383470.0,379000.0,2,3293510000.0,7617500.0,44,66196075000.0,705963.0,2,6134818470.0,507627819.6323529,1504456250.0,0.337,2841308470.0,1,34276,8720.0,8730.0,179000,1,1,10000,8660.0,8750.0,156528,1,3,68562,8650.0,8840.0,244748,2,2,102400,8640.0,8850.0,526172,20,1,2000,8630.0,0.0,0,0,,,,,,,,,,,,,,,,
13286519531933238,بزرگ,صندوق س.سرزمین بزرگ بازار-س,2026-10-04T09:28:18+03:30,20600.0,2.38,20433.0,1.55,20122.0,20400.0,20400.0,20600.0,5.0,60000.0,1226000000.0,20725.0,19519,0.0,,1,68,صندوق,صندوق سرمایه گذاری قابل معامله,بازار فرابورس,بازار ابزارهاي نوين مالي فرابورس,1047.8,,0.0,200000000.0,,412048.0,18720.0,20284.0,9156.0,20284.0,2026-10-04,4086600000000.0,0.0,0,0.0,60000.0,1,1225980000.0,60000.0,4,1225980000.0,0.0,0,0.0,,306495000.0,,-1225980000.0,1,10000,20200.0,20600.0,67000,3,1,5000,20000.0,20725.0,10034,2,1,10000,19520.0,0.0,0,0,1,52,19519.0,0.0,0,0,0,0,0.0,0.0,0,0,,20908.0,21121.0,2026-10-04T09:18:31+03:30,-2.27,,,,,,,,,,,
13309399857733364,ضذوب8029,اختیارخ ذوب-550-1405/08/20,2026-10-04T09:28:53+03:30,137.0,-11.04,133.0,-13.64,154.0,135.0,130.0,137.0,30.0,10152.0,1345318000.0,100000.0,1,0.0,,1.0,27,اختیار معامله,,,,,,,,,,,,,,,,10152.0,4,1350216.0,0.0,0,0.0,10152.0,6,1350216.0,0.0,0,0.0,337554.0,225036.0,1.5,0.0,1,1000,139.0,147.0,771,1,1,1000,138.0,148.0,1000,1,1,999,137.0,149.0,200,1,1,1000,136.0,150.0,1000,1,1,1000,135.0,152.0,60,1,,,,,,ذوب,71483646978964608,656,550,1000,1405/05/24,1405/08/20,38,خرید,448280,5913184000.0
13327012090180555,عرش,صندوق س.عرش میلاد شهر-س,2026-10-04T09:19:22+03:30,29178.0,-3.0,29203.0,-2.91,30079.0,29177.0,29177.0,30899.0,3.0,17595.0,513830447.0,30981.0,29177,0.0,,1,68,صندوق,صندوق سرمایه گذاری قابل معامله,بازار فرابورس,بازار ابزارهاي نوين مالي فرابورس,1088.86,,0.0,200000000.0,,108393.0,28006.0,30459.0,9930.0,30459.0,2026-10-03,5840600000000.0,17595.0,3,513826785.0,0.0,0,0.0,17595.0,3,513826785.0,0.0,0,0.0,171275595.0,171275595.0,1.0,0.0,1,3000,29202.0,30490.0,8750,1,3,6762,29201.0,30500.0,481,1,1,20000,29179.0,30899.0,759,1,1,22222,29178.0,30981.0,2503,2,2,734,29177.0,0.0,0,0,,30127.0,30421.0,2026-10-04T09:20:05+03:30,-3.07,,,,,,,,,,,
13386281759834677,رانیز,کارخانجات رینگ اسپرت نورنی ریز,2026-10-04T09:29:48+03:30,18060.0,0.17,17800.0,-1.28,18030.0,18030.0,17680.0,18050.0,828.0,3466403.0,61717270120.0,18570.0,17490,3513.0,5.1,1,34,سهم,خودرو و ساخت قطعات,بازار فرابورس,بازار دوم فرابورس,6.14,3513.0,9624.706,7000000000.0,,16710011.0,17810.0,18650.0,15400.0,19970.0,2026-10-04,124600000000000.0,1704080.0,154,30332624000.0,1760980.0,1,31345444000.0,1693246.0,554,30139778800.0,1771814.0,3,31538289200.0,196965090.9090909,54403932.85198557,3.62,192845200.0,2,4588,18090.0,18100.0,912,3,2,12922,18060.0,18120.0,303,1,3,14875,18050.0,18140.0,32,1,2,198776,18040.0,18160.0,304,1,3,245503,18030.0,18170.0,290,1,,,,,,,,,,,,,,,,
13611044044646901,ملت,بیمه ملت,2026-10-04T09:27:53+03:30,6550.0,2.99,6520.0,2.52,6360.0,6550.0,6410.0,6550.0,200.0,5292306.0,34482827760.0,6550.0,6170,417.0,15.6,1,66,سهم,بیمه وصندوق بازنشستگی به جزتامین اجتماعی,بازار بورس,بازار اول (تابلوی فرعی) بورس,5.0,417.0,0.0,30657213899.0,19.0,10546441.0,6020.0,6370.0,1943.0,6370.0,2026-10-04,199885034621480.0,2762395.0,72,18010815400.0,2529911.0,1,16495019720.0,5292306.0,66,34505835120.0,0.0,0,0.0,250150213.88888887,522815683.6363636,0.478,-16495019720.0,16,1041826,6550.0,0.0,0,0,3,239728,6540.0,0.0,0,0,2,79800,6500.0,0.0,0,0,2,43273,6480.0,0.0,0,0,1,50000,6470.0,0.0,0,0,صف خرید,,,,,,,,,,,,,,,
13666407494621646,فراز,صندوق س.سهام فراز داریک-س,2026-10-04T09:28:31+03:30,50960.0,0.76,50577.0,0.01,50574.0,50978.0,50574.0,50978.0,10.0,102551.0,5186720787.0,52091.0,49057,0.0,,1,68,صندوق,صندوق سرمایه گذاری قابل معامله,بازار فرابورس,بازار ابزارهاي نوين مالي فرابورس,1047.8,,0.0,200000000.0,,686868.0,48845.0,51588.0,22445.0,54157.0,2026-10-04,10115400000000.0,3453.0,5,174642381.0,99098.0,2,5012079546.0,78002.0,5,3945107154.0,24549.0,1,1241614773.0,34928476.2,789021430.8,0.044,-3770464773.0,1,100,50576.0,50960.0,500,1,1,50000,50575.0,50970.0,6326,1,2,75451,50574.0,50973.0,50,1,1,50000,50568.0,50979.0,4980,3,1,400,49064.0,52078.0,684,1,,51504.0,52056.0,2026-10-04T09:19:19+03:30,-1.8,,,,,,,,,,,
13786173665098694,طهرم8036,اختیارف اهرم-100000-1405/08/27,2026-10-04T09:10:30+03:30,25555.0,-0.19,25555.0,-0.19,25604.0,25555.0,25555.0,25555.0,1.0,1.0,25555000.0,500000.0,1,0.0,,1.0,68,اختیار معامله,,,,,,,,,,,,,,,,1.0,1,25555.0,0.0,0,0.0,1.0,1,25555.0,0.0,0,0.0,25555.0,25555.0,1.0,0.0,1,200,23500.0,26777.0,1,1,1,20,15000.0,26800.0,5,1,1,100,1.0,50000.0,20,1,0,0,0.0,0.0,0,0,0,0,0.0,0.0,0,0,,,,,,اهرم,17914401175772326,72311,100000,1000,1405/06/29,1405/08/27,45,فروش,44,71521000.0
13794940272931753,ضسپا8086,اختیارخ خساپا-600-1405/08/27,2026-10-04T09:29:24+03:30,168.0,1.82,163.0,-1.21,165.0,175.0,150.0,175.0,8.0,1828.0,298072000.0,100000.0,1,0.0,,1.0,34,اختیار معامله,,,,,,,,,,,,,,,,1828.0,5,297964.0,0.0,0,0.0,828.0,5,134964.0,1000.0,1,163000.0,59592.8,26992.8,2.208,163000.0,1,1000,163.0,170.0,1000,2,1,1000,161.0,174.0,644,1,1,400,154.0,175.0,372,1,2,1050,153.0,200.0,19,1,1,1000,152.0,201.0,200,1,,,,,,خساپا,44891482026867833,686,600,1000,1405/05/31,1405/08/27,45,خرید,409107,427040000.0
13827277908791664,ضخود1316,اختیارخ خودرو-500-1405/10/09,2026-10-04T09:26:20+03:30,291.0,6.2,291.0,6.2,274.0,291.0,291.0,291.0,1.0,31.0,9021000.0,100000.0,1,0.0,,1.0,34,اختیار معامله,,,,,,,,,,,,,,,,31.0,1,9021.0,0.0,0,0.0,31.0,1,9021.0,0.0,0,0.0,9021.0,9021.0,1.0,0.0,1,100,271.0,291.0,88,1,1,1,221.0,295.0,914,1,1,1000,220.0,310.0,1000,1,1,100,200.0,320.0,1000,1,1,100,1.0,0.0,0,0,,,,,,خودرو,65883838195688438,716,500,1000,1405/07/11,1405/10/09,87,خرید,4914,22196000.0
13869259092326636,ضملی9033,اختیارخ فملی-10000-1405/09/04,2026-10-04T09:29:14+03:30,19691.0,5.1,19394.0,3.51,18736.0,19200.0,19000.0,19691.0,20.0,677.0,13129794000.0,100000.0,1,0.0,,1.0,27,اختیار معامله,,,,,,,,,,,,,,,,447.0,5,8669118.0,230.0,3,4460620.0,543.0,10,10530942.0,134.0,1,2598796.0,1733823.6,1053094.2,1.646,-1861824.0,1,100,19650.0,19691.0,73,2,1,1,19301.0,20000.0,613,3,1,1,19300.0,21000.0,150,2,1,1,19150.0,21175.0,37,1,1,1000,19000.0,22900.0,34,1,,,,,,فملی,35425587644337450,28740,10000,1000,1405/05/17,1405/09/04,52,خرید,27252,17959940000.0
13937270451301973,وبشهر,توسعه صنایع بهشهر(هلدینگ,2026-10-04T09:28:47+03:30,7400.0,-0.8,7340.0,-1.61,7460.0,7310.0,7300.0,7490.0,97.0,2001941.0,14700373960.0,7680.0,7240,748.0,9.8,1,42,سهم,محصولات غذایی و آشامیدنی به جز قند و شکر,بازار بورس,بازار اول (تابلوی اصلی) بورس,9.53,748.0,0.0,60000000000.0,19.0,25729124.0,7110.0,7710.0,3330.0,7730.0,2026-10-04,440400000000000.0,1128710.0,36,8284731400.0,873231.0,3,6409515540.0,1860775.0,45,13658088500.0,141166.0,1,1036158440.0,230131427.77777776,303513077.7777778,0.758,-5373357100.0,1,1000,7380.0,7410.0,43633,3,2,43431,7370.0,7440.0,10000,1,2,49219,7360.0,7450.0,321500,3,4,45866,7350.0,7460.0,300000,1,1,25000,7340.0,7470.0,272205,4,,,,,,,,,,,,,,,,
14005569919742432,ضجار8032,اختیارخ وتجارت-991-1405/08/20,2026-10-04T09:29:48+03:30,100.0,-9.91,99.0,-10.81,111.0,101.0,94.0,110.0,334.0,86858.0,8556849000.0,100000.0,1,0.0,,1.0,57,اختیار معامله,,,,,,,,,,,,,,,,85476.0,77,8462124.0,800.0,1,79200.0,84285.0,38,8344215.0,1991.0,2,197109.0,109897.71428571428,219584.6052631579,0.5,117909.0,6,3104,100.0,101.0,1000,1,10,8020,99.0,103.0,50,1,5,5000,97.0,109.0,1278,2,2,1064,96.0,110.0,1000,1,31,26550,95.0,111.0,1235,4,,,,,,وتجارت,63917421733088077,899,991,1000,1405/04/21,1405/08/20,38,خرید,4454682,71140458000.0
14030949574228240,ضخود8056,اختیارخ خودرو-450-1405/08/06,2026-10-04T09:27:48+03:30,293.0,9.33,283.0,5.6,268.0,262.0,262.0,293.0,6.0,309.0,87575000.0,100000.0,1,0.0,,1.0,34,اختیار معامله,,,,,,,,,,,,,,,,309.0,5,87447.0,0.0,0,0.0,262.0,3,74146.0,47.0,1,13301.0,17489.399999999998,24715.333333333332,0.708,13301.0,1,10,290.0,293.0,915,1,1,770,289.0,300.0,10,1,1,200,265.0,318.0,50,1,1,50,212.0,319.0,50,1,1,100,211.0,0.0,0,0,,,,,,خودرو,65883838195688438,716,450,1000,1405/05/10,1405/08/06,24,خرید,51352,48783000.0
14073782708315535,شنفت,نفت پارس,2026-10-04T09:29:36+03:30,17940.0,-2.82,17940.0,-2.82,18460.0,18440.0,17910.0,18440.0,515.0,6236399.0,111864933780.0,19010.0,17910,2291.0,7.8,1,23,سهم,فراورده های نفتی، کک و سوخت هسته ای,بازار بورس,بازار اول (تابلوی فرعی) بورس,6.6,2291.0,10849.529,33800000000.0,12.0,19200259.0,17870.0,19310.0,9990.0,19310.0,2026-10-04,606372000000000.0,4563527.0,236,81869674380.0,1672872.0,4,30011323680.0,6225626.0,127,111687730440.0,10773.0,1,193267620.0,346905399.91525424,879430948.3464568,0.394,-29818056060.0,1,1000,17950.0,18150.0,20000,2,3,80000,17940.0,18160.0,90000,1,4,301000,17930.0,18190.0,2000,1,3,20161,17920.0,18200.0,90589,2,37,406552,17910.0,18270.0,200000,2,,,,,,,,,,,,,,,,
14079693677610396,اسیاتک,انتقال داده های آسیاتک,2026-10-04T09:29:14+03:30,4670.0,2.86,4630.0,1.98,4540.0,4620.0,4510.0,4670.0,542.0,28746754.0,133230635730.0,4670.0,4410,1000.0,4.6,1,73,سهم,اطلاعات و ارتباطات,بازار بورس,بازار اول (تابلوی اصلی) بورس,8.49,1000.0,0.0,11500000000.0,49.0,103129222.0,4330.0,4590.0,2068.0,4590.0,2026-10-04,53245000000000.0,14692283.0,112,68025270290.0,14054471.0,2,65072200730.0,28746754.0,246,133097471020.0,0.0,0,0.0,607368484.7321428,541046630.1626016,1.123,-65072200730.0,182,38204838,4670.0,0.0,0,0,1,24322,4660.0,0.0,0,0,3,287219,4640.0,0.0,0,0,2,530000,4630.0,0.0,0,0,3,531100,4620.0,0.0,0,0,صف خرید,,,,,,,,,,,,,,,
14230681955555738,آرام,صندوق س شاخصی آرام مفید,2026-10-04T09:29:28+03:30,50000.0,-1.48,49923.0,-1.63,50749.0,50450.0,49650.0,50450.0,281.0,1068016.0,53318644752.0,52271.0,49227,0.0,,1,68,صندوق,صندوق سرمایه گذاری قابل معامله,بازار بورس,بازار صندوق های قابل معامله,0.0,,0.0,2000000000.0,,8127406.0,48612.0,51998.0,19000.0,51998.0,2026-10-04,99846000000000.0,1060540.0,110,52945338420.0,7476.0,1,373224348.0,1050540.0,87,52446108420.0,17476.0,2,872454348.0,481321258.3636364,602828832.4137931,0.798,499230000.0,2,23000,50006.0,50200.0,56927,3,4,48923,50005.0,50220.0,5000,1,2,4162,50000.0,50445.0,208,1,1,50,49999.0,50450.0,2417,2,1,1000,49998.0,50490.0,11118,6,,49690.0,50128.0,2026-10-04T09:20:07+03:30,0.47,,,,,,,,,,,
14231831499205396,سنیر,سیمان سفید نیریز,2026-10-04T09:29:28+03:30,6560.0,-2.24,6600.0,-1.64,6710.0,6690.0,6510.0,6790.0,199.0,2954813.0,19488752110.0,6910.0,6510,963.0,6.9,1,53,سهم,سیمان، آهک و گچ,بازار بورس,بازار اول (تابلوی فرعی) بورس,7.57,963.0,2701.4834,3395000000.0,27.0,13745341.0,6650.0,6980.0,2895.0,7780.0,2026-10-04,22407000000000.0,2871813.0,87,18953965800.0,83000.0,2,547800000.0,2914813.0,66,19237765800.0,40000.0,1,264000000.0,217861675.86206898,291481300.0,0.747,-283800000.0,1,42146,6570.0,6660.0,342460,5,4,26055,6560.0,6690.0,150800,6,1,3000,6550.0,6700.0,306080,2,1,1500,6540.0,6730.0,4871,1,12,283772,6530.0,6750.0,3000,1,,,,,,,,,,,,,,,,
14257600989231164,ضملی8098,اختیارخ فملی-34000-1405/08/06,2026-10-04T09:07:30+03:30,930.0,-5.39,901.0,-8.34,983.0,800.0,800.0,936.0,19.0,288.0,259388000.0,100000.0,1,0.0,,1.0,27,اختیار معامله,,,,,,,,,,,,,,,,288.0,4,259488.0,0.0,0,0.0,288.0,4,259488.0,0.0,0,0.0,64872.0,64872.0,1.0,0.0,1,199,903.0,940.0,3,1,1,100,900.0,943.0,7,1,1,50,855.0,944.0,14,2,1,100,851.0,951.0,7,1,1,3,850.0,952.0,8,1,,,,,,فملی,35425587644337450,28740,34000,1000,1405/07/07,1405/08/06,24,خرید,4574,5938400000.0
14258394084745667,سمتاز,سیمان ممتازان کرمان,2026-10-04T09:27:44+03:30,63810.0,0.74,63810.0,0.74,63340.0,63640.0,63640.0,63840.0,8.0,23482.0,1498424700.0,65240.0,61440,8478.0,7.5,1,53,سهم,سیمان، آهک و گچ,بازار فرابورس,بازار دوم فرابورس,6.98,8478.0,16980.64,2000000000.0,,517858.0,62610.0,67030.0,23150.0,70000.0,2026-10-04,127620000000000.0,17545.0,2,1119546450.0,5937.0,1,378839970.0,18579.0,3,1185525990.0,4903.0,1,312860430.0,559773225.0,395175330.0,1.417,-65979540.0,2,24067,63830.0,63850.0,2572,1,1,11388,62940.0,63860.0,10000,1,2,3318,62590.0,64180.0,200,1,3,2321,61960.0,64190.0,1620,1,3,9190,61470.0,64200.0,25739,2,,,,,,,,,,,,,,,,
14312030900097668,غگلپا,شیر پاستوریزه پگاه گلپایگان,2026-10-04T09:29:47+03:30,27690.0,2.98,27690.0,2.98,26890.0,27690.0,27680.0,27690.0,157.0,1770495.0,49023393790.0,27690.0,26090,2729.0,10.1,1,42,سهم,محصولات غذایی و آشامیدنی به جز قند و شکر,بازار فرابورس,بازار اول فرابورس,7.72,2729.0,49210.68,1180000000.0,,3874850.0,24690.0,26980.0,9000.0,26980.0,2026-10-04,32674200000000.0,1718368.0,53,47581609920.0,49293.0,2,1364923170.0,904755.0,45,25052665950.0,862906.0,2,23893867140.0,897766224.9056604,556725910.0,1.613,22528943970.0,6,115246,27680.0,27690.0,19270,1,2,31000,27270.0,0.0,0,0,2,61483,27260.0,0.0,0,0,10,547715,27240.0,0.0,0,0,3,32295,27230.0,0.0,0,0,,,,,,,,,,,,,,,,
14398278072324784,قهکمت,قندهکمتان,2026-10-04T09:29:28+03:30,11370.0,2.99,11330.0,2.63,11040.0,11370.0,11040.0,11370.0,213.0,3919440.0,44404699950.0,11370.0,10710,1018.0,11.1,1,38,سهم,قند و شکر,بازار بورس,بازار دوم (تابلوی اصلی) بورس,9.87,1018.0,7420.278,7500000000.0,17.0,2417385.0,10100.0,11040.0,4850.0,11480.0,2026-10-04,84975000000000.0,3919440.0,105,44407255200.0,0.0,0,0.0,3889522.0,66,44068284260.0,29918.0,1,338970940.0,422926240.0,667701276.6666666,0.633,338970940.0,9,42892,11360.0,11370.0,185853,3,6,35267,11350.0,0.0,0,0,2,3094,11300.0,0.0,0,0,3,125727,11200.0,0.0,0,0,3,6650,11120.0,0.0,0,0,,,,,,,,,,,,,,,,
14427168056799610,کیمیا,ص. معدنی کیمیای زنجان گستران,2026-10-04T09:29:35+03:30,6520.0,-1.81,6550.0,-1.36,6640.0,6480.0,6470.0,6640.0,151.0,6969821.0,45676542420.0,6830.0,6450,949.0,6.9,1,27,سهم,فلزات اساسی,بازار بورس,بازار اول (تابلوی فرعی) بورس,15.14,949.0,5490.0874,5000000000.0,36.0,31989800.0,6360.0,6950.0,1724.0,7000.0,2026-10-04,32750000000000.0,3335913.0,40,21850230150.0,3633908.0,2,23802097400.0,6969821.0,59,45652327550.0,0.0,0,0.0,546255753.75,773768263.559322,0.706,-23802097400.0,2,42401,6510.0,6570.0,12500,2,1,107093,6490.0,6580.0,221605,3,6,87000,6480.0,6600.0,37938,1,5,74740,6470.0,6610.0,100000,1,10,49542,6460.0,6620.0,40000,1,,,,,,,,,,,,,,,,
14615176424787830,ضملت7046,اختیارخ وبملت-1654-1405/07/22,2026-10-04T09:29:48+03:30,30.0,-14.29,22.0,-37.14,35.0,32.0,15.0,32.0,1221.0,556587.0,12197474000.0,100000.0,1,0.0,,1.0,57,اختیار معامله,,,,,,,,,,,,,,,,533369.0,106,11734118.0,20420.0,2,449240.0,497194.0,87,10938268.0,56595.0,3,1245090.0,110699.22641509434,125727.2183908046,0.88,795850.0,1,232,30.0,31.0,2986,5,4,3200,29.0,32.0,4000,4,5,2627,28.0,33.0,5210,7,1,200,27.0,34.0,9300,10,4,2324,26.0,35.0,11850,15,,,,,,وبملت,778253364357513,1459,1654,1000,1405/04/27,1405/07/22,10,خرید,6918317,781377663000.0
14617104402836487,سیلام,سیمان ایلام,2026-10-04T09:29:27+03:30,21960.0,-2.87,21950.0,-2.92,22610.0,21970.0,21940.0,22000.0,66.0,315384.0,6922959620.0,23280.0,21940,1179.0,18.6,1,53,سهم,سیمان، آهک و گچ,بازار بورس,بازار دوم (تابلوی اصلی) بورس,7.57,1179.0,15827.305,1200000000.0,17.0,2825638.0,22040.0,23360.0,11990.0,23380.0,2026-10-04,26340000000000.0,315384.0,35,6922678800.0,0.0,0,0.0,315384.0,23,6922678800.0,0.0,0,0.0,197790822.85714287,300986034.7826087,0.657,0.0,3,11538,21960.0,22400.0,19,1,5,56387,21950.0,22450.0,4070,2,2,1613,21940.0,22460.0,1342,1,1,237,21110.0,22470.0,31358,1,1,239,20950.0,22500.0,1700,1,,,,,,,,,,,,,,,,
14721319478320740,ضبساما732,اختیارخ بساما-14000-14050726,2026-10-04T09:21:57+03:30,211.0,-1.4,211.0,-1.4,214.0,211.0,211.0,211.0,1.0,1.0,211000.0,1000000.0,1,0.0,,1.0,66,اختیار معامله,,,,,,,,,,,,,,,,1.0,1,211.0,0.0,0,0.0,1.0,1,211.0,0.0,0,0.0,211.0,211.0,1.0,0.0,3,101,211.0,250.0,123,2,1,500,210.0,257.0,600,2,1,500,205.0,258.0,80,1,1,11,202.0,259.0,200,1,1,1000,26.0,285.0,166,1,,,,,,بساما,41625340598198551,15090,14000,1000,1405/05/11,1405/07/26,14,خرید,102383,15080000.0
14763682947838230,طخود8055,اختیارف خودرو-400-1405/08/06,2026-10-04T09:20:47+03:30,1.0,0.0,1.0,0.0,1.0,1.0,1.0,1.0,1.0,10.0,10000.0,100000.0,1,0.0,,1.0,34,اختیار معامله,,,,,,,,,,,,,,,,10.0,1,10.0,0.0,0,0.0,10.0,1,10.0,0.0,0,0.0,10.0,10.0,1.0,0.0,5,3940,1.0,3.0,100,1,0,0,0.0,20.0,15,1,0,0,0.0,0.0,0,0,0,0,0.0,0.0,0,0,0,0,0.0,0.0,0,0,,,,,,خودرو,65883838195688438,716,400,1000,1405/05/10,1405/08/06,24,فروش,4118,7100000.0
14800142337291217,فولای,صنایع فولاد آلیاژی یزد,2026-10-04T09:26:33+03:30,5610.0,2.94,5610.0,2.94,5450.0,5610.0,5610.0,5610.0,49.0,1577255.0,8848400550.0,5610.0,5290,393.0,14.3,1,27,سهم,فلزات اساسی,بازار فرابورس,بازار دوم فرابورس,8.72,393.0,11522.679,3200000000.0,,45477611.0,5050.0,5450.0,2676.0,7250.0,2026-10-04,17952000000000.0,1577255.0,7,8848400550.0,0.0,0,0.0,1101255.0,38,6178040550.0,476000.0,1,2670360000.0,1264057221.4285715,162580014.47368422,7.775,2670360000.0,447,107844124,5610.0,0.0,0,0,2,150911,5490.0,0.0,0,0,8,436813,5450.0,0.0,0,0,2,17000,5330.0,0.0,0,0,2,320000,5320.0,0.0,0,0,صف خرید,,,,,,,,,,,,,,,
14811662998444150,ضملی9047,اختیارخ فملی-34000-1405/09/04,2026-10-04T09:28:09+03:30,1950.0,-3.27,1741.0,-13.64,2016.0,1999.0,1516.0,1999.0,10.0,37.0,64426000.0,100000.0,1,0.0,,1.0,27,اختیار معامله,,,,,,,,,,,,,,,,37.0,7,64417.0,0.0,0,0.0,37.0,3,64417.0,0.0,0,0.0,9202.42857142857,21472.333333333336,0.429,0.0,1,20,1802.0,1950.0,97,1,2,15,1801.0,1999.0,8,1,2,73,1800.0,2070.0,10,1,1,19,1605.0,2079.0,5,1,2,5,1602.0,2090.0,969,1,,,,,,فملی,35425587644337450,28740,34000,1000,1405/06/24,1405/09/04,52,خرید,45537,974440000.0
14825677919842501,تکیمیا,تامین سرمایه کیمیا,2026-10-04T09:26:54+03:30,2326.0,2.97,2326.0,2.97,2259.0,2326.0,2326.0,2326.0,24.0,2285145.0,5315247270.0,2326.0,2192,415.0,5.6,1,67,سهم,فعالیتهای کمکی به نهادهای مالی واسط,بازار فرابورس,بازار دوم فرابورس,9.1,415.0,0.0,32000000000.0,,17519594.0,2098.0,2259.0,1210.0,3210.0,2026-10-04,74432000000000.0,2285145.0,5,5315247270.0,0.0,0,0.0,309938.0,16,720915788.0,1975207.0,1,4594331482.0,1063049454.0,45057236.75,23.593,4594331482.0,97,42625227,2326.0,0.0,0,0,1,2426,2259.0,0.0,0,0,1,2443,2080.0,0.0,0,0,1,50000,2071.0,0.0,0,0,2,4954,2070.0,0.0,0,0,صف خرید,,,,,,,,,,,,,,,
14866502846174636,طخود8056,اختیارف خودرو-450-1405/08/06,2026-10-04T09:18:01+03:30,1.0,0.0,1.0,0.0,1.0,1.0,1.0,1.0,1.0,10.0,10000.0,100000.0,1,0.0,,1.0,34,اختیار معامله,,,,,,,,,,,,,,,,10.0,1,10.0,0.0,0,0.0,10.0,1,10.0,0.0,0,0.0,10.0,10.0,1.0,0.0,5,4039,1.0,3.0,39,1,0,0,0.0,0.0,0,0,0,0,0.0,0.0,0,0,0,0,0.0,0.0,0,0,0,0,0.0,0.0,0,0,,,,,,خودرو,65883838195688438,716,450,1000,1405/05/10,1405/08/06,24,فروش,4219,7060000.0
14886507586508567,آوان,صندوق س.آوان ژرف آگاه-س,2026-10-04T09:27:20+03:30,74890.0,-0.74,74481.0,-1.28,75449.0,77200.0,73750.0,77200.0,78.0,222781.0,16592907093.0,77712.0,73186,0.0,,1,68,صندوق,صندوق سرمایه گذاری قابل معامله,بازار فرابورس,بازار ابزارهاي نوين مالي فرابورس,1047.8,,0.0,1000000000.0,,2151509.0,71500.0,76662.0,41778.0,76662.0,2026-10-04,74481000000000.0,153888.0,41,11461732128.0,68893.0,2,5131219533.0,155882.0,18,11610247242.0,66899.0,5,4982704419.0,279554442.14634144,645013735.6666666,0.433,-148515114.0,2,4020,73896.0,75393.0,503,1,3,1961,73895.0,75395.0,133,1,1,6076,73894.0,75496.0,10000,1,1,100,73893.0,75497.0,1832,1,2,26790,73772.0,75498.0,7630,1,,74478.0,75208.0,2026-10-04T09:19:23+03:30,0.0,,,,,,,,,,,
14892991166285061,ضخود9054,اختیارخ خودرو-700-1405/09/04,2026-10-04T09:28:18+03:30,139.0,2.96,136.0,0.74,135.0,142.0,131.0,142.0,51.0,19714.0,2679727000.0,100000.0,1,0.0,,1.0,34,اختیار معامله,,,,,,,,,,,,,,,,19714.0,14,2681104.0,0.0,0,0.0,9396.0,9,1277856.0,10318.0,1,1403248.0,191507.42857142858,141984.0,1.349,1403248.0,1,44,138.0,139.0,682,1,1,1000,137.0,140.0,3747,6,1,200,136.0,141.0,1760,3,1,129,132.0,142.0,1030,2,13,1022,131.0,143.0,871,1,,,,,,خودرو,65883838195688438,716,700,1000,1405/06/07,1405/09/04,52,خرید,641118,13171536000.0
14916489896692147,زملارد,کشاورزی و دامپروری ملارد شیر,2026-10-04T09:29:50+03:30,1548.0,-1.53,1567.0,-0.32,1572.0,1599.0,1545.0,1599.0,671.0,35117637.0,55018275339.0,1619.0,1525,183.0,8.6,1,01,سهم,زراعت و خدمات وابسته,بازار فرابورس,بازار اول فرابورس,8.78,183.0,0.0,18862025000.0,,134517981.0,1481.0,1618.0,706.0,1618.0,2026-10-04,29556793175000.0,32885723.0,209,51531927941.0,1349456.0,2,2114597552.0,32557276.0,237,51017251492.0,1677903.0,2,2629274001.0,246564248.52153113,215262664.52320674,1.145,514676449.0,4,28621,1548.0,1550.0,119574,3,5,597652,1547.0,1559.0,600262,3,4,552625,1546.0,1560.0,188140,1,12,1770686,1545.0,1562.0,314451,2,4,229636,1544.0,1564.0,459692,3,,,,,,,,,,,,,,,,
14957056743925737,خلنت,لنت ترمزایران,2026-10-04T09:26:40+03:30,6550.0,2.99,6530.0,2.67,6360.0,6540.0,6410.0,6550.0,159.0,4615785.0,30137435040.0,6550.0,6170,1027.0,6.4,1,34,سهم,خودرو و ساخت قطعات,بازار بورس,بازار دوم (تابلوی اصلی) بورس,-23.78,1027.0,3059.2305,3800000000.0,27.0,14955036.0,5980.0,6360.0,3002.0,6360.0,2026-10-04,24814000000000.0,4365524.0,56,28506871720.0,250261.0,5,1634204330.0,3186365.0,57,20806963450.0,1429420.0,2,9334112600.0,509051280.7142857,365034446.49122804,1.395,7699908270.0,114,9182335,6550.0,0.0,0,0,1,1580,6520.0,0.0,0,0,1,141844,6460.0,0.0,0,0,1,5000,6440.0,0.0,0,0,2,10319,6430.0,0.0,0,0,صف خرید,,,,,,,,,,,,,,,
15039949673085566,پردیس,سرمایه گذاری پردیس,2026-10-04T09:29:18+03:30,2231.0,-1.98,2223.0,-2.33,2276.0,2240.0,2213.0,2240.0,67.0,2886251.0,6414916375.0,2344.0,2208,404.0,5.5,1,56,سهم,سرمایه گذاریها,بازار بورس,بازار اول (تابلوی اصلی) بورس,7.57,404.0,0.0,10000000000.0,37.0,26644268.0,2240.0,2347.0,1471.0,2347.0,2026-10-04,22230000000000.0,2886251.0,25,6416135973.0,0.0,0,0.0,1282047.0,20,2849990481.0,1604204.0,1,3566145492.0,256645438.92,142499524.04999998,1.801,3566145492.0,1,100000,2222.0,2232.0,207000,2,3,115040,2221.0,2233.0,36200,1,1,5000,2220.0,2238.0,22752,2,4,56231,2216.0,2240.0,912354,1,4,158000,2215.0,2243.0,2500,1,,,,,,,,,,,,,,,,
15259343650667588,قزوین,کارخانجات قند قزوین,2026-10-04T09:28:18+03:30,12250.0,0.16,12240.0,0.08,12230.0,12500.0,12220.0,12500.0,15.0,102207.0,1251472750.0,12590.0,11870,1403.0,8.7,1,38,سهم,قند و شکر,بازار بورس,بازار دوم (تابلوی اصلی) بورس,9.87,1403.0,7549.2974,4000000000.0,25.0,2695532.0,12210.0,12930.0,5850.0,13920.0,2026-10-04,48960000000000.0,14930.0,3,182743200.0,87277.0,2,1068270480.0,102207.0,10,1251013680.0,0.0,0,0.0,60914400.0,125101368.00000001,0.487,-1068270480.0,3,26292,12250.0,12400.0,4080,1,2,101983,12240.0,12450.0,10000,1,1,410,12210.0,12460.0,60000,2,1,3000,11930.0,12470.0,6156,2,1,46045,11900.0,12480.0,4000,2,,,,,,,,,,,,,,,,
15282093177363578,شساخت,مهندسی و ساختمان صنایع نفت,2026-10-04T09:21:47+03:30,4700.0,2.84,4700.0,2.84,4570.0,4700.0,4700.0,4700.0,15.0,847490.0,3983203000.0,4700.0,4440,1686.0,2.8,1,11,سهم,استخراج نفت گاز و خدمات جنبی جز اکتشاف,بازار پایه فرابورس,بازار پایه زرد فرابورس,0.0,1686.0,0.0,39033288516.0,,537219.0,4320.0,4570.0,4320.0,26540.0,2026-10-04,183456456025200.0,547490.0,2,2573203000.0,300000.0,1,1410000000.0,95580.0,5,449226000.0,751910.0,1,3533977000.0,1286601500.0,89845200.0,14.32,2123977000.0,880,212931557,4700.0,0.0,0,0,1,300000,4690.0,0.0,0,0,1,300000,4680.0,0.0,0,0,6,305282,4570.0,0.0,0,0,2,27000,4440.0,0.0,0,0,صف خرید,,,,,,,,,,,,,,,
15374483986949695,دهدشت,صنایع پتروشیمی دهدشت,2026-10-04T09:22:13+03:30,15810.0,3.0,15380.0,0.2,15350.0,15810.0,15810.0,15810.0,7.0,18340.0,289955400.0,15810.0,14890,-107.0,-143.7,294523,44,سهم,محصولات شیمیایی,بازار پایه فرابورس,بازار پایه زرد فرابورس,0.0,-107.0,0.0,1549430000.0,,639358.0,14480.0,15350.0,6700.0,15350.0,2026-10-04,23830233400000.0,18340.0,1,282069200.0,0.0,0,0.0,8340.0,5,128269200.0,10000.0,1,153800000.0,282069200.0,25653840.0,10.995,153800000.0,63,5740705,15810.0,0.0,0,0,1,20000,14890.0,0.0,0,0,0,0,0.0,0.0,0,0,0,0,0.0,0.0,0,0,0,0,0.0,0.0,0,0,صف خرید,,,,,,,,,,,,,,,
15420554853151242,ثمر,صندوق س ثمرگندم-ثابت,2026-10-04T09:29:41+03:30,14280.0,0.13,14279.0,0.13,14261.0,14279.0,14279.0,14280.0,164.0,17368940.0,248012453551.0,14688.0,13834,0.0,,1,68,صندوق,صندوق سرمایه گذاری قابل معامله,بازار بورس,بازار صندوق های قابل معامله,0.0,,0.0,6700000000.0,,449388560.0,14225.0,14262.0,10333.0,14262.0,2026-10-04,95669300000000.0,1912752.0,32,27312185808.0,15456000.0,1,220696224000.0,8048889.0,86,114930086031.0,9319863.0,5,133078323777.0,853505806.5,1336396349.1976745,0.639,-87617900223.0,1,484542599,14279.0,14280.0,99740988,2,4,1159249,14278.0,14281.0,1001200,2,2,1001000,14277.0,14282.0,1000000,1,2,1001000,14276.0,14283.0,1000490,2,2,1010000,14275.0,14284.0,1000000,1,,14225.0,14234.0,2026-10-04T09:20:01+03:30,0.38,,,,,,,,,,,
15451317146134956,افق ملت,صندوق س در سهام افق ملت,2026-10-04T09:29:19+03:30,708000.0,-0.05,708155.0,-0.03,708379.0,708380.0,708000.0,708380.0,9.0,732.0,518369300.0,729630.0,687128,0.0,,1,68,صندوق,صندوق سرمایه گذاری قابل معامله,بازار بورس,بازار صندوق های قابل معامله,0.0,,0.0,100000000.0,,14942.0,665522.0,709300.0,262000.0,724953.0,2026-10-03,70815500000000.0,41.0,2,29034355.0,691.0,1,489335105.0,732.0,5,518369460.0,0.0,0,0.0,14517177.5,103673892.0,0.14,-489335105.0,1,6,708000.0,714231.0,10000,1,1,10000,694231.0,725000.0,4877,3,1,7,688000.0,729630.0,129,3,3,440,687128.0,738533.0,1,1,0,0,0.0,0.0,0,0,,703864.0,710746.0,2026-10-04T09:20:06+03:30,0.61,,,,,,,,,,,
15472396110662150,سکرما,سیمان کرمان,2026-10-04T09:29:40+03:30,74200.0,-0.26,74010.0,-0.51,74390.0,74230.0,73700.0,74390.0,34.0,54393.0,4025388970.0,76620.0,72160,11282.0,6.6,1,53,سهم,سیمان، آهک و گچ,بازار بورس,بازار اول (تابلوی فرعی) بورس,7.57,11282.0,19262.834,1500000000.0,20.0,1129613.0,73940.0,78400.0,43000.0,86780.0,2026-10-04,111015000000000.0,6537.0,10,483803370.0,47788.0,1,3536789880.0,54325.0,19,4020593250.0,0.0,0,0.0,48380337.0,211610171.0526316,0.229,-3536789880.0,1,22,74110.0,74200.0,5365,2,1,81,74100.0,74230.0,28060,3,1,135,74010.0,76400.0,6000,1,1,5816,73810.0,76450.0,10400,1,2,11456,73800.0,76480.0,30000,1,,,,,,,,,,,,,,,,
15494954332657697,همای,صندوق س همای آگاه-ثابت,2026-10-04T09:29:49+03:30,10106.0,0.13,10106.0,0.13,10093.0,10105.0,10105.0,10111.0,606.0,20147491.0,203613124427.0,10395.0,9791,0.0,,1,68,صندوق,صندوق سرمایه گذاری قابل معامله,بازار بورس,بازار صندوق های قابل معامله,0.0,,0.0,12500000000.0,,141852638.0,10066.0,10102.0,10012.0,10337.0,2026-10-04,126325000000000.0,20120225.0,293,203334993850.0,0.0,0,0.0,20070225.0,215,202829693850.0,50000.0,1,505300000.0,693976088.225256,943393924.8837209,0.736,505300000.0,2,275323,10106.0,10107.0,3016865,4,10,868096,10105.0,10108.0,200,1,248,204664375,10104.0,10109.0,1110607,4,7,5152000,10103.0,10110.0,1679982,11,7,5012374,10102.0,10111.0,1372139,11,,10130.0,10147.0,2026-10-04T09:13:29+03:30,-0.24,,,,,,,,,,,
15519769256883158,اعتبار2,صندوق س. نوع دوم اعتبار-د,2026-10-04T08:56:07+03:30,1.0,-100.0,1.0,-100.0,29745.0,1.0,1.0,1.0,1.0,5000000.0,5000000.0,1.0,1,0.0,,1,68,صندوق,صندوق سرمایه گذاری قابل معامله,بازار فرابورس,بازار ابزارهاي نوين مالي فرابورس,1067.75,,0.0,2900000000.0,,46896492.0,1.0,1.0,0.0,1.0,2026-10-04,2900000000.0,0.0,0,0.0,5000000.0,1,5000000.0,0.0,0,0.0,5000000.0,1,5000000.0,,,,0.0,0,0,0.0,0.0,0,0,,,,,,,,,,,,,,,,,,,,,,,,,,,,,,,,,,,,,,,,
15521712617204216,سفارس,سیمان فارس و خوزستان,2026-10-04T09:29:35+03:30,28150.0,-2.66,28120.0,-2.77,28920.0,28100.0,28060.0,28690.0,301.0,1764728.0,49623506890.0,29780.0,28060,3912.0,7.2,1,53,سهم,سیمان، آهک و گچ,بازار بورس,بازار اول (تابلوی اصلی) بورس,7.63,3912.0,0.0,20000000000.0,36.0,28540821.0,28000.0,30250.0,14550.0,32850.0,2026-10-04,562400000000000.0,1467302.0,154,41260532240.0,297426.0,5,8363619120.0,1595274.0,94,44859104880.0,169454.0,3,4765046480.0,267925534.02597404,477224520.0,0.561,-3598572640.0,8,111040,28100.0,28150.0,5158,2,4,2700,28090.0,28160.0,179126,6,3,2250,28080.0,28300.0,107853,2,10,19291,28070.0,28400.0,2000,1,126,455933,28060.0,28500.0,3000,2,,,,,,,,,,,,,,,,
15726796686853780,ثعمرا,عمران و توسعه شاهد,2026-10-04T09:29:40+03:30,14930.0,-1.39,14970.0,-1.12,15140.0,14830.0,14830.0,15150.0,39.0,90346.0,1352302710.0,15590.0,14690,378.0,39.6,1,70,سهم,انبوه سازی، املاک و مستغلات,بازار فرابورس,بازار دوم فرابورس,24.09,378.0,0.0,1300000000.0,,1985693.0,15100.0,16000.0,7160.0,16420.0,2026-10-04,19461000000000.0,36782.0,8,550626540.0,43564.0,1,652153080.0,59523.0,12,891059310.0,20823.0,1,311720310.0,68828317.5,74254942.5,0.927,-340432770.0,1,69,14930.0,14940.0,7761,2,1,692,14910.0,14950.0,100000,1,1,354,14880.0,14960.0,55085,2,2,3000,14850.0,15040.0,3837,2,1,100000,14840.0,15090.0,42,1,,,,,,,,,,,,,,,,
15902901126201453,طجار8031,اختیارف وتجارت-891-1405/08/20,2026-10-04T09:26:19+03:30,100.0,35.14,83.0,12.16,74.0,81.0,81.0,100.0,2.0,110.0,9100000.0,100000.0,1,0.0,,1.0,57,اختیار معامله,,,,,,,,,,,,,,,,110.0,2,9130.0,0.0,0,0.0,110.0,2,9130.0,0.0,0,0.0,4565.0,4565.0,1.0,0.0,1,500,34.0,100.0,1320,2,2,2000,33.0,132.0,1000,1,1,1000,15.0,200.0,444,1,1,1000,13.0,250.0,200,1,1,7,4.0,0.0,0,0,,,,,,وتجارت,63917421733088077,899,891,1000,1405/04/21,1405/08/20,38,فروش,20881,98780000.0
15917865009187760,مادیرا,صنایع مادیران,2026-10-04T09:29:36+03:30,3240.0,2.86,3230.0,2.54,3150.0,3240.0,3170.0,3240.0,631.0,29695587.0,95867234240.0,3240.0,3060,252.0,12.8,1,26,سهم,تولید محصولات کامپیوتری الکترونیکی ونوری,بازار فرابورس,بازار اول فرابورس,8.77,252.0,0.0,23400000000.0,,104674248.0,2950.0,3160.0,1846.0,3609.0,2026-10-04,75582000000000.0,28761166.0,134,92898566180.0,734421.0,1,2372179830.0,24761166.0,232,79978566180.0,4734421.0,1,15292179830.0,693272881.9402986,344735199.05172414,2.011,12920000000.0,80,16303483,3240.0,3310.0,200000,1,5,122494,3220.0,3320.0,19245,5,5,63609,3210.0,3670.0,4000,2,2,35583,3200.0,0.0,0,0,8,178278,3190.0,0.0,0,0,,,,,,,,,,,,,,,,
15930821245168534,سکارون,سیمان کارون,2026-10-04T09:25:50+03:30,5350.0,-2.9,5360.0,-2.72,5510.0,5450.0,5350.0,5450.0,49.0,2062459.0,11056945320.0,5670.0,5350,243.0,22.1,1,53,سهم,سیمان، آهک و گچ,بازار پایه فرابورس,بازار پایه زرد فرابورس,0.0,243.0,2795.8096,5687423515.0,,8037328.0,5500.0,5750.0,2480.0,5910.0,2026-10-04,30484590040400.0,2062459.0,24,11054780240.0,0.0,0,0.0,2062459.0,17,11054780240.0,0.0,0,0.0,460615843.3333334,650281190.5882353,0.708,0.0,0,0,0.0,5350.0,5305429,27,0,0,0.0,5360.0,32826,1,0,0,0.0,5380.0,38797,1,0,0,0.0,5440.0,109416,7,0,0,0.0,5450.0,13807,1,صف فروش,,,,,,,,,,,,,,,
15949743338644220,ساروم,سیمانارومیه,2026-10-04T09:29:14+03:30,231800.0,-2.77,231700.0,-2.81,238400.0,240400.0,231300.0,240400.0,398.0,400757.0,92869295700.0,245500.0,231300,34336.0,6.7,1,53,سهم,سیمان، آهک و گچ,بازار بورس,بازار اول (تابلوی اصلی) بورس,7.57,34336.0,57931.24,1000000000.0,27.0,1588686.0,232000.0,250100.0,108000.0,250100.0,2026-10-04,231700000000000.0,261683.0,206,60631951100.0,139074.0,3,32223445800.0,343637.0,118,79620692900.0,57120.0,3,13234704000.0,294329859.70873785,674751634.7457627,0.436,-18988741800.0,4,2085,231700.0,231800.0,8367,2,4,811,231600.0,231900.0,187,3,4,4074,231500.0,232000.0,2000,1,4,6195,231400.0,235500.0,22,1,31,48421,231300.0,235600.0,10044,6,,,,,,,,,,,,,,,,
15962072736526551,کاریز,بیمه زندگی کاریزما,2026-10-04T09:28:57+03:30,25510.0,-2.97,25510.0,-2.97,26290.0,25510.0,25510.0,25990.0,94.0,2131620.0,54387070160.0,27070.0,25510,1578.0,16.2,1,66,سهم,بیمه وصندوق بازنشستگی به جزتامین اجتماعی,بازار پایه فرابورس,بازار پایه زرد فرابورس,0.0,1578.0,0.0,2400000000.0,,7790160.0,26190.0,27770.0,5780.0,27770.0,2026-10-04,61224000000000.0,1453620.0,36,37081846200.0,678000.0,2,17295780000.0,2131620.0,26,54377626200.0,0.0,0,0.0,1030051283.3333334,2091447161.5384614,0.493,-17295780000.0,0,0,0.0,25510.0,1005591,23,0,0,0.0,25990.0,25000,2,0,0,0.0,26000.0,2000,1,0,0,0.0,26180.0,2000,1,0,0,0.0,26200.0,5000,1,صف فروش,,,,,,,,,,,,,,,
15967781583549332,ضتاص9027,اختیارخ تاصیکو-35520-05/09/04,2026-10-04T09:23:48+03:30,8999.0,-10.72,9148.0,-9.24,10079.0,9403.0,8998.0,9403.0,19.0,158.0,1445446000.0,100000.0,1,0.0,,1.0,13,اختیار معامله,,,,,,,,,,,,,,,,158.0,13,1445384.0,0.0,0,0.0,158.0,6,1445384.0,0.0,0,0.0,111183.38461538461,240897.3333333333,0.462,0.0,1,2,9102.0,9799.0,10,1,1,2,9101.0,9800.0,100,1,1,20,9100.0,10199.0,4,1,1,5,9020.0,10200.0,1,1,1,3,9015.0,10299.0,1,1,,,,,,تاصیکو,23293437377896568,37890,35520,1000,1405/06/28,1405/09/04,52,خرید,10031,5077260000.0
16040900750729921,کامیاب,صندوق س. کامیاب آشنا-د,2026-10-04T09:29:39+03:30,39292.0,0.13,39292.0,0.13,39240.0,39292.0,39292.0,39293.0,70.0,2177174.0,85546131807.0,40417.0,38063,0.0,,1,68,صندوق,صندوق سرمایه گذاری قابل معامله,بازار فرابورس,بازار ابزارهاي نوين مالي فرابورس,1067.75,,0.0,2530000000.0,,60845121.0,39137.0,39276.0,28510.0,39276.0,2026-10-04,99408760000000.0,970941.0,19,38150213772.0,1055444.0,1,41470505648.0,1442768.0,42,56689240256.0,583617.0,1,22931479164.0,2007905988.0,1349743815.6190476,1.488,-18539026484.0,3,204094418,39292.0,39293.0,14786310,3,1,500000,39291.0,39294.0,100000,1,1,500000,39290.0,39295.0,100000,1,1,500000,39289.0,39296.0,100000,1,1,500000,39288.0,39297.0,100000,1,,39225.0,39277.0,2026-10-04T09:19:17+03:30,0.17,,,,,,,,,,,
16056283141617755,کارین,صندوق س نگین سامان-ثابت,2026-10-04T09:26:49+03:30,19684.0,0.12,19685.0,0.13,19660.0,19685.0,19684.0,19685.0,17.0,529150.0,10416103696.0,20249.0,19071,0.0,,1,68,صندوق,صندوق سرمایه گذاری قابل معامله,بازار بورس,بازار صندوق های قابل معامله,0.0,,0.0,25000000000.0,,280400019.0,19590.0,19661.0,14351.0,19661.0,2026-10-04,492125000000000.0,315096.0,6,6202664760.0,214054.0,1,4213652990.0,207259.0,9,4079893415.0,321891.0,3,6336424335.0,1033777460.0,453321490.5555555,2.28,2122771345.0,20,199785946,19684.0,19685.0,56302266,13,1,10000000,19683.0,19686.0,10000000,1,1,10000000,19682.0,19687.0,10000000,1,1,10000000,19681.0,19688.0,10000000,1,1,10000000,19680.0,19690.0,10000000,1,,19668.0,19683.0,2026-10-04T09:20:07+03:30,0.09,,,,,,,,,,,
16127072350865840,ضستا8062,اختیارخ شستا-4000-1405/08/13,2026-10-04T09:27:30+03:30,300.0,-1.32,251.0,-17.43,304.0,270.0,250.0,300.0,7.0,575.0,144220000.0,100000.0,1,0.0,,1.0,39,اختیار معامله,,,,,,,,,,,,,,,,575.0,7,144325.0,0.0,0,0.0,575.0,3,144325.0,0.0,0,0.0,20617.85714285714,48108.33333333333,0.429,0.0,1,500,251.0,333.0,3,1,1,100,221.0,419.0,1000,1,1,100,201.0,420.0,1100,2,1,1000,200.0,448.0,100,1,3,2941,170.0,450.0,230,2,,,,,,شستا,2400322364771558,3580,4000,1000,1405/06/28,1405/08/13,31,خرید,40581,2020620000.0
16160428999603144,ضملی9035,اختیارخ فملی-12000-1405/09/04,2026-10-04T09:23:11+03:30,17651.0,0.88,17595.0,0.56,17497.0,17551.0,17551.0,17651.0,3.0,9.0,158359000.0,100000.0,1,0.0,,1.0,27,اختیار معامله,,,,,,,,,,,,,,,,9.0,2,158355.0,0.0,0,0.0,0.0,0,0.0,9.0,1,158355.0,79177.5,,,158355.0,1,50,17760.0,17822.0,23,1,1,1,17000.0,21550.0,50,1,1,2,12000.0,22000.0,5,1,1,1000,2.0,23796.0,7,2,1,100,1.0,30000.0,1,1,,,,,,فملی,35425587644337450,28740,12000,1000,1405/05/17,1405/09/04,52,خرید,4100,257580000.0
16275009840546748,سبزآبنوس,صندوق س مسیرسبزآبنوس-سهام,2026-10-04T09:13:25+03:30,12400.0,0.15,12401.0,0.16,12381.0,12750.0,12400.0,12750.0,4.0,172794.0,2142738194.0,12752.0,12010,0.0,,1,68,صندوق,صندوق سرمایه گذاری قابل معامله,بازار بورس,بازار صندوق های قابل معامله,0.0,,0.0,200000000.0,,4447371.0,11950.0,12698.0,9812.0,12698.0,2026-10-04,2480200000000.0,22794.0,2,282668394.0,150000.0,1,1860150000.0,172794.0,3,2142818394.0,0.0,0,0.0,141334197.0,714272798.0,0.198,-1860150000.0,2,150440,12230.0,12590.0,150000,1,1,100,12100.0,12719.0,22594,1,1,800,12010.0,12720.0,4000,1,0,0,0.0,12740.0,85000,1,0,0,0.0,12748.0,50786,2,,12458.0,12527.0,2026-10-04T09:20:06+03:30,-0.46,,,,,,,,,,,
16369313804633525,حپترو,حمل و نقل پتروشیمی( سهامی عام,2026-10-04T09:23:11+03:30,17660.0,1.2,16960.0,-2.81,17450.0,17020.0,16930.0,17880.0,36.0,195834.0,3321103590.0,17970.0,16930,623.0,27.2,1,60,سهم,حمل ونقل، انبارداری و ارتباطات,بازار بورس,بازار اول (تابلوی فرعی) بورس,18.11,623.0,0.0,1398000000.0,24.0,1211686.0,15950.0,17480.0,10640.0,19740.0,2026-10-04,23710080000000.0,136794.0,18,2320026240.0,59040.0,1,1001318400.0,195834.0,17,3321344640.0,0.0,0,0.0,128890346.66666667,195373214.11764705,0.66,-1001318400.0,4,22830,17090.0,17640.0,35163,3,1,600,17070.0,17650.0,22093,2,1,10000,17060.0,17660.0,28499,3,1,17192,17050.0,17670.0,11000,2,1,584,17040.0,17790.0,10500,2,,,,,,,,,,,,,,,,
16383091566030431,امتیاز,صندوق س.امتیاز اول-س,2026-10-04T09:18:46+03:30,22599.0,2.73,22649.0,2.95,21999.0,22649.0,22599.0,22649.0,4.0,4757.0,107741143.0,22658.0,21340,0.0,,1,68,صندوق,صندوق سرمایه گذاری قابل معامله,بازار فرابورس,بازار ابزارهاي نوين مالي فرابورس,1047.8,,0.0,600000000.0,,5516798.0,20997.0,22603.0,8930.0,22603.0,2026-10-04,13589400000000.0,4757.0,4,107741293.0,0.0,0,0.0,4757.0,2,107741293.0,0.0,0,0.0,26935323.25,53870646.5,0.5,0.0,1,25000,22000.0,22597.0,1106,2,2,24500,21851.0,22598.0,35255,1,4,284903,21850.0,22599.0,31302,2,2,200915,21800.0,22600.0,9450,2,3,202293,21750.0,22640.0,5000,1,,21896.0,22120.0,2026-10-04T09:19:31+03:30,3.44,,,,,,,,,,,
16405556680571453,کخاک,صنایعخاکچینیایران,2026-10-04T09:28:47+03:30,73970.0,2.99,73970.0,2.99,71820.0,73970.0,73970.0,73970.0,47.0,346408.0,25623799760.0,73970.0,69670,4037.0,18.3,1,54,سهم,سایر محصولات کانی غیرفلزی,بازار بورس,بازار اول (تابلوی اصلی) بورس,14.81,4037.0,10783.434,3500000000.0,20.0,3298911.0,67700.0,71820.0,18300.0,71820.0,2026-10-04,258895000000000.0,346408.0,14,25623799760.0,0.0,0,0.0,25408.0,14,1879429760.0,321000.0,1,23744370000.0,1830271411.4285715,134244982.85714287,13.634,23744370000.0,680,11719223,73970.0,0.0,0,0,3,6200,73500.0,0.0,0,0,1,8000,73070.0,0.0,0,0,21,45910,71820.0,0.0,0,0,1,241,70000.0,0.0,0,0,صف خرید,,,,,,,,,,,,,,,
16410724132711490,غفارس,شیر پاستوریزه پگاه فارس,2026-10-04T09:29:52+03:30,33960.0,2.6,33620.0,1.57,33100.0,33500.0,33100.0,33990.0,254.0,2830938.0,95183846960.0,34090.0,32110,1963.0,17.1,1,42,سهم,محصولات غذایی و آشامیدنی به جز قند و شکر,بازار فرابورس,بازار اول فرابورس,7.71,1963.0,50868.273,1704275773.0,,4966299.0,31250.0,33140.0,6350.0,33140.0,2026-10-04,57297751488260.0,1652323.0,45,55551099260.0,1175719.0,2,39527672780.0,2828042.0,54,95078772040.0,0.0,0,0.0,1234468872.4444447,1760718000.7407408,0.701,-39527672780.0,3,6702,33960.0,33970.0,86869,4,1,500,33910.0,33980.0,60000,2,2,10308,33700.0,33990.0,65000,3,1,400,33600.0,34000.0,95500,5,1,2000,33350.0,34010.0,7400,2,,,,,,,,,,,,,,,,
16422980660132735,لطیف,محصولات کاغذی لطیف,2026-10-04T09:29:47+03:30,4140.0,0.0,4100.0,-0.97,4140.0,4190.0,4030.0,4190.0,162.0,4789222.0,19628580180.0,4260.0,4020,315.0,13.0,1,21,سهم,محصولات کاغذی,بازار فرابورس,بازار اول فرابورس,11.49,315.0,2821.854,6198659000.0,,22587896.0,3910.0,4140.0,2150.0,4240.0,2026-10-04,25414501900000.0,4693939.0,52,19245149900.0,95005.0,1,389520500.0,4377576.0,93,17948061600.0,411368.0,2,1686608800.0,370099036.5384615,192989909.67741936,1.918,1297088300.0,2,361661,4140.0,4150.0,167814,1,1,5495,4130.0,4180.0,309,1,2,156138,4120.0,4190.0,618349,8,1,5922,4110.0,4200.0,620185,4,3,202420,4100.0,4220.0,41553,2,,,,,,,,,,,,,,,,
16459383584475903,ضملت7044,اختیارخ وبملت-1454-1405/07/22,2026-10-04T09:29:48+03:30,99.0,-13.91,92.0,-20.0,115.0,94.0,83.0,107.0,2853.0,1069270.0,98154401000.0,100000.0,1,0.0,,1.0,57,اختیار معامله,,,,,,,,,,,,,,,,1009901.0,358,92910892.0,48563.0,2,4467796.0,944270.0,245,86872840.0,114194.0,9,10505848.0,259527.63128491622,354583.02040816325,0.732,6038052.0,5,3517,99.0,100.0,175,1,8,5150,98.0,101.0,1200,2,9,4200,97.0,102.0,2722,5,7,3325,96.0,103.0,7000,7,11,5540,95.0,104.0,4000,4,,,,,,وبملت,778253364357513,1459,1454,1000,1405/04/27,1405/07/22,10,خرید,12864741,1445530512000.0
16553062355259729,بمیلا,توسعه سرمایه گذاری میلاد پارس,2026-10-04T09:28:32+03:30,7280.0,-2.93,7280.0,-2.93,7500.0,7280.0,7280.0,7280.0,52.0,2222463.0,16179530640.0,7720.0,7280,-28.0,-260.0,1,46,سهم,تجارت عمده فروشی به جز وسایل نقلیه موتور,بازار پایه فرابورس,بازار پایه زرد فرابورس,0.0,-28.0,0.0,1135000000.0,,10662110.0,7470.0,7970.0,5230.0,8990.0,2026-10-04,8262800000000.0,2222463.0,33,16179530640.0,0.0,0,0.0,2222463.0,14,16179530640.0,0.0,0,0.0,490288807.27272725,1155680760.0,0.424,0.0,0,0,0.0,7280.0,7161605,47,0,0,0.0,7460.0,109492,1,0,0,0.0,7470.0,2000,1,0,0,0.0,7500.0,11500,2,0,0,0.0,7570.0,1428,1,صف فروش,,,,,,,,,,,,,,,
16578517055478811,تیام,صندوق س.سهامی تیام-س,2026-10-04T09:28:43+03:30,35275.0,1.49,34374.0,-1.1,34758.0,34412.0,34237.0,35275.0,6.0,30168.0,1037006746.0,35800.0,33716,0.0,,1,68,صندوق,صندوق سرمایه گذاری قابل معامله,بازار فرابورس,بازار ابزارهاي نوين مالي فرابورس,1047.8,,0.0,1000000000.0,,1301894.0,33350.0,35277.0,13885.0,35277.0,2026-10-04,34374000000000.0,8898.0,2,305859852.0,21270.0,2,731134980.0,23348.0,3,802564152.0,6820.0,1,234430680.0,152929926.0,267521384.0,0.572,-496704300.0,1,500,34240.0,35278.0,50000,1,1,42570,34237.0,35279.0,50000,1,1,50000,34063.0,35364.0,50000,1,1,50000,33975.0,35453.0,70000,2,1,50000,33890.0,35626.0,50000,1,,34377.0,34723.0,2026-10-04T09:19:22+03:30,-0.01,,,,,,,,,,,
16582961426722208,آسود,ص.س.درآمد ثابت آرمان اقتصاد-د,2026-10-04T09:20:59+03:30,16705.0,0.13,16705.0,0.13,16684.0,16705.0,16705.0,16706.0,4.0,104080.0,1738702474.0,17184.0,16184,0.0,,1,68,صندوق,صندوق سرمایه گذاری قابل معامله,بازار فرابورس,بازار ابزارهاي نوين مالي فرابورس,1067.75,,0.0,200000000.0,,2055267.0,16640.0,16685.0,12594.0,16685.0,2026-10-04,3341000000000.0,46074.0,1,769666170.0,58006.0,1,968990230.0,58006.0,3,968990230.0,46074.0,1,769666170.0,769666170.0,322996743.3333333,2.383,-199324060.0,1,9941994,16705.0,16706.0,1953926,1,1,50000,16704.0,16707.0,50000,1,1,50000,16703.0,16708.0,50000,1,1,50000,16702.0,16709.0,50000,1,1,50000,16701.0,16710.0,50000,1,,16685.0,16692.0,2026-10-04T09:19:04+03:30,0.12,,,,,,,,,,,
16673205196919832,شفارا,پتروشیمی فارابی,2026-10-04T09:21:20+03:30,1899.0,2.98,1899.0,2.98,1844.0,1899.0,1899.0,1899.0,52.0,9223079.0,17514627021.0,1899.0,1789,126.0,15.1,1,44,سهم,محصولات شیمیایی,بازار پایه فرابورس,بازار پایه زرد فرابورس,0.0,126.0,2652.944,14423166000.0,,57305887.0,1739.0,1844.0,989.0,4645.0,2026-10-04,27389592234000.0,8223079.0,9,15615627021.0,1000000.0,1,1899000000.0,4044483.0,23,7680473217.0,5178596.0,1,9834153804.0,1735069669.0,333933618.13043475,5.196,7935153804.0,173,150349089,1899.0,0.0,0,0,1,70000,1898.0,0.0,0,0,8,4385616,1844.0,0.0,0,0,1,31000,1802.0,0.0,0,0,5,745446,1789.0,0.0,0,0,صف خرید,,,,,,,,,,,,,,,
16693610252404739,ثالوند,سرمایه گذاری مسکن الوند,2026-10-04T09:29:09+03:30,12620.0,2.94,12620.0,2.94,12260.0,12620.0,12620.0,12620.0,55.0,1658947.0,20935911140.0,12620.0,11900,230.0,54.9,1,70,سهم,انبوه سازی، املاک و مستغلات,بازار فرابورس,بازار اول فرابورس,24.09,230.0,0.0,3200000000.0,,5450015.0,11570.0,12260.0,3235.0,12260.0,2026-10-04,40384000000000.0,1658947.0,26,20935911140.0,0.0,0,0.0,1658947.0,21,20935911140.0,0.0,0,0.0,805227351.5384616,996948149.5238094,0.808,0.0,443,30463147,12620.0,0.0,0,0,1,20000,12610.0,0.0,0,0,1,100000,12270.0,0.0,0,0,28,988656,12260.0,0.0,0,0,1,50000,11910.0,0.0,0,0,صف خرید,,,,,,,,,,,,,,,
16697812875985850,اخزا210,اسنادخزانه-م10بودجه02-051112,2026-10-04T09:05:03+03:30,888550.0,-0.57,888540.0,-0.57,893610.0,888610.0,888500.0,888610.0,10.0,7385.0,6561888650.0,920410.0,866810,0.0,,1.0,69,اوراق بدهی,,,,,,,,,,,,,,,,7385.0,3,6561867900.0,0.0,0,0.0,0.0,0,0.0,7385.0,2,6561867900.0,2187289300.0,,,6561867900.0,1,1000,889410.0,898900.0,800,1,1,1000,889400.0,898980.0,6000,1,1,650,889300.0,898990.0,200,1,1,200,889190.0,900100.0,30000,1,1,500,888530.0,900990.0,400,1,,,,,,,,,,,,,,,,
16777570760181431,کازرو,پتروشیمی کازرون,2026-10-04T09:29:26+03:30,15270.0,2.97,15060.0,1.55,14830.0,15270.0,15270.0,15270.0,12.0,299778.0,4577610060.0,15270.0,14390,-226.0,-66.6,578876,44,سهم,محصولات شیمیایی,بازار پایه فرابورس,بازار پایه زرد فرابورس,0.0,-226.0,0.0,1230000000.0,,919588.0,14680.0,15120.0,5190.0,15120.0,2026-10-04,18523800000000.0,299778.0,3,4514656680.0,0.0,0,0.0,299778.0,8,4514656680.0,0.0,0,0.0,1504885560.0,564332085.0,2.667,0.0,60,5374566,15270.0,0.0,0,0,2,9397,15120.0,0.0,0,0,1,1000,7590.0,0.0,0,0,0,0,0.0,0.0,0,0,0,0,0.0,0.0,0,0,صف خرید,,,,,,,,,,,,,,,
16888365520630451,هم وزن2,صندوق س. شاخصی کیان-س,2026-10-04T09:19:33+03:30,1.0,-100.0,1.0,-100.0,46945.0,1.0,1.0,1.0,1.0,100000.0,100000.0,1.0,1,0.0,,1,68,صندوق,صندوق سرمایه گذاری قابل معامله,بازار فرابورس,بازار ابزارهاي نوين مالي فرابورس,1080.56,,0.0,2000000000.0,,3810000.0,1.0,1.0,1.0,1.0,2026-10-03,2000000000.0,0.0,0,0.0,100000.0,1,100000.0,0.0,0,0.0,100000.0,1,100000.0,,,,0.0,0,0,0.0,0.0,0,0,,,,,,,,,,,,,,,,,,,,,,,,,,,,,,,,,,,,,,,,
16959429956899455,شاملا,معدنی املاح ایران,2026-10-04T09:29:20+03:30,41880.0,-2.38,41680.0,-2.84,42900.0,43800.0,41620.0,43800.0,288.0,2167114.0,90315502710.0,44180.0,41620,4322.0,9.6,1,44,سهم,محصولات شیمیایی,بازار بورس,بازار اول (تابلوی اصلی) بورس,10.13,4322.0,12094.111,5000000000.0,26.0,6349825.0,41760.0,44940.0,13710.0,44940.0,2026-10-04,208400000000000.0,911467.0,98,37989944560.0,1255647.0,3,52335366960.0,967114.0,43,40309311520.0,1200000.0,3,50016000000.0,387652495.5102041,937425849.3023256,0.414,-2319366960.0,1,1000,41660.0,41880.0,25813,2,4,30979,41650.0,41900.0,11502,2,2,11800,41640.0,42300.0,226,2,3,14236,41630.0,42540.0,1000,1,11,162199,41620.0,42550.0,30360,1,,,,,,,,,,,,,,,,
17038760170440118,سمهریز,صنعتی معدنی سیمان تجارت مهریز,2026-10-04T09:29:50+03:30,26340.0,-0.42,26160.0,-1.1,26450.0,26890.0,26030.0,26890.0,2711.0,2838866.0,74273760080.0,27240.0,25660,2710.0,9.7,1,53,سهم,سیمان، آهک و گچ,بازار فرابورس,بازار دوم فرابورس,7.06,2710.0,9337.3955,2500000000.0,,23709534.0,26210.0,28100.0,21000.0,29610.0,2026-10-04,65400000000000.0,2836315.0,266,74198000400.0,0.0,0,0.0,2816097.0,2335,73669097520.0,20218.0,3,528902880.0,278939851.12781954,31549934.698072802,8.841,528902880.0,6,10081,26340.0,26350.0,12337,19,2,6395,26320.0,26370.0,109,1,7,33599,26310.0,26380.0,8672,10,7,55031,26300.0,26390.0,2045,6,3,19739,26270.0,26400.0,4387,31,,,,,,,,,,,,,,,,
17059960254855208,غبهنوش,بهنوش ایران,2026-10-04T09:28:09+03:30,93070.0,3.0,92740.0,2.63,90360.0,93070.0,90020.0,93070.0,126.0,411296.0,38142434420.0,93070.0,87650,1714.0,54.1,1,42,سهم,محصولات غذایی و آشامیدنی به جز قند و شکر,بازار بورس,بازار دوم (تابلوی فرعی) بورس,9.48,1714.0,320825.4,360000000.0,20.0,1087673.0,85000.0,91410.0,47390.0,102950.0,2026-10-04,33386400000000.0,83348.0,16,7729693520.0,327948.0,2,30413897520.0,244311.0,64,22657402140.0,166985.0,2,15486188900.0,483105845.0,354021908.4375,1.365,-14927708620.0,26,237451,93070.0,154980.0,4564,2,1,200,91000.0,0.0,0,0,1,1000,90800.0,0.0,0,0,2,10100,90360.0,0.0,0,0,2,1361,90060.0,0.0,0,0,,,,,,,,,,,,,,,,
17155607114592425,ضاطلس071908,اختیارخ اطلس-170000-14050719,2026-10-04T09:26:20+03:30,5858.0,-17.69,4822.0,-32.25,7117.0,3628.0,3628.0,5858.0,6.0,133.0,641372000.0,1000000.0,1,0.0,,1.0,68,اختیار معامله,,,,,,,,,,,,,,,,40.0,1,192880.0,93.0,1,448446.0,93.0,3,448446.0,40.0,1,192880.0,192880.0,149482.0,1.29,-255566.0,1,24,6114.0,6638.0,36,1,1,21,5604.0,6850.0,45,1,1,20,5356.0,6904.0,34,1,1,19,5116.0,7172.0,32,1,1,48,4000.0,7441.0,30,1,,,,,,اطلس,11427939669935844,170305,170000,1000,1405/05/25,1405/07/19,7,خرید,534,22607872000.0
17207196209200217,ضدزاگرس702,اختیارخ دزاگرس-19000-14050719,2026-10-04T09:27:16+03:30,16000.0,4.34,15548.0,1.4,15334.0,15000.0,14010.0,16800.0,42.0,776.0,12065578000.0,1000000.0,1,0.0,,1.0,43,اختیار معامله,,,,,,,,,,,,,,,,776.0,26,12065248.0,0.0,0,0.0,776.0,20,12065248.0,0.0,0,0.0,464048.0,603262.3999999999,0.769,0.0,1,12,16002.0,16589.0,1,1,1,12,16001.0,16590.0,30,1,1,2,16000.0,16599.0,129,3,4,12,15836.0,16600.0,25,1,1,2,15832.0,16699.0,100,1,,,,,,دزاگرس,43450146028916610,29560,19000,1000,1405/06/23,1405/07/19,7,خرید,7511,22938560000.0
17226661368470120,سپر,صندوق س سپر سرمایه بیدار- ثابت,2026-10-04T09:29:45+03:30,47507.0,0.13,47507.0,0.13,47447.0,47507.0,47507.0,47508.0,488.0,22455408.0,1066792822175.0,48870.0,46024,0.0,,1,68,صندوق,صندوق سرمایه گذاری قابل معامله,بازار بورس,بازار صندوق های قابل معامله,0.0,,0.0,14000000000.0,,524875330.0,47325.0,47490.0,34374.0,47490.0,2026-10-04,665098000000000.0,5858236.0,125,278307217652.0,16597062.0,5,788476624434.0,16357067.0,259,777075181969.0,6098231.0,8,289708660117.0,2226457741.216,3000290277.8725867,0.742,-498767964317.0,3,313270824,47507.0,47508.0,60266431,70,4,1009086,47506.0,47509.0,102126,2,1,1000000,47505.0,47510.0,134527,5,1,1000000,47504.0,47511.0,100000,1,4,1060300,47503.0,47512.0,143000,3,,47514.0,47549.0,2026-10-03T15:03:59+03:30,-0.01,,,,,,,,,,,
17284166795866794,واحیا,م .صنایع و معادن احیاء سپاهان,2026-10-04T09:29:47+03:30,24680.0,-0.44,24510.0,-1.13,24790.0,24320.0,24100.0,24940.0,312.0,6710250.0,164499602630.0,25530.0,24050,15083.0,1.6,1,56,سهم,سرمایه گذاریها,بازار پایه فرابورس,بازار پایه زرد فرابورس,0.0,15083.0,0.0,16000000000.0,,23476026.0,24580.0,26840.0,6860.0,26840.0,2026-10-04,392160000000000.0,5666391.0,91,138883243410.0,1039359.0,3,25474689090.0,6283832.0,97,154016722320.0,421918.0,2,10341210180.0,1526189488.021978,1587801261.030928,0.961,-15133478910.0,3,118820,24510.0,24680.0,70720,4,2,76459,24500.0,24700.0,16450,2,1,15000,24410.0,24710.0,220,1,2,100000,24380.0,24730.0,98874,3,3,102112,24370.0,24740.0,72187,1,,,,,,,,,,,,,,,,
17304601411710244,ضملت8071,اختیارخ وبملت-1100-1405/08/20,2026-10-04T09:09:50+03:30,423.0,-6.21,423.0,-6.21,451.0,423.0,423.0,423.0,1.0,1.0,423000.0,100000.0,1,0.0,,1.0,57,اختیار معامله,,,,,,,,,,,,,,,,1.0,1,423.0,0.0,0,0.0,0.0,0,0.0,1.0,1,423.0,423.0,,,423.0,1,100,392.0,449.0,1000,1,1,15,391.0,454.0,1000,1,1,30,390.0,459.0,1000,1,1,10,389.0,490.0,100,1,1,5,388.0,520.0,20,1,,,,,,وبملت,778253364357513,1459,1100,1000,1405/05/24,1405/08/20,38,خرید,52651,1469000.0
17330546482145553,خمهر,مهرکامپارس,2026-10-04T09:29:40+03:30,3940.0,0.51,3830.0,-2.3,3920.0,3840.0,3810.0,3950.0,292.0,14226289.0,54471330670.0,4030.0,3810,105.0,36.5,1,34,سهم,خودرو و ساخت قطعات,بازار بورس,بازار دوم (تابلوی فرعی) بورس,-23.77,105.0,21282.156,6627718566.0,48.0,53422403.0,3640.0,3940.0,1721.0,4080.0,2026-10-04,25384162107780.0,14201289.0,103,54390936870.0,0.0,0,0.0,14198229.0,81,54379217070.0,3060.0,1,11719800.0,528067348.2524271,671348358.888889,0.787,11719800.0,4,254434,3940.0,3950.0,337705,8,1,336,3920.0,3960.0,103000,2,1,100000,3910.0,3970.0,305000,2,4,61747,3900.0,3980.0,313815,4,1,61946,3860.0,3990.0,707000,5,,,,,,,,,,,,,,,,
17372162356531136,بتیس,بیمه زندگی ایساتیس,2026-10-04T09:28:30+03:30,3470.0,-1.14,3420.0,-2.56,3510.0,3490.0,3410.0,3490.0,34.0,1692090.0,5794629260.0,3610.0,3410,385.0,8.9,1,66,سهم,بیمه وصندوق بازنشستگی به جزتامین اجتماعی,بازار پایه فرابورس,بازار پایه زرد فرابورس,0.0,385.0,0.0,2400000000.0,,12470650.0,3390.0,3640.0,1680.0,3850.0,2026-10-04,8208000000000.0,1380361.0,16,4720834620.0,311729.0,2,1066113180.0,1692090.0,17,5786947800.0,0.0,0,0.0,295052163.75,340408694.11764705,0.867,-1066113180.0,1,17348,3470.0,3500.0,200000,1,1,50000,3420.0,3510.0,160107,1,6,918729,3410.0,3550.0,400000,3,0,0,0.0,3560.0,320000,2,0,0,0.0,3570.0,70000,2,,,,,,,,,,,,,,,,
17528249960294496,وتوسم,سرمایهگذاریتوسعهملی,2026-10-04T09:29:18+03:30,4300.0,-1.38,4290.0,-1.61,4360.0,4320.0,4240.0,4360.0,80.0,2267599.0,9732960300.0,4490.0,4230,591.0,7.3,1,56,سهم,سرمایه گذاریها,بازار بورس,بازار دوم (تابلوی اصلی) بورس,7.53,591.0,0.0,26000000000.0,12.0,13991148.0,4340.0,4670.0,2280.0,5630.0,2026-10-04,111540000000000.0,1815210.0,41,7787250900.0,452389.0,1,1940748810.0,2244263.0,23,9627888270.0,23336.0,1,100111440.0,189932948.7804878,418603837.82608694,0.454,-1840637370.0,2,21881,4300.0,4320.0,24339,2,5,143984,4290.0,4330.0,53200,4,4,879425,4280.0,4340.0,75000,3,3,155630,4270.0,4350.0,277400,3,4,289138,4260.0,4360.0,675996,4,,,,,,,,,,,,,,,,
17617474823279712,آ س پ,آ.س.پ,2026-10-04T09:29:04+03:30,28040.0,-2.98,28040.0,-2.98,28900.0,28040.0,28040.0,28040.0,44.0,64621.0,1811972840.0,29760.0,28040,1024.0,27.4,1,70,سهم,انبوه سازی، املاک و مستغلات,بازار فرابورس,بازار دوم فرابورس,24.09,1024.0,0.0,1000000000.0,,9040905.0,28900.0,30710.0,7350.0,35030.0,2026-10-04,28040000000000.0,64621.0,41,1811972840.0,0.0,0,0.0,64621.0,2,1811972840.0,0.0,0,0.0,44194459.51219512,905986420.0,0.049,0.0,0,0,0.0,28040.0,29655829,579,0,0,0.0,28100.0,1997,1,0,0,0.0,28900.0,710458,20,0,0,0.0,29600.0,85346,1,0,0,0.0,29720.0,10000,1,صف فروش,,,,,,,,,,,,,,,
17769396355901756,ضخود9059,اختیارخ خودرو-1100-1405/09/04,2026-10-04T09:24:07+03:30,33.0,3.12,33.0,3.12,32.0,33.0,33.0,33.0,1.0,500.0,16500000.0,100000.0,1,0.0,,1.0,34,اختیار معامله,,,,,,,,,,,,,,,,500.0,1,16500.0,0.0,0,0.0,0.0,0,0.0,500.0,1,16500.0,16500.0,,,16500.0,1,1000,27.0,33.0,11500,12,2,1045,25.0,34.0,7000,7,1,1000,24.0,35.0,5000,5,1,1000,23.0,36.0,497,1,1,1000,21.0,38.0,935,1,,,,,,خودرو,65883838195688438,716,1100,1000,1405/06/07,1405/09/04,52,خرید,326287,357000000.0
17800036702302776,ثاخت,بینالمللیتوسعهساختمان,2026-10-04T09:29:45+03:30,873.0,-3.0,873.0,-3.0,900.0,873.0,873.0,884.0,863.0,146352411.0,127798705087.0,927.0,873,199.0,4.4,1,70,سهم,انبوه سازی، املاک و مستغلات,بازار بورس,بازار دوم (تابلوی فرعی) بورس,6.97,199.0,0.0,82308512000.0,33.0,500552085.0,859.0,910.0,399.0,910.0,2026-10-04,71855330976000.0,132338677.0,397,115531665021.0,13960000.0,3,12187080000.0,146298677.0,102,127718745021.0,0.0,0,0.0,291011750.68261963,1252144559.0294118,0.232,-12187080000.0,1,228000,865.0,873.0,497185162,412,4,203920,859.0,874.0,1277520,4,3,40000,858.0,875.0,49178,2,1,6000,850.0,884.0,203275,5,4,54500,834.0,885.0,500000,1,,,,,,,,,,,,,,,,
17802352521411336,اکستریم,صندوق س.آینده نگردیاکو-س,2026-10-04T09:22:34+03:30,14000.0,0.44,14000.0,0.44,13939.0,14000.0,14000.0,14000.0,3.0,5002.0,70028000.0,14357.0,13521,0.0,,1,68,صندوق,صندوق سرمایه گذاری قابل معامله,بازار فرابورس,بازار ابزارهاي نوين مالي فرابورس,1047.8,,0.0,400000000.0,,3099720.0,13824.0,14394.0,9734.0,14490.0,2026-10-04,5600000000000.0,5000.0,1,70000000.0,2.0,1,28000.0,5002.0,2,70028000.0,0.0,0,0.0,70000000.0,35014000.0,1.999,-28000.0,1,25000,14150.0,14200.0,10000,1,1,29888,14145.0,14290.0,33000,1,1,24588,14140.0,14335.0,26588,1,1,29856,14135.0,14340.0,26588,1,1,26588,14130.0,14345.0,21476,1,,14299.0,14452.0,2026-10-04T09:21:07+03:30,-2.09,,,,,,,,,,,
17805801742135377,تسه1404,امتیاز تسهیلات مسکن سال1404,2026-10-04T09:29:44+03:30,1240219.0,3.0,1240219.0,3.0,1204097.0,1240219.0,1240219.0,1240219.0,373.0,58833.0,72965804427.0,1240219.0,1167975,0.0,,1,59,سهم,اوراق حق تقدم استفاده از تسهیلات مسکن,بازار فرابورس,بازار ابزارهاي نوين مالي فرابورس,0.0,,0.0,4427343.0,,200744.0,1105862.0,1205194.0,743001.0,1679352.0,2026-10-04,5490874908117.0,58146.0,46,72113773974.0,0.0,0,0.0,53325.0,314,66134678175.0,4821.0,2,5979095799.0,1567690738.5652173,210619994.1878981,7.443,5979095799.0,18,21532,1240219.0,1572087.0,26,1,1,155,1230000.0,1600000.0,178,1,1,800,1206000.0,1621884.0,23,1,1,90,1204297.0,1669080.0,12,1,1,800,1200000.0,0.0,0,0,,,,,,,,,,,,,,,,
17834623106317041,خنصیر,مهندسینصیرماشین,2026-10-04T09:29:49+03:30,4530.0,2.03,4440.0,0.0,4440.0,4560.0,4360.0,4560.0,99.0,2658155.0,11803489410.0,4570.0,4310,485.0,9.2,1,34,سهم,خودرو و ساخت قطعات,بازار بورس,بازار دوم (تابلوی اصلی) بورس,-23.76,485.0,3136.4258,2600000000.0,51.0,12844235.0,4150.0,4440.0,2327.0,4930.0,2026-10-04,11544000000000.0,2614001.0,49,11606164440.0,0.0,0,0.0,2614001.0,39,11606164440.0,0.0,0,0.0,236860498.7755102,297593960.0,0.796,0.0,3,328519,4520.0,4530.0,39192,3,1,91800,4500.0,4540.0,5279,3,2,20000,4440.0,4560.0,561145,6,2,55535,4430.0,4570.0,2308301,30,1,32596,4410.0,4760.0,300000,1,,,,,,,,,,,,,,,,
17914401175772326,اهرم,صندوق س سهامی کاریزما- اهرمی,2026-10-04T09:29:49+03:30,74180.0,0.75,72311.0,-1.79,73627.0,70760.0,70750.0,74386.0,8764.0,104494164.0,7556109308475.0,76572.0,70682,0.0,,1,68,صندوق,صندوق سرمایه گذاری قابل معامله,بازار بورس,بازار صندوق های قابل معامله,0.0,,0.0,5500000000.0,,232571323.0,69060.0,76239.0,21630.0,77353.0,2026-10-04,397710500000000.0,92124125.0,2663,6661587602875.0,11178707.0,14,808343481877.0,93805157.0,2062,6783144707827.0,9497675.0,9,686786376925.0,2501534961.6503944,3289594911.6522794,0.76,-121557104952.0,1,10003,74003.0,74042.0,25367,2,2,235,74002.0,74086.0,205300,4,5,19667,74000.0,74099.0,70902,8,4,24961,73999.0,74110.0,1319,3,1,6946,73998.0,74120.0,10000,1,,90803.0,92126.0,2026-10-04T09:20:06+03:30,-20.36,,,,,,,,,,,
17933573078185644,آینده,بازرگانی آینده سازان بهشت پارس,2026-10-04T09:22:55+03:30,5030.0,1.82,5030.0,1.82,4940.0,5030.0,5030.0,5030.0,34.0,2903140.0,14602794200.0,5030.0,4850,-1163.0,-4.3,325750,01,سهم,زراعت و خدمات وابسته,بازار پایه فرابورس,بازار پایه نارنجی فرابورس,0.0,-1163.0,0.0,417831000.0,,520970.0,5020.0,5020.0,3029.0,5020.0,2026-10-04,2101689930000.0,2903140.0,10,14602794200.0,0.0,0,0.0,2903140.0,11,14602794200.0,0.0,0,0.0,1460279420.0,1327526745.4545455,1.1,0.0,23,3190696,5030.0,0.0,0,0,2,80565,4850.0,0.0,0,0,2,75000,4750.0,0.0,0,0,1,13000,4600.0,0.0,0,0,0,0,0.0,0.0,0,0,صف خرید,,,,,,,,,,,,,,,
17939384202383793,ثغرب,شرکت سرمایه گذاری مسکن شمالغرب,2026-10-04T09:28:52+03:30,18950.0,2.99,18950.0,2.99,18400.0,18950.0,18950.0,18950.0,26.0,382853.0,7255064350.0,18950.0,17850,415.0,45.7,1,70,سهم,انبوه سازی، املاک و مستغلات,بازار فرابورس,بازار اول فرابورس,24.09,415.0,0.0,2400000000.0,,3626134.0,18400.0,18400.0,3201.0,18980.0,2026-10-04,45480000000000.0,382853.0,6,7255064350.0,0.0,0,0.0,382853.0,21,7255064350.0,0.0,0,0.0,1209177391.6666667,345479254.7619047,3.5,0.0,178,10607319,18950.0,18970.0,8000,2,1,2652,18780.0,19540.0,1632,1,2,17639,18400.0,0.0,0,0,5,23058,17850.0,0.0,0,0,1,300,17570.0,0.0,0,0,,,,,,,,,,,,,,,,
18004480270695404,فمراد,آلومراد,2026-10-04T09:29:28+03:30,3890.0,1.57,3760.0,-1.83,3830.0,3860.0,3720.0,3890.0,195.0,5425621.0,20426852010.0,3940.0,3720,-11.0,-341.8,1,27,سهم,فلزات اساسی,بازار بورس,بازار دوم (تابلوی فرعی) بورس,15.15,-11.0,14475.508,2207988783.0,47.0,20583061.0,3610.0,3840.0,2163.0,13680.0,2026-10-04,8302037824080.0,5292151.0,69,19898487760.0,133470.0,1,501847200.0,5381131.0,50,20233052560.0,44490.0,1,167282400.0,288383880.5797101,404661051.2,0.713,-334564800.0,1,291300,3870.0,3890.0,20483,2,1,10000,3860.0,3900.0,162237,4,1,207165,3850.0,3910.0,49071,3,1,44490,3830.0,3920.0,14320,3,1,5000,3800.0,3930.0,95731,5,,,,,,,,,,,,,,,,
18007109712724189,آوا,صندوق س.سهام آوای معیار-س,2026-10-04T09:23:45+03:30,39200.0,-0.42,38573.0,-2.01,39365.0,38232.0,38232.0,39200.0,6.0,10149.0,391473014.0,40545.0,38185,0.0,,1,68,صندوق,صندوق سرمایه گذاری قابل معامله,بازار فرابورس,بازار ابزارهاي نوين مالي فرابورس,1047.8,,0.0,500000000.0,,3515289.0,37400.0,40599.0,17999.0,40599.0,2026-10-04,19286500000000.0,7278.0,4,280734294.0,2871.0,1,110743083.0,10149.0,4,391477377.0,0.0,0,0.0,70183573.5,97869344.25,0.717,-110743083.0,1,11773,38950.0,39278.0,2,1,2,53008,38900.0,39280.0,3423,1,2,96080,38850.0,39290.0,2500,1,2,216504,38800.0,39363.0,31288,2,5,82520,38700.0,39364.0,15000,1,,39409.0,39806.0,2026-10-04T09:20:02+03:30,-2.12,,,,,,,,,,,
18027801615184692,کچاد,معدنیوصنعتیچادرملو,2026-10-04T09:29:41+03:30,2950.0,-2.32,2930.0,-2.98,3020.0,2930.0,2930.0,2980.0,2578.0,191735946.0,562102882800.0,3110.0,2930,277.0,10.6,1,13,سهم,استخراج کانه های فلزی,بازار بورس,بازار اول (تابلوی اصلی) بورس,15.49,277.0,2028.802,571500000000.0,18.0,484857708.0,2886.0,3170.0,1951.0,3398.0,2026-10-04,1674495000000000.0,133474932.0,1001,391081550760.0,58246947.0,4,170663554710.0,121496707.0,510,355985351510.0,70225172.0,3,205759753960.0,390690859.9000999,698010493.1568627,0.56,35096199250.0,9,454427,2950.0,2970.0,170558,4,23,846599,2940.0,2980.0,3040462,21,89,9540401,2930.0,3000.0,985893,12,1,30000,2840.0,3010.0,146095,5,1,36862,2780.0,3020.0,4034641,21,,,,,,,,,,,,,,,,
18063426072758458,وبهمن,سرمایهگذاریبهمن,2026-10-04T09:29:09+03:30,2200.0,-2.14,2185.0,-2.8,2248.0,2255.0,2181.0,2255.0,335.0,40762777.0,89079240514.0,2315.0,2181,710.0,3.1,1,56,سهم,سرمایه گذاریها,بازار بورس,بازار اول (تابلوی اصلی) بورس,7.53,710.0,0.0,50000000000.0,17.0,134613291.0,2122.0,2276.0,1443.0,2428.0,2026-10-04,109250000000000.0,40762777.0,141,89066667745.0,0.0,0,0.0,40762777.0,78,89066667745.0,0.0,0,0.0,631678494.6453902,1141880355.7051282,0.553,0.0,2,36255,2187.0,2220.0,32992,3,2,96500,2186.0,2230.0,1012000,2,3,93679,2185.0,2241.0,30000,1,1,5000,2184.0,2242.0,500000,1,1,184781,2183.0,2246.0,2500,1,,,,,,,,,,,,,,,,
18093681647131179,دتولید,داروسازی تولید دارو,2026-10-04T09:29:44+03:30,9190.0,2.91,9180.0,2.8,8930.0,9190.0,8930.0,9190.0,889.0,61513881.0,564449045500.0,9190.0,8670,475.0,19.3,1,43,سهم,مواد و محصولات دارویی,بازار فرابورس,بازار اول فرابورس,10.29,475.0,5394.172,3000000000.0,,38201162.0,8430.0,8940.0,1944.0,8940.0,2026-10-04,27540000000000.0,61057123.0,310,560504389140.0,456125.0,2,4187227500.0,57304654.0,239,526056723720.0,4208594.0,4,38634892920.0,1808078674.6451614,2201074157.824268,0.821,34447665420.0,187,17617241,9190.0,0.0,0,0,3,21800,9180.0,0.0,0,0,2,242105,9160.0,0.0,0,0,1,1097,9080.0,0.0,0,0,1,100000,9050.0,0.0,0,0,صف خرید,,,,,,,,,,,,,,,
18095158409717459,طهرم8034,اختیارف اهرم-80000-1405/08/27,2026-10-04T09:29:48+03:30,11950.0,-1.06,12667.0,4.88,12078.0,12500.0,11560.0,13400.0,613.0,11988.0,151846457000.0,500000.0,1,0.0,,1.0,68,اختیار معامله,,,,,,,,,,,,,,,,11887.0,133,150572629.0,46.0,1,582682.0,11888.0,140,150585296.0,45.0,1,570015.0,1132125.030075188,1075609.2571428572,1.053,-12667.0,1,39,11960.0,12169.0,5,1,1,100,11735.0,12279.0,5,1,1,8,11734.0,12280.0,103,2,1,200,11733.0,12290.0,3,1,3,111,11731.0,12299.0,34,2,,,,,,اهرم,17914401175772326,72311,80000,1000,1405/05/31,1405/08/27,45,فروش,36963,817393200000.0
18154358753047279,ضسپا7030,اختیارخ خساپا-650-1405/07/29,2026-10-04T09:29:44+03:30,97.0,5.43,88.0,-4.35,92.0,81.0,78.0,98.0,549.0,208723.0,18356206000.0,100000.0,1,0.0,,1.0,34,اختیار معامله,,,,,,,,,,,,,,,,199978.0,68,17598064.0,5505.0,1,484440.0,205183.0,61,18056104.0,300.0,1,26400.0,258795.05882352943,296001.7049180328,0.874,-458040.0,1,196,97.0,98.0,6381,9,1,1000,96.0,99.0,3505,5,6,5311,95.0,100.0,4056,7,6,5260,94.0,101.0,6500,7,1,1000,92.0,102.0,2500,3,,,,,,خساپا,44891482026867833,686,650,1000,1405/04/27,1405/07/29,17,خرید,5632233,123234373000.0
18259043070298427,ضستا7065,اختیارخ شستا-4000-1405/07/15,2026-10-04T09:29:49+03:30,6.0,-76.0,4.0,-84.0,25.0,11.0,2.0,12.0,6360.0,3147911.0,13802668000.0,100000.0,1,0.0,,1.0,39,اختیار معامله,,,,,,,,,,,,,,,,3097043.0,191,12388172.0,24000.0,1,96000.0,2967284.0,141,11869136.0,153759.0,6,615036.0,64859.53926701571,84178.2695035461,0.771,519036.0,67,66339,5.0,6.0,67820,70,364,362655,4.0,7.0,47710,51,341,338855,3.0,8.0,13102,14,468,465999,2.0,9.0,11099,12,834,829103,1.0,10.0,3550,5,,,,,,شستا,2400322364771558,3580,4000,1000,1405/06/28,1405/07/15,3,خرید,5144127,10253327640000.0
18303237082155264,دفرا,فرآوردههای تزریقی ایران,2026-10-04T09:29:48+03:30,48500.0,-1.92,48180.0,-2.57,49450.0,50440.0,48000.0,50440.0,74.0,108930.0,5248251620.0,50930.0,47970,3353.0,14.4,1,43,سهم,مواد و محصولات دارویی,بازار بورس,بازار دوم (تابلوی اصلی) بورس,14.67,3353.0,6787.8105,7000000000.0,17.0,2627567.0,48430.0,51300.0,21480.0,56000.0,2026-10-04,337260000000000.0,106225.0,37,5117920500.0,0.0,0,0.0,106225.0,27,5117920500.0,0.0,0,0.0,138322175.67567566,189552611.1111111,0.73,0.0,2,3185,48500.0,48900.0,105,1,1,20000,48160.0,48910.0,3536,3,1,1000,48150.0,48920.0,105,1,3,2259,48140.0,48940.0,20104,2,1,1000,48130.0,48960.0,104,1,,,,,,,,,,,,,,,,
18320128145045368,چاپ,ص.چاپ وبسته بندی آسان قزوین,2026-10-04T09:29:31+03:30,19400.0,-3.0,19460.0,-2.7,20000.0,19880.0,19400.0,19880.0,629.0,3622661.0,70513076670.0,20600.0,19400,2147.0,9.1,1,21,سهم,محصولات کاغذی,بازار بورس,بازار دوم (تابلوی اصلی) بورس,16.91,2147.0,9572.321,5600000000.0,23.0,14710574.0,19960.0,21690.0,7142.0,22340.0,2026-10-04,108976000000000.0,2752904.0,154,53571511840.0,869757.0,2,16925471220.0,3022571.0,339,58819231660.0,600090.0,2,11677751400.0,347866960.0,173508057.9941003,2.005,-5247719820.0,1,300,19250.0,19400.0,260766,33,1,321,18600.0,19430.0,135311,15,1,2500,18530.0,19450.0,891,3,1,10000,15980.0,19470.0,325,1,0,0,0.0,19480.0,2300,5,,,,,,,,,,,,,,,,
18377845653697190,کوانتوم,صندوق س. کوانتوم بهاوند-س,2026-10-04T09:26:48+03:30,23544.0,-0.12,23544.0,-0.12,23572.0,23544.0,23544.0,23544.0,1.0,256.0,6027264.0,24279.0,22865,0.0,,1,68,صندوق,صندوق سرمایه گذاری قابل معامله,بازار فرابورس,بازار ابزارهاي نوين مالي فرابورس,1071.23,,0.0,200000000.0,,326299.0,22200.0,23445.0,10000.0,23445.0,2026-10-03,4708800000000.0,256.0,1,6027264.0,0.0,0,0.0,0.0,0,0.0,256.0,1,6027264.0,6027264.0,,,6027264.0,1,44,22891.0,23544.0,49744,1,1,50000,22890.0,0.0,0,0,1,100000,22868.0,0.0,0,0,1,100000,22867.0,0.0,0,0,1,100000,22866.0,0.0,0,0,,,,,,,,,,,,,,,,
18396761605909554,ضذوب8031,اختیارخ ذوب-650-1405/08/20,2026-10-04T09:29:44+03:30,100.0,3.09,95.0,-2.06,97.0,97.0,89.0,100.0,78.0,21880.0,2067963000.0,100000.0,1,0.0,,1.0,27,اختیار معامله,,,,,,,,,,,,,,,,21689.0,23,2060455.0,0.0,0,0.0,18865.0,20,1792175.0,2824.0,1,268280.0,89585.0,89608.75,1.0,268280.0,1,500,97.0,100.0,2119,4,2,1000,96.0,105.0,2200,3,1,1000,95.0,106.0,1000,1,2,625,94.0,115.0,7350,8,3,1622,93.0,120.0,2100,3,,,,,,ذوب,71483646978964608,656,650,1000,1405/05/24,1405/08/20,38,خرید,856810,10249344000.0
18568733593280948,ثامید,توسعه و عمران امید,2026-10-04T09:29:35+03:30,1851.0,-1.39,1841.0,-1.92,1877.0,1886.0,1821.0,1900.0,347.0,7794516.0,14353123519.0,1933.0,1821,547.0,3.4,1,70,سهم,انبوه سازی، املاک و مستغلات,بازار بورس,بازار اول (تابلوی فرعی) بورس,6.97,547.0,0.0,52975000000.0,13.0,74662301.0,1798.0,1907.0,1196.0,2195.0,2026-10-04,97526975000000.0,7056110.0,86,12990298510.0,738406.0,2,1359405446.0,6553036.0,161,12064139276.0,1241480.0,2,2285564680.0,151049982.6744186,74932542.08695652,2.016,926159234.0,5,137524,1851.0,1880.0,322282,6,4,2621175,1850.0,1881.0,1294,1,1,3000,1849.0,1885.0,365069,2,3,37368,1848.0,1894.0,50918,1,1,100000,1845.0,1895.0,250000,1,,,,,,,,,,,,,,,,
18599703143458101,امید,تامین سرمایه امید,2026-10-04T09:27:30+03:30,3560.0,-1.93,3580.0,-1.38,3630.0,3600.0,3550.0,3600.0,8.0,338037.0,1209391720.0,3730.0,3530,755.0,4.7,1,67,سهم,فعالیتهای کمکی به نهادهای مالی واسط,بازار بورس,بازار دوم (تابلوی فرعی) بورس,6.34,755.0,0.0,34779000000.0,2.0,7123918.0,3620.0,3770.0,2804.0,4568.0,2026-10-04,124508820000000.0,14037.0,3,50252460.0,324000.0,2,1159920000.0,338037.0,6,1210172460.0,0.0,0,0.0,16750820.0,201695410.0,0.083,-1159920000.0,1,287000,3560.0,3590.0,110783,3,3,289000,3550.0,3600.0,20468,2,3,71753,3540.0,3640.0,137000,1,9,64055,3530.0,3670.0,52157,3,0,0,0.0,3680.0,32015,2,,,,,,,,,,,,,,,,
18661507395759423,آلومینا,آلومینای ایران,2026-10-04T09:29:35+03:30,257000.0,2.96,257000.0,2.96,249600.0,257000.0,257000.0,257000.0,164.0,180622.0,46419854000.0,257000.0,242200,16822.0,15.3,1,27,سهم,فلزات اساسی,بازار بورس,بازار دوم (تابلوی اصلی) بورس,15.15,16822.0,123348.25,1999769035.0,6.0,1454817.0,229600.0,249600.0,98260.0,256100.0,2026-10-04,513940641995000.0,160622.0,17,41279854000.0,20000.0,2,5140000000.0,80622.0,130,20719854000.0,100000.0,1,25700000000.0,2428226705.882353,159383492.30769232,15.235,20560000000.0,324,2211660,257000.0,0.0,0,0,1,5000,253600.0,0.0,0,0,5,6879,250000.0,0.0,0,0,6,1618,249600.0,0.0,0,0,1,401,248200.0,0.0,0,0,صف خرید,,,,,,,,,,,,,,,
18665926887967158,ضهرم8025,اختیارخ اهرم-34000-1405/08/27,2026-10-04T09:26:27+03:30,41900.0,1.57,41367.0,0.28,41252.0,40600.0,40600.0,41900.0,3.0,3.0,124100000.0,500000.0,1,0.0,,1.0,68,اختیار معامله,,,,,,,,,,,,,,,,3.0,1,124101.0,0.0,0,0.0,3.0,1,124101.0,0.0,0,0.0,124101.0,124101.0,1.0,0.0,1,3,40000.0,42050.0,2,1,1,1,37444.0,52000.0,2,2,1,3,35500.0,52800.0,1,1,1,1,27005.0,52895.0,1,1,1,50,27000.0,53000.0,2,1,,,,,,اهرم,17914401175772326,72311,34000,1000,1405/05/31,1405/08/27,45,خرید,1884,216324000.0
18716988465647218,ضموج725,اختیارخ موج-85000-14050726,2026-10-04T09:29:00+03:30,20500.0,10.23,17403.0,-6.42,18597.0,16003.0,14111.0,21000.0,77.0,318.0,5534077000.0,1000000.0,1,0.0,,1.0,68,اختیار معامله,,,,,,,,,,,,,,,,318.0,37,5534154.0,0.0,0,0.0,312.0,28,5429736.0,6.0,1,104418.0,149571.72972972973,193919.14285714284,0.771,104418.0,2,2,19250.0,21597.0,5,1,1,1,19210.0,21600.0,13,1,1,19,19202.0,21698.0,5,1,1,75,18711.0,21798.0,15,1,1,1,18413.0,22500.0,11,2,,,,,,موج,67141987086032267,97927,85000,1000,1405/05/31,1405/07/26,14,خرید,2561,30432283000.0
18757639286384873,پتروآبان,صندوق س. بخشی پتروآبان-ب,2026-10-04T09:27:10+03:30,31800.0,0.58,32405.0,2.49,31617.0,31625.0,31625.0,32565.0,11.0,26457.0,857336990.0,32565.0,30669,0.0,,1,68,صندوق,صندوق سرمایه گذاری قابل معامله,بازار فرابورس,بازار ابزارهاي نوين مالي فرابورس,1047.81,,0.0,1000000000.0,,4465920.0,29920.0,31817.0,14157.0,31817.0,2026-10-04,32405000000000.0,22877.0,5,741329185.0,3580.0,1,116009900.0,26457.0,9,857339085.0,0.0,0,0.0,148265837.0,95259898.33333333,1.556,-116009900.0,4,17227,31800.0,32200.0,35616,3,2,3450,31700.0,32498.0,1015,1,1,8785,31625.0,32499.0,5002,2,1,25455,31621.0,32547.0,112,1,1,36525,31620.0,32548.0,50,1,,32045.0,32366.0,2026-10-04T09:21:00+03:30,1.12,,,,,,,,,,,
18865325633315847,خاتم,صندوق س خاتم ایساتیس پویا-ثابت,2026-10-04T09:29:18+03:30,42346.0,0.13,42346.0,0.13,42293.0,42346.0,42346.0,42347.0,31.0,1139890.0,48269933474.0,43561.0,41025,0.0,,1,68,صندوق,صندوق سرمایه گذاری قابل معامله,بازار بورس,بازار صندوق های قابل معامله,0.0,,0.0,1000000000.0,,35686605.0,42180.0,42294.0,30805.0,42294.0,2026-10-04,42346000000000.0,344526.0,12,14589297996.0,795364.0,1,33680483944.0,986706.0,14,41783052276.0,153184.0,1,6486729664.0,1215774833.0,2984503734.0,0.407,-27193754280.0,1,199298405,42346.0,42347.0,27000000,27,1,1000000,42345.0,42348.0,4000000,4,1,1000000,42344.0,42349.0,1000000,1,1,1000000,42343.0,42350.0,1000000,1,1,1000000,42342.0,42351.0,1000000,1,,42318.0,42365.0,2026-10-04T09:19:30+03:30,0.07,,,,,,,,,,,
18883380772506226,ثرود,سرمایهگذاری مسکن زاینده رود,2026-10-04T09:29:46+03:30,6000.0,-1.8,6010.0,-1.64,6110.0,6020.0,5950.0,6110.0,71.0,1064279.0,6398941960.0,6290.0,5930,595.0,10.1,1,70,سهم,انبوه سازی، املاک و مستغلات,بازار فرابورس,بازار اول فرابورس,24.09,595.0,0.0,2000000000.0,,15420157.0,6050.0,6490.0,3776.0,6830.0,2026-10-04,12020000000000.0,1013805.0,36,6092968050.0,0.0,0,0.0,1013805.0,24,6092968050.0,0.0,0,0.0,169249112.5,253873668.75,0.667,0.0,1,49526,6000.0,6080.0,46031,2,2,24692,5990.0,6090.0,122965,1,1,30000,5980.0,6100.0,5000,1,1,1200,5970.0,6110.0,39281,1,1,10000,5960.0,6130.0,3000,1,,,,,,,,,,,,,,,,
18887124139841079,طخود8062,اختیارف خودرو-750-1405/08/06,2026-10-04T09:29:09+03:30,77.0,-17.2,82.0,-11.83,93.0,100.0,77.0,100.0,9.0,1605.0,130862000.0,100000.0,1,0.0,,1.0,34,اختیار معامله,,,,,,,,,,,,,,,,1605.0,8,131610.0,0.0,0,0.0,1605.0,4,131610.0,0.0,0,0.0,16451.25,32902.5,0.5,0.0,1,548,77.0,81.0,1000,1,1,200,76.0,82.0,5552,6,2,1005,75.0,92.0,1000,1,1,10,72.0,93.0,500,1,1,500,71.0,95.0,881,1,,,,,,خودرو,65883838195688438,716,750,1000,1405/05/10,1405/08/06,24,فروش,23672,801920000.0
19040514831923530,نوری,پتروشیمی نوری,2026-10-04T09:29:49+03:30,49400.0,-0.82,48380.0,-2.87,49810.0,48320.0,48320.0,49460.0,4415.0,23814709.0,1152245269010.0,51300.0,48320,3744.0,12.9,1,44,سهم,محصولات شیمیایی,بازار بورس,بازار دوم (تابلوی اصلی) بورس,10.13,3744.0,29962.254,96000000000.0,9.0,104963803.0,48630.0,51900.0,33010.0,66600.0,2026-10-04,4644480000000000.0,13321224.0,1799,644480817120.0,10419470.0,13,504093958600.0,19637581.0,1135,950066168780.0,4103113.0,12,198508606940.0,358243922.8015564,837062703.770925,0.428,-305585351660.0,1,22540,49320.0,49400.0,26696,2,3,34568,49310.0,49410.0,2000,1,22,93742,49300.0,49440.0,1380,2,8,57157,49200.0,49450.0,71360,6,3,22660,49100.0,49460.0,72567,3,,,,,,,,,,,,,,,,
19060410060488876,طلوع,صندوق س.طلوع نوین ثابت-د,2026-10-04T09:07:13+03:30,80252.0,0.13,80252.0,0.13,80144.0,80252.0,80252.0,80252.0,6.0,42309.0,3395381868.0,82548.0,77740,0.0,,1,68,صندوق,صندوق سرمایه گذاری قابل معامله,بازار فرابورس,بازار ابزارهاي نوين مالي فرابورس,1067.75,,0.0,630000000.0,,9082229.0,79952.0,80145.0,58713.0,80145.0,2026-10-04,50558760000000.0,4.0,1,321008.0,42305.0,1,3395060860.0,42309.0,5,3395381868.0,0.0,0,0.0,321008.0,679076373.5999999,0.0,-3395060860.0,21,19957751,80252.0,80254.0,6000492,7,1,1000000,80251.0,80255.0,10000,1,1,1000000,80250.0,80256.0,10000,1,1,1000000,80249.0,80257.0,10000,1,1,1000000,80248.0,80258.0,10000,1,,80233.0,80329.0,2026-10-04T09:20:30+03:30,0.02,,,,,,,,,,,
19074684560939209,ومپنا,مدیریت نیروگاهی ایرانیان مپنا,2026-10-04T09:29:38+03:30,44610.0,2.98,44560.0,2.86,43320.0,43550.0,43550.0,44610.0,266.0,1235970.0,55073189850.0,44610.0,42030,3838.0,11.6,1,40,سهم,عرضه برق، گاز، بخاروآب گرم,بازار فرابورس,بازار دوم فرابورس,10.28,3838.0,0.0,20000000000.0,,7135857.0,41300.0,43760.0,14580.0,47320.0,2026-10-04,891200000000000.0,286921.0,34,12785199760.0,932383.0,3,41546986480.0,714906.0,172,31856211360.0,504398.0,3,22475974880.0,376035287.0588235,185210531.1627907,2.03,-19071011600.0,3,23435,44340.0,44610.0,265224,8,2,751,44330.0,45770.0,875,5,1,10583,44320.0,47070.0,180,1,2,10125,44310.0,47130.0,317,2,3,10325,44300.0,48520.0,180,1,,,,,,,,,,,,,,,,
19135771253028747,حیات,بیمه زندگی مفید,2026-10-04T09:23:42+03:30,9890.0,2.91,9670.0,0.62,9610.0,9890.0,9890.0,9890.0,22.0,1253170.0,12393851300.0,9890.0,9330,327.0,29.6,5539971,66,سهم,بیمه وصندوق بازنشستگی به جزتامین اجتماعی,بازار پایه فرابورس,بازار پایه زرد فرابورس,0.0,327.0,0.0,6000000000.0,,5558030.0,9500.0,9840.0,3160.0,12890.0,2026-10-04,58020000000000.0,953170.0,10,9217153900.0,300000.0,1,2901000000.0,1253170.0,7,12118153900.0,0.0,0,0.0,921715390.0,1731164842.857143,0.532,-2901000000.0,173,14206180,9890.0,0.0,0,0,16,227316,9840.0,0.0,0,0,1,5500,9690.0,0.0,0,0,1,50000,9660.0,0.0,0,0,1,15000,9620.0,0.0,0,0,صف خرید,,,,,,,,,,,,,,,
19175421747949646,طهرم8035,اختیارف اهرم-90000-1405/08/27,2026-10-04T09:20:52+03:30,18500.0,4.01,18280.0,2.77,17787.0,18001.0,17001.0,18500.0,26.0,179.0,3272193000.0,500000.0,1,0.0,,1.0,68,اختیار معامله,,,,,,,,,,,,,,,,179.0,5,3272120.0,0.0,0,0.0,179.0,6,3272120.0,0.0,0,0.0,654424.0,545353.3333333333,1.2,0.0,1,1,17020.0,18989.0,10,1,1,10,17019.0,18990.0,20,1,1,20,17007.0,18997.0,20,1,1,20,15200.0,18998.0,20,1,1,2,15006.0,18999.0,50,1,,,,,,اهرم,17914401175772326,72311,90000,1000,1405/06/29,1405/08/27,45,فروش,1486,12837522000.0
19239905145688600,منجیل,تولید نیروی برق سبز منجیل,2026-10-04T09:29:50+03:30,29030.0,-2.97,29030.0,-2.97,29920.0,29030.0,29030.0,29030.0,545.0,2740153.0,79546641590.0,30810.0,29030,2261.0,12.8,1,40,سهم,عرضه برق، گاز، بخاروآب گرم,بازار فرابورس,بازار دوم فرابورس,10.28,2261.0,4335.971,3000000000.0,,31216438.0,29850.0,32300.0,18022.0,32300.0,2026-10-04,87090000000000.0,1387433.0,388,40277179990.0,1336420.0,3,38796272600.0,2153853.0,33,62526352590.0,570000.0,4,16547100000.0,103807164.92268041,1894737957.2727273,0.055,-22249172600.0,1,180,29000.0,29030.0,23159832,5605,1,1048,28600.0,29040.0,9284,23,5,1870,26440.0,29050.0,1549,10,1,1000,26270.0,29070.0,130,1,1,200,25510.0,29080.0,1950,16,,,,,,,,,,,,,,,,
19257295292088310,خکمک,کمکفنرایندامین,2026-10-04T09:29:36+03:30,2911.0,2.97,2911.0,2.97,2827.0,2911.0,2911.0,2911.0,71.0,8663163.0,25218467493.0,2911.0,2743,47.0,61.9,1,34,سهم,خودرو و ساخت قطعات,بازار بورس,بازار دوم (تابلوی اصلی) بورس,-23.76,47.0,4250.809,4072453300.0,42.0,39910832.0,2653.0,2834.0,1650.0,3250.0,2026-10-04,11854911556300.0,8663163.0,11,25218467493.0,0.0,0,0.0,4415163.0,41,12852539493.0,4248000.0,2,12365928000.0,2292587953.909091,313476573.0,7.313,12365928000.0,143,18283391,2911.0,3180.0,1588,1,1,5137,2909.0,3270.0,152430,5,1,57711,2869.0,0.0,0,0,1,100000,2863.0,0.0,0,0,2,105243,2850.0,0.0,0,0,,,,,,,,,,,,,,,,
19262304347711355,سیمان,صندوق س.بخشی کیان3-ب,2026-10-04T09:29:52+03:30,10825.0,-2.13,10776.0,-2.58,11061.0,11000.0,10733.0,11000.0,225.0,1926124.0,20756454410.0,11392.0,10730,0.0,,1,68,صندوق,صندوق سرمایه گذاری قابل معامله,بازار فرابورس,بازار ابزارهاي نوين مالي فرابورس,1047.81,,0.0,2000000000.0,,28608888.0,10511.0,11356.0,9804.0,11649.0,2026-10-04,21552000000000.0,1798624.0,95,19381972224.0,125000.0,1,1347000000.0,1923624.0,71,20728972224.0,0.0,0,0.0,204020760.2526316,291957355.2676056,0.699,-1347000000.0,5,88138,10824.0,10825.0,41968,1,2,874,10801.0,10865.0,1000,1,3,833,10766.0,10871.0,1000,1,1,100000,10765.0,10924.0,10000,1,4,1227,10762.0,10937.0,2063,1,,10840.0,10954.0,2026-10-04T09:19:55+03:30,-0.59,,,,,,,,,,,
19298748452450329,تایرا,تراکتورسازیایران,2026-10-04T09:29:23+03:30,3520.0,0.0,3450.0,-1.99,3520.0,3450.0,3420.0,3540.0,252.0,27172508.0,93705576970.0,3620.0,3420,754.0,4.6,1,29,سهم,ماشین آلات و تجهیزات,بازار بورس,بازار اول (تابلوی اصلی) بورس,5.42,754.0,8147.0425,55800000000.0,19.0,53615886.0,3390.0,3590.0,1730.0,4249.0,2026-10-04,192510000000000.0,5027936.0,45,17346379200.0,22144572.0,5,76398773400.0,18704942.0,41,64532049900.0,8467566.0,4,29213102700.0,385475093.3333333,1573952436.5853658,0.245,-47185670700.0,1,93896,3500.0,3520.0,249390,1,2,310000,3480.0,3530.0,8000,2,1,10000,3460.0,3540.0,20000,2,3,34454,3440.0,3550.0,300000,1,2,400000,3430.0,3590.0,60000,3,,,,,,,,,,,,,,,,
19310456400689867,خبازرس,بازرسی مهندسی و صنعتی ایران,2026-10-04T09:14:52+03:30,29240.0,-2.99,30070.0,-0.23,30140.0,29240.0,29240.0,29240.0,1.0,19622.0,573747280.0,31040.0,29240,2944.0,10.2,253199,71,سهم,فعالیت مهندسی، تجزیه، تحلیل و آزمایش فنی,بازار پایه فرابورس,بازار پایه زرد فرابورس,0.0,2944.0,0.0,300000000.0,,291527.0,27710.0,30820.0,9000.0,32180.0,2026-10-03,9021000000000.0,19622.0,1,590033540.0,0.0,0,0.0,19622.0,1,590033540.0,0.0,0,0.0,590033540.0,590033540.0,1.0,0.0,1,2000,28330.0,29240.0,2379,1,0,0,0.0,31020.0,29824,2,0,0,0.0,31030.0,16658,2,0,0,0.0,31040.0,40462,9,0,0,0.0,0.0,0,0,,,,,,,,,,,,,,,,
19348717261145458,وهامون,سرمایه گذاری هامون صبا,2026-10-04T09:29:52+03:30,1693.0,-0.76,1697.0,-0.53,1706.0,1700.0,1684.0,1719.0,53.0,986308.0,1673376504.0,1757.0,1655,427.0,4.0,1,56,سهم,سرمایه گذاریها,بازار فرابورس,بازار اول فرابورس,8.88,427.0,0.0,15000000000.0,,30944626.0,1660.0,1758.0,1180.0,1760.0,2026-10-04,25455000000000.0,786308.0,19,1334364676.0,0.0,0,0.0,786308.0,33,1334364676.0,0.0,0,0.0,70229719.78947368,40435293.21212121,1.737,0.0,3,36293,1689.0,1693.0,1160,1,2,25000,1688.0,1694.0,4161,2,2,45913,1685.0,1695.0,510000,2,2,25000,1684.0,1696.0,321,2,3,65583,1683.0,1699.0,82361,4,,,,,,,,,,,,,,,,
19362905444618753,اخزا406,اسناد خزانه-م6بودجه04-071019,2026-10-04T09:25:05+03:30,440000.0,-0.07,439650.0,-0.15,440300.0,439360.0,438000.0,441000.0,68.0,926837.0,407486291800.0,453500.0,427100,0.0,,1.0,69,اوراق بدهی,,,,,,,,,,,,,,,,407257.0,11,179050540050.0,519580.0,6,228433347000.0,139676.0,4,61408553400.0,787161.0,22,346075333650.0,16277321822.727274,15352138350.0,1.06,117641986650.0,3,140532,440000.0,441470.0,1769,1,4,200000,439000.0,441480.0,5000,1,2,12354,438410.0,441500.0,25393,1,3,50635,438400.0,442000.0,28672,2,1,1000,438390.0,442130.0,9300,1,,,,,,,,,,,,,,,,
19452192920639600,بلوط2,صندوق س شکوه بامداد زاگرس-ثابت,2026-10-04T08:55:34+03:30,1.0,-99.99,1.0,-99.99,10224.0,1.0,1.0,1.0,1.0,179190.0,179190.0,1.0,1,0.0,,1,68,صندوق,صندوق سرمایه گذاری قابل معامله,بازار بورس,-',0.0,,0.0,1000000000.0,,6158465.0,1.0,1.0,1.0,1.0,2026-10-04,1000000000.0,0.0,0,0.0,179190.0,1,179190.0,0.0,0,0.0,179190.0,1,179190.0,,,,0.0,0,0,0.0,0.0,0,0,,,,,,,,,,,,,,,,,,,,,,,,,,,,,,,,,,,,,,,,
19471788163911687,کفپارس,فرآوردههای نسوز پارس,2026-10-04T09:27:25+03:30,6490.0,2.85,6490.0,2.85,6310.0,6490.0,6490.0,6490.0,89.0,5730118.0,37188465820.0,6490.0,6130,722.0,9.0,1,54,سهم,سایر محصولات کانی غیرفلزی,بازار بورس,بازار دوم (تابلوی اصلی) بورس,14.81,722.0,4227.7505,2500000000.0,61.0,20982547.0,5970.0,6320.0,2006.0,6620.0,2026-10-04,16225000000000.0,5730118.0,11,37188465820.0,0.0,0,0.0,4801874.0,50,31164162260.0,928244.0,1,6024303560.0,3380769620.0,623283245.1999999,5.424,6024303560.0,99,16527992,6490.0,6620.0,1011,1,1,130000,6360.0,0.0,0,0,1,16479,6320.0,0.0,0,0,2,310000,6310.0,0.0,0,0,4,1200000,6170.0,0.0,0,0,,,,,,,,,,,,,,,,
19492025284339283,خگلپا,فنرسازی زر گلپایگان,2026-10-04T09:29:51+03:30,6300.0,2.94,6300.0,2.94,6120.0,6300.0,6300.0,6300.0,3020.0,5977247.0,37656656100.0,6300.0,5940,498.0,12.7,1,34,سهم,خودرو و ساخت قطعات,بازار فرابورس,بازار نوآفرین - رشد,6.12,498.0,3556.9683,1800000000.0,,40341605.0,5500.0,6140.0,3191.0,6140.0,2026-10-04,11340000000000.0,5975439.0,25,37645265700.0,0.0,0,0.0,1165529.0,2941,7342832700.0,4809910.0,5,30302433000.0,1505810628.0,2496712.9207752463,603.117,30302433000.0,628,42178482,6300.0,0.0,0,0,1,2000,6250.0,0.0,0,0,4,21781,6220.0,0.0,0,0,4,34035,6200.0,0.0,0,0,2,11617,6160.0,0.0,0,0,صف خرید,,,,,,,,,,,,,,,
19703000766041049,طملت7040,اختیارف وبملت-1054-1405/07/22,2026-10-04T09:28:09+03:30,1.0,0.0,1.0,0.0,1.0,1.0,1.0,1.0,6.0,389.0,389000.0,100000.0,1,0.0,,1.0,57,اختیار معامله,,,,,,,,,,,,,,,,389.0,1,389.0,0.0,0,0.0,389.0,3,389.0,0.0,0,0.0,389.0,129.66666666666666,3.0,0.0,6,4925,1.0,2.0,649,2,0,0,0.0,5.0,884,1,0,0,0.0,18.0,862,1,0,0,0.0,20.0,1000,1,0,0,0.0,0.0,0,0,,,,,,وبملت,778253364357513,1459,1054,1000,1405/04/27,1405/07/22,10,فروش,83083,160380000.0
19828734979381742,آلا,صندوق س.اعتماد ارغوان-د,2026-10-04T09:15:00+03:30,25140.0,0.11,25140.0,0.11,25113.0,25140.0,25140.0,25140.0,6.0,209219.0,5259765660.0,25866.0,24360,0.0,,1,68,صندوق,صندوق سرمایه گذاری قابل معامله,بازار فرابورس,بازار ابزارهاي نوين مالي فرابورس,1067.75,,0.0,1750000000.0,,74869372.0,25040.0,25113.0,18497.0,25113.0,2026-10-04,43995000000000.0,0.0,0,0.0,209219.0,1,5259765660.0,209219.0,5,5259765660.0,0.0,0,0.0,,1051953132.0000001,,-5259765660.0,1,99724781,25140.0,25141.0,10000000,1,1,1000000,25139.0,25142.0,1000000,1,1,1000000,25138.0,25143.0,1000000,1,1,1000000,25137.0,25144.0,1000000,1,0,0,0.0,0.0,0,0,,25176.0,25195.0,2026-10-04T09:19:33+03:30,-0.14,,,,,,,,,,,
19878700111798531,طهرم8028,اختیارف اهرم-46000-1405/08/27,2026-10-04T09:26:01+03:30,520.0,-10.96,536.0,-8.22,584.0,541.0,520.0,541.0,2.0,9.0,4827000.0,500000.0,1,0.0,,1.0,68,اختیار معامله,,,,,,,,,,,,,,,,9.0,2,4824.0,0.0,0,0.0,9.0,2,4824.0,0.0,0,0.0,2412.0,2412.0,1.0,0.0,1,1,450.0,520.0,328,1,1,9,352.0,541.0,329,1,1,2,351.0,700.0,117,2,1,10,341.0,820.0,355,1,1,50,340.0,825.0,215,2,,,,,,اهرم,17914401175772326,72311,46000,1000,1405/05/31,1405/08/27,45,فروش,2712,648774000.0
20024911381434086,دکیمی,کیمیدارو,2026-10-04T09:25:57+03:30,81230.0,2.99,81170.0,2.92,78870.0,81230.0,78980.0,81230.0,269.0,1221892.0,99184298830.0,81230.0,76510,4266.0,19.0,1,43,سهم,مواد و محصولات دارویی,بازار بورس,بازار دوم (تابلوی اصلی) بورس,14.67,4266.0,33798.035,576000000.0,28.0,1588298.0,74440.0,78970.0,14770.0,78970.0,2026-10-04,46753920000000.0,1191892.0,136,96745873640.0,30000.0,1,2435100000.0,1221892.0,58,99180973640.0,0.0,0,0.0,711366717.9411765,1710016786.8965518,0.416,-2435100000.0,72,716628,81230.0,0.0,0,0,2,3026,81220.0,0.0,0,0,2,3603,81210.0,0.0,0,0,1,100,81200.0,0.0,0,0,1,1229,81110.0,0.0,0,0,صف خرید,,,,,,,,,,,,,,,
20092044608974663,احیا,احیا استیل فولاد بافت,2026-10-04T09:29:52+03:30,4850.0,-2.61,4840.0,-2.81,4980.0,4890.0,4840.0,4930.0,3035.0,65971446.0,319608322150.0,5120.0,4840,643.0,7.5,1,27,سهم,فلزات اساسی,بازار فرابورس,بازار دوم فرابورس,8.72,643.0,5324.0327,64155000000.0,,177271990.0,4820.0,5150.0,3290.0,5430.0,2026-10-04,310510200000000.0,24268154.0,599,117457865360.0,41084300.0,6,198848012000.0,38697936.0,1771,187298010240.0,26654518.0,7,129007867120.0,196089925.475793,105758334.40993787,1.854,-69840144880.0,26,2067931,4840.0,4850.0,248302,4,2,5357,4820.0,4860.0,696710,86,1,1075,4660.0,4870.0,29552,16,5,5852,4650.0,4880.0,114145,10,1,1518,4610.0,4890.0,101404,31,,,,,,,,,,,,,,,,
20119181940051841,رویش همراه,صندوق س رویش همراه سرمایه-سهام,2026-10-04T09:20:05+03:30,31673.0,3.0,31673.0,3.0,30751.0,31673.0,31673.0,31673.0,2.0,3576.0,113262648.0,31673.0,29829,0.0,,1,68,صندوق,صندوق سرمایه گذاری قابل معامله,بازار بورس,بازار صندوق های قابل معامله,0.0,,0.0,100000000.0,,588683.0,28220.0,30407.0,11600.0,31406.0,2026-10-03,3167300000000.0,3576.0,2,113262648.0,0.0,0,0.0,3576.0,1,113262648.0,0.0,0,0.0,56631324.0,113262648.0,0.5,0.0,3,693,29829.0,31673.0,396660,1,0,0,0.0,0.0,0,0,0,0,0.0,0.0,0,0,0,0,0.0,0.0,0,0,0,0,0.0,0.0,0,0,,31048.0,31364.0,2026-10-04T09:20:21+03:30,2.01,,,,,,,,,,,
20207497921707876,ضذوب8032,اختیارخ ذوب-700-1405/08/20,2026-10-04T09:27:55+03:30,81.0,1.25,75.0,-6.25,80.0,70.0,59.0,85.0,37.0,7320.0,547138000.0,100000.0,1,0.0,,1.0,27,اختیار معامله,,,,,,,,,,,,,,,,7320.0,12,549000.0,0.0,0,0.0,7320.0,10,549000.0,0.0,0,0.0,45750.0,54900.0,0.833,0.0,1,1000,83.0,85.0,1000,1,1,50,82.0,86.0,15,1,1,1000,80.0,87.0,100,1,1,1000,76.0,88.0,320,2,1,1000,75.0,90.0,1199,3,,,,,,ذوب,71483646978964608,656,700,1000,1405/05/24,1405/08/20,38,خرید,335447,3489920000.0
20254123218149984,ضصاد7046,اختیارخ وبصادر-1000-1405/07/22,2026-10-04T09:29:23+03:30,29.0,0.0,27.0,-6.9,29.0,28.0,25.0,31.0,37.0,17417.0,469578000.0,100000.0,1,0.0,,1.0,57,اختیار معامله,,,,,,,,,,,,,,,,16617.0,16,448659.0,800.0,1,21600.0,17417.0,11,470259.0,0.0,0,0.0,28041.1875,42750.81818181818,0.656,-21600.0,1,1000,29.0,30.0,3003,4,3,3000,28.0,31.0,1500,2,1,1000,27.0,32.0,2600,3,2,1925,26.0,33.0,3000,3,3,1228,25.0,34.0,1185,2,,,,,,وبصادر,28320293733348826,909,1000,1000,1405/03/23,1405/07/22,10,خرید,1340708,11452604000.0
20292922178776915,شیفته,کشت و صنعت شیفته آرای شرق,2026-10-04T09:29:11+03:30,16760.0,2.95,16590.0,1.9,16280.0,16690.0,16300.0,16760.0,641.0,4206834.0,69800928940.0,16760.0,15800,1559.0,10.6,1,42,سهم,محصولات غذایی و آشامیدنی به جز قند و شکر,بازار فرابورس,بازار دوم فرابورس,7.71,1559.0,11393.964,2400000000.0,,13428185.0,15150.0,16340.0,9580.0,22650.0,2026-10-04,39816000000000.0,3986834.0,124,66141576060.0,220000.0,2,3649800000.0,4136834.0,447,68630076060.0,70000.0,3,1161300000.0,533399806.9354839,153534845.77181208,3.474,-2488500000.0,2,1146,16750.0,16760.0,187949,29,10,46434,16610.0,0.0,0,0,6,259487,16600.0,0.0,0,0,5,119737,16590.0,0.0,0,0,8,158545,16580.0,0.0,0,0,,,,,,,,,,,,,,,,
20385295120329267,طخود8060,اختیارف خودرو-650-1405/08/06,2026-10-04T09:29:24+03:30,28.0,-24.32,34.0,-8.11,37.0,40.0,26.0,40.0,362.0,147660.0,4968737000.0,100000.0,1,0.0,,1.0,34,اختیار معامله,,,,,,,,,,,,,,,,147660.0,67,5020440.0,0.0,0,0.0,124660.0,50,4238440.0,23000.0,1,782000.0,74931.94029850747,84768.79999999999,0.884,782000.0,3,1150,28.0,29.0,307,2,4,2400,27.0,30.0,2000,2,5,3871,26.0,31.0,2341,3,9,4200,25.0,32.0,500,1,2,1100,23.0,33.0,2620,4,,,,,,خودرو,65883838195688438,716,650,1000,1405/05/10,1405/08/06,24,فروش,466567,92114832000.0
20411759370751096,کنور,توسعه معدنی و صنعتی صبانور,2026-10-04T09:29:09+03:30,6740.0,-1.03,6750.0,-0.88,6810.0,6970.0,6610.0,6970.0,245.0,6045173.0,40792420090.0,7010.0,6610,738.0,9.1,1,13,سهم,استخراج کانه های فلزی,بازار بورس,بازار دوم (تابلوی اصلی) بورس,15.49,738.0,2114.83,69300000000.0,9.0,43449244.0,6440.0,6820.0,2731.0,6820.0,2026-10-04,467775000000000.0,4479340.0,110,30235545000.0,1565833.0,3,10569372750.0,6045173.0,61,40804917750.0,0.0,0,0.0,274868590.90909094,668933077.8688524,0.411,-10569372750.0,3,26955,6700.0,6740.0,76997,5,2,200000,6690.0,6790.0,137880,1,11,295869,6680.0,6800.0,33767,3,5,1204173,6670.0,6820.0,32000,1,4,145780,6660.0,6840.0,130000,4,,,,,,,,,,,,,,,,
20453559648564964,مهر,سرمایه گذاری مهر,2026-10-04T09:29:26+03:30,3880.0,-3.0,3890.0,-2.75,4000.0,3950.0,3880.0,3960.0,190.0,5097754.0,19831965880.0,4120.0,3880,564.0,6.9,1,56,سهم,سرمایه گذاریها,بازار فرابورس,بازار دوم فرابورس,8.88,564.0,0.0,6000000000.0,,33940496.0,3980.0,4180.0,1827.0,5210.0,2026-10-04,23340000000000.0,1567322.0,34,6096882580.0,3530432.0,1,13733380480.0,5097754.0,107,19830263060.0,0.0,0,0.0,179320075.88235295,185329561.3084112,0.968,-13733380480.0,1,301356,3880.0,3890.0,308890,9,2,6374,3640.0,3900.0,313178,16,0,0,0.0,3920.0,110,1,0,0,0.0,3950.0,21730,6,0,0,0.0,3960.0,434948,7,,,,,,,,,,,,,,,,
20453828618330936,بنیرو,نیروترانس,2026-10-04T09:29:44+03:30,3810.0,-2.06,3800.0,-2.31,3890.0,3850.0,3780.0,3900.0,253.0,10013086.0,38084973710.0,4000.0,3780,830.0,4.6,1,31,سهم,ماشین آلات و دستگاههای برقی,بازار بورس,بازار اول (تابلوی فرعی) بورس,6.3,830.0,2425.1997,23800000000.0,23.0,33232241.0,3790.0,4040.0,2211.0,4791.0,2026-10-04,90440000000000.0,3487655.0,49,13253089000.0,6234118.0,3,23689648400.0,8757773.0,43,33279537400.0,964000.0,2,3663200000.0,270471204.0816327,773942730.2325581,0.349,-20026448400.0,3,20243,3800.0,3820.0,22065,3,6,410622,3790.0,3850.0,200000,1,13,550389,3780.0,3880.0,6000,1,1,10000,3530.0,3890.0,130000,1,0,0,0.0,3900.0,127950,2,,,,,,,,,,,,,,,,
20487994977117557,غشهد,شهد ایران,2026-10-04T09:28:06+03:30,9090.0,-1.2,9010.0,-2.07,9200.0,9200.0,8940.0,9280.0,89.0,495005.0,4461662890.0,9470.0,8930,1466.0,6.1,1,42,سهم,محصولات غذایی و آشامیدنی به جز قند و شکر,بازار بورس,بازار دوم (تابلوی اصلی) بورس,9.48,1466.0,2049.3926,1900000000.0,33.0,8667689.0,9110.0,10010.0,5320.0,10650.0,2026-10-04,17119000000000.0,495005.0,43,4459995050.0,0.0,0,0.0,495005.0,23,4459995050.0,0.0,0,0.0,103720815.11627907,193912828.2608696,0.535,0.0,1,39045,8960.0,9090.0,91864,2,3,12600,8950.0,9100.0,17000,2,9,91500,8940.0,9120.0,38704,1,58,1135861,8930.0,9200.0,111000,1,0,0,0.0,9240.0,16591,2,,,,,,,,,,,,,,,,
20516706378052821,ضذوب8026,اختیارخ ذوب-400-1405/08/20,2026-10-04T09:29:09+03:30,276.0,-3.16,187.0,-34.39,285.0,178.0,178.0,276.0,9.0,1854.0,345822000.0,100000.0,1,0.0,,1.0,27,اختیار معامله,,,,,,,,,,,,,,,,1853.0,8,346511.0,1.0,1,187.0,1854.0,4,346698.0,0.0,0,0.0,43313.875,86674.5,0.5,-187.0,1,100,255.0,277.0,1000,1,1,10,251.0,289.0,300,1,1,6,248.0,303.0,50,1,2,505,222.0,388.0,396,1,1,1,211.0,0.0,0,0,,,,,,ذوب,71483646978964608,656,400,1000,1405/05/24,1405/08/20,38,خرید,157336,1183424000.0
20560887114747719,کسرام,پارس سرام,2026-10-04T09:29:14+03:30,16210.0,-1.52,16160.0,-1.82,16460.0,16950.0,15970.0,16950.0,206.0,1685109.0,27225581200.0,16950.0,15970,697.0,23.2,1,54,سهم,سایر محصولات کانی غیرفلزی,بازار بورس,بازار دوم (تابلوی اصلی) بورس,14.81,697.0,2161.5498,981249156.0,82.0,6944313.0,15160.0,16500.0,6940.0,16500.0,2026-10-04,15856986360960.0,1685109.0,64,27231361440.0,0.0,0,0.0,1685109.0,78,27231361440.0,0.0,0,0.0,425490022.5,349120018.4615385,1.219,0.0,1,3315,16210.0,16230.0,1362,2,2,30000,16080.0,16360.0,5332,2,2,9712,16060.0,16380.0,50000,1,3,20400,16050.0,16390.0,45000,1,1,15000,16010.0,16400.0,50000,1,,,,,,,,,,,,,,,,
20562694899904339,شپدیس,پتروشیمی پردیس,2026-10-04T09:29:48+03:30,12090.0,-1.79,11960.0,-2.84,12310.0,11970.0,11950.0,12290.0,6611.0,169931461.0,2031777528970.0,12670.0,11950,1879.0,6.4,1,44,سهم,محصولات شیمیایی,بازار بورس,بازار اول (تابلوی فرعی) بورس,10.13,1879.0,3755.1738,233572772000.0,17.0,494665418.0,12280.0,13190.0,9960.0,633000.0,2026-10-04,2793530353120000.0,103333482.0,2206,1235868444720.0,66521736.0,16,795599962560.0,71496391.0,863,855096836360.0,98358827.0,16,1176371570920.0,560230482.6473254,990842220.5793743,0.565,380771608360.0,1,75038,12090.0,12100.0,194446,4,7,155665,12070.0,12110.0,70000,2,11,48107,12060.0,12120.0,26601,4,1,30000,12050.0,12130.0,89718,3,2,26177,12010.0,12150.0,153239,6,,,,,,,,,,,,,,,,
20582583275482928,ضملت9041,اختیارخ وبملت-1500-1405/09/18,2026-10-04T09:18:32+03:30,209.0,-0.48,209.0,-0.48,210.0,209.0,209.0,209.0,2.0,1001.0,209209000.0,100000.0,1,0.0,,1.0,57,اختیار معامله,,,,,,,,,,,,,,,,1001.0,2,209209.0,0.0,0,0.0,1001.0,2,209209.0,0.0,0,0.0,104604.5,104604.5,1.0,0.0,1,50,205.0,230.0,201,1,1,87,203.0,249.0,51,1,2,1001,202.0,268.0,1,1,2,51,201.0,269.0,56,2,2,101,200.0,277.0,1,1,,,,,,وبملت,778253364357513,1459,1500,1000,1405/06/21,1405/09/18,66,خرید,66603,1461460000.0
20648792901314949,ضملی1001,اختیارخ فملی-18000-1405/10/09,2026-10-04T09:27:07+03:30,13078.0,1307700.0,13900.0,1389900.0,1.0,14399.0,12847.0,14399.0,4.0,52.0,722826000.0,100000.0,1,0.0,,1.0,27,اختیار معامله,,,,,,,,,,,,,,,,52.0,3,722800.0,0.0,0,0.0,35.0,2,486500.0,17.0,1,236300.0,240933.3333333333,243250.0,0.99,236300.0,1,5,12500.0,13078.0,4,1,1,5,12010.0,14399.0,100,1,1,30,12001.0,15000.0,36,2,1,30,12000.0,0.0,0,0,2,2,10000.0,0.0,0,0,,,,,,فملی,35425587644337450,28740,18000,1000,1405/07/11,1405/10/09,87,خرید,52,1491880000.0
20651561102278685,ضخود9055,اختیارخ خودرو-750-1405/09/04,2026-10-04T09:29:09+03:30,120.0,3.45,117.0,0.86,116.0,110.0,110.0,120.0,6.0,3000.0,350000000.0,100000.0,1,0.0,,1.0,34,اختیار معامله,,,,,,,,,,,,,,,,3000.0,2,351000.0,0.0,0,0.0,0.0,0,0.0,3000.0,1,351000.0,175500.0,,,351000.0,1,1000,111.0,125.0,1000,1,1,500,110.0,139.0,1000,1,1,74,100.0,140.0,1000,1,1,500,94.0,141.0,100,1,1,83,93.0,169.0,100,1,,,,,,خودرو,65883838195688438,716,750,1000,1405/06/07,1405/09/04,52,خرید,83717,930800000.0
20652241232631918,نیان,نیان الکترونیک,2026-10-04T09:29:51+03:30,3840.0,-2.78,3840.0,-2.78,3950.0,3930.0,3840.0,3930.0,225.0,8571261.0,32950907060.0,4060.0,3840,678.0,5.7,1,26,سهم,تولید محصولات کامپیوتری الکترونیکی ونوری,بازار فرابورس,بازار دوم فرابورس,8.77,678.0,1889.9921,11944962000.0,,33798965.0,3660.0,4020.0,2617.0,8180.0,2026-10-04,45868654080000.0,4956310.0,68,19032230400.0,1534040.0,2,5890713600.0,6207860.0,50,23838182400.0,282490.0,1,1084761600.0,279885741.17647064,476763648.0,0.587,-4805952000.0,9,1249429,3840.0,3850.0,7500,1,1,2000,2690.0,3860.0,1912,1,0,0,0.0,3870.0,27510,2,0,0,0.0,3880.0,426939,5,0,0,0.0,3900.0,5000,1,,,,,,,,,,,,,,,,
20699477516569964,ضستا9056,اختیارخ شستا-3750-1405/09/11,2026-10-04T09:03:51+03:30,849.0,41.5,849.0,41.5,600.0,849.0,849.0,849.0,1.0,10.0,8490000.0,100000.0,1,0.0,,1.0,39,اختیار معامله,,,,,,,,,,,,,,,,10.0,1,8490.0,0.0,0,0.0,10.0,1,8490.0,0.0,0,0.0,8490.0,8490.0,1.0,0.0,2,41,312.0,769.0,5,1,1,100,311.0,770.0,100,1,1,10,310.0,790.0,100,1,1,10,305.0,797.0,170,2,1,5,300.0,798.0,10,1,,,,,,شستا,2400322364771558,3580,3750,1000,1405/06/14,1405/09/11,59,خرید,17009,35700000.0
20789606562681728,مزه,صندوق س صنایع دایا3-بخشی,2026-10-04T09:29:44+03:30,35323.0,0.74,34996.0,-0.19,35062.0,34660.0,34650.0,35350.0,170.0,881282.0,30841373112.0,36113.0,34011,0.0,,1,68,صندوق,صندوق سرمایه گذاری قابل معامله,بازار بورس,بازار صندوق های قابل معامله,0.0,,0.0,1000000000.0,,7486206.0,33222.0,35520.0,9100.0,35520.0,2026-10-04,34996000000000.0,469050.0,90,16414873800.0,411932.0,3,14415972272.0,798920.0,62,27959004320.0,82062.0,2,2871841752.0,182387486.6666667,450951682.58064514,0.404,-11544130520.0,3,11400,35062.0,35300.0,1402,1,2,100424,35050.0,35323.0,1000,1,1,400,35021.0,35350.0,44947,1,1,200,35020.0,35400.0,36666,1,3,248000,35010.0,35410.0,88888,1,,34884.0,35246.0,2026-10-04T09:21:01+03:30,0.32,,,,,,,,,,,
20794271200498593,ضملی9045,اختیارخ فملی-28000-1405/09/04,2026-10-04T09:29:24+03:30,5100.0,3.93,4809.0,-2.0,4907.0,4670.0,4650.0,5105.0,116.0,3353.0,16124537000.0,100000.0,1,0.0,,1.0,27,اختیار معامله,,,,,,,,,,,,,,,,3353.0,43,16124577.0,0.0,0,0.0,3353.0,33,16124577.0,0.0,0,0.0,374990.1627906977,488623.54545454547,0.767,0.0,3,47,4702.0,5104.0,8,1,2,11,4701.0,5105.0,463,2,2,11,4689.0,5200.0,1,1,1,5,4688.0,5400.0,1,1,3,1018,4654.0,5499.0,25,3,,,,,,فملی,35425587644337450,28740,28000,1000,1405/06/17,1405/09/04,52,خرید,74748,90172670000.0
20865316761157979,فاراک,ماشین سازی اراک,2026-10-04T09:29:44+03:30,2950.0,0.58,2902.0,-1.06,2933.0,2870.0,2870.0,2954.0,426.0,24841852.0,72079305045.0,3020.0,2846,423.0,6.9,1,28,سهم,ساخت محصولات فلزی,بازار بورس,بازار دوم (تابلوی اصلی) بورس,7.7,423.0,0.0,26820046000.0,56.0,220972097.0,2850.0,3027.0,996.0,3350.0,2026-10-04,77831773492000.0,24561367.0,104,71277087034.0,256894.0,1,745506388.0,21218261.0,135,61575393422.0,3600000.0,1,10447200000.0,685356606.0961539,456114025.34814817,1.503,9701693612.0,1,2947,2940.0,2949.0,6800,1,4,259711,2937.0,2950.0,105000,2,2,38968,2933.0,2952.0,14444,1,1,718580,2930.0,2953.0,1865,1,1,11370,2906.0,2955.0,48957,2,,,,,,,,,,,,,,,,
20926459161497908,ثتران,سرمایه گذاری مسکن تهران,2026-10-04T09:29:03+03:30,9100.0,2.94,9100.0,2.94,8840.0,9100.0,9100.0,9100.0,104.0,4319895.0,39311044500.0,9100.0,8580,-421.0,-21.6,1,70,سهم,انبوه سازی، املاک و مستغلات,بازار فرابورس,بازار دوم فرابورس,24.08,-421.0,0.0,1800000000.0,,9847087.0,8100.0,8860.0,3568.0,8860.0,2026-10-04,16380000000000.0,3792804.0,26,34514516400.0,527091.0,1,4796528100.0,4119895.0,56,37491044500.0,200000.0,1,1820000000.0,1327481400.0000002,669482937.5,1.983,-2976528100.0,44,4463882,9100.0,0.0,0,0,1,1759,8610.0,0.0,0,0,1,300000,8600.0,0.0,0,0,1,300000,8590.0,0.0,0,0,1,300000,8580.0,0.0,0,0,صف خرید,,,,,,,,,,,,,,,
20966291817819448,فسدید,لولهوتجهیزات سدید,2026-10-04T09:25:37+03:30,161200.0,-2.95,161200.0,-2.95,166100.0,161200.0,161200.0,161200.0,20.0,93734.0,15109920800.0,171000.0,161200,-5806.0,-27.8,1,27,سهم,فلزات اساسی,بازار پایه فرابورس,بازار پایه زرد فرابورس,0.0,-5806.0,0.0,97800000.0,,359295.0,162300.0,172300.0,74900.0,172300.0,2026-10-04,15765360000000.0,93734.0,14,15109920800.0,0.0,0,0.0,93734.0,2,15109920800.0,0.0,0,0.0,1079280057.1428573,7554960400.0,0.143,0.0,0,0,0.0,161200.0,270790,52,0,0,0.0,169300.0,16780,2,0,0,0.0,169400.0,19000,2,0,0,0.0,169500.0,10000,1,0,0,0.0,169600.0,10000,1,صف فروش,,,,,,,,,,,,,,,
21003176534704369,فوکا,فولاد کاویان,2026-10-04T09:21:45+03:30,7420.0,2.91,7420.0,2.91,7210.0,7420.0,7420.0,7420.0,20.0,731606.0,5428516520.0,7420.0,7000,817.0,9.1,1,27,سهم,فلزات اساسی,بازار فرابورس,بازار دوم فرابورس,8.72,817.0,6561.411,23750000000.0,,11456109.0,6800.0,7210.0,2347.0,10780.0,2026-10-04,176225000000000.0,731606.0,3,5428516520.0,0.0,0,0.0,134126.0,15,995214920.0,597480.0,1,4433301600.0,1809505506.6666665,66347661.333333336,27.273,4433301600.0,386,88540496,7420.0,0.0,0,0,16,2026400,7210.0,0.0,0,0,2,600000,7010.0,0.0,0,0,2,3000,7000.0,0.0,0,0,1,5000,6070.0,0.0,0,0,صف خرید,,,,,,,,,,,,,,,
21077182490095731,درین,صندوق س. درین آتا-د,2026-10-04T09:28:54+03:30,26474.0,0.13,26474.0,0.13,26440.0,26474.0,26474.0,26475.0,54.0,1294456.0,34269475723.0,27233.0,25647,0.0,,1,68,صندوق,صندوق سرمایه گذاری قابل معامله,بازار فرابورس,بازار ابزارهاي نوين مالي فرابورس,1067.75,,0.0,2650000000.0,,42085920.0,26372.0,26441.0,19363.0,26441.0,2026-10-04,70156100000000.0,96847.0,12,2563927478.0,1197609.0,1,31705500666.0,1231050.0,34,32590817700.0,63406.0,1,1678610444.0,213660623.16666666,958553461.7647058,0.223,-30026890222.0,2,499582131,26474.0,26475.0,14956312,2,1,1000000,26473.0,26476.0,100000,1,1,1000000,26472.0,26477.0,100000,1,1,1000000,26471.0,26478.0,100000,1,1,1000000,26470.0,26479.0,100000,1,,26473.0,26509.0,2026-10-04T09:19:37+03:30,0.0,,,,,,,,,,,
21096748051392414,سغدیر,توسعه سرمایه و صنعت غدیر,2026-10-04T09:24:43+03:30,23880.0,-2.93,23970.0,-2.56,24600.0,25290.0,23870.0,25290.0,131.0,3366290.0,80678827380.0,25330.0,23870,2624.0,9.1,1,53,سهم,سیمان، آهک و گچ,بازار فرابورس,بازار دوم فرابورس,7.06,2624.0,0.0,6500000000.0,,7695371.0,22840.0,24620.0,10000.0,26720.0,2026-10-04,155805000000000.0,1129010.0,38,27062369700.0,2237280.0,2,53627601600.0,3191743.0,29,76506079710.0,174547.0,1,4183891590.0,712167623.6842105,2638140679.6551723,0.27,-49443710010.0,3,6500,23900.0,24470.0,2000,1,3,22000,23890.0,24480.0,5000,1,6,400906,23880.0,24490.0,45000,1,19,771157,23870.0,24500.0,30246,2,1,217,23200.0,24580.0,55474,2,,,,,,,,,,,,,,,,
21169795820792660,ضملت8068,اختیارخ وبملت-800-1405/08/20,2026-10-04T09:29:32+03:30,714.0,-1.52,699.0,-3.59,725.0,706.0,692.0,706.0,16.0,222.0,155136000.0,100000.0,1,0.0,,1.0,57,اختیار معامله,,,,,,,,,,,,,,,,222.0,7,155178.0,0.0,0,0.0,162.0,3,113238.0,60.0,1,41940.0,22168.285714285714,37746.0,0.587,41940.0,1,20,697.0,733.0,94,2,2,170,696.0,740.0,170,1,1,1000,695.0,767.0,1,1,1,58,693.0,768.0,500,1,2,584,692.0,770.0,84,1,,,,,,وبملت,778253364357513,1459,800,1000,1405/05/24,1405/08/20,38,خرید,105454,233280000.0
21221332624960229,ضستا7058,اختیارخ شستا-2400-1405/07/15,2026-10-04T09:27:17+03:30,1270.0,-3.13,1213.0,-7.48,1311.0,1200.0,1200.0,1270.0,12.0,559.0,678100000.0,100000.0,1,0.0,,1.0,39,اختیار معامله,,,,,,,,,,,,,,,,559.0,3,678067.0,0.0,0,0.0,559.0,7,678067.0,0.0,0,0.0,226022.33333333334,96866.71428571429,2.333,0.0,1,10,1270.0,1295.0,31,1,1,700,1206.0,1296.0,100,1,1,200,1205.0,1298.0,100,1,1,10,1204.0,1299.0,100,1,1,620,1200.0,1300.0,100,1,,,,,,شستا,2400322364771558,3580,2400,1000,1405/04/10,1405/07/15,3,خرید,126932,2001220000.0
21239563571834085,تفارسح,ح . تامین سرمایه خلیج فارس,2026-10-04T09:26:21+03:30,745.0,0.95,738.0,0.0,738.0,721.0,721.0,758.0,16.0,116428.0,85897620.0,760.0,716,0.0,,1,67,سهم,فعالیتهای کمکی به نهادهای مالی واسط,بازار فرابورس,بازار دوم فرابورس,9.02,,0.0,15000000000.0,,51485318.0,717.0,762.0,702.0,779.0,2026-10-04,11070000000000.0,116428.0,4,85923864.0,0.0,0,0.0,116428.0,14,85923864.0,0.0,0,0.0,21480966.0,6137418.857142856,3.5,0.0,2,201407,747.0,757.0,349878,5,1,86200,746.0,758.0,119000,3,2,550000,745.0,760.0,2487929,17,1,100000,743.0,779.0,43064,2,1,700000,742.0,0.0,0,0,,,,,,,,,,,,,,,,
21334155996394219,پاریز,پاریز شرق,2026-10-04T09:29:46+03:30,37340.0,-2.99,37340.0,-2.99,38490.0,37340.0,37340.0,37340.0,138.0,554077.0,20689235180.0,39640.0,37340,823.0,45.4,1,70,سهم,انبوه سازی، املاک و مستغلات,بازار فرابورس,بازار دوم فرابورس,24.08,823.0,0.0,2000000000.0,,2751035.0,38020.0,40340.0,27100.0,52310.0,2026-10-04,74680000000000.0,368241.0,114,13750118940.0,180000.0,1,6721200000.0,458241.0,7,17110718940.0,90000.0,2,3360600000.0,120615078.42105263,2444388420.0,0.049,-3360600000.0,2,1816,36950.0,37340.0,2854200,740,1,500,33810.0,37350.0,103,1,0,0,0.0,37740.0,27746,1,0,0,0.0,37940.0,990,2,0,0,0.0,37950.0,124,2,,,,,,,,,,,,,,,,
21426277483799140,غنیلی,مجتمع تولیدی نیلی صنعت کرمان,2026-10-04T09:19:12+03:30,5570.0,-2.28,5560.0,-2.46,5700.0,5550.0,5550.0,5580.0,14.0,105240.0,585561800.0,5870.0,5530,-69.0,-80.6,1,42,سهم,محصولات غذایی و آشامیدنی به جز قند و شکر,بازار فرابورس,بازار نوآفرین - رشد,7.68,-69.0,194.9275,400000000.0,,3199643.0,5670.0,6130.0,3765.0,7010.0,2026-10-04,2224000000000.0,105240.0,9,585134400.0,0.0,0,0.0,105240.0,6,585134400.0,0.0,0,0.0,65014933.333333336,97522400.0,0.667,0.0,2,11000,5590.0,5790.0,20000,1,1,2000,5580.0,5800.0,60000,3,5,23903,5570.0,5810.0,15000,2,2,301140,5550.0,5820.0,10722,2,3,55940,5540.0,5840.0,76825,6,,,,,,,,,,,,,,,,
21432551703060846,حآفرین,ریل پرداز نو آفرین,2026-10-04T09:29:41+03:30,2769.0,0.47,2788.0,1.16,2756.0,2760.0,2724.0,2837.0,362.0,30126264.0,83992058600.0,2838.0,2674,704.0,4.0,1,60,سهم,حمل ونقل، انبارداری و ارتباطات,بازار فرابورس,بازار دوم فرابورس,7.91,704.0,0.0,11500000000.0,,138897928.0,2702.0,2867.0,1172.0,3440.0,2026-10-04,32062000000000.0,29990074.0,109,83612326312.0,0.0,0,0.0,29990074.0,115,83612326312.0,0.0,0,0.0,767085562.4954128,727063707.0608696,1.055,0.0,3,377812,2769.0,2780.0,572100,2,2,140311,2766.0,2790.0,112357,1,2,155880,2765.0,2798.0,10000,1,1,10000,2763.0,2799.0,88117,3,1,5000,2762.0,2800.0,2045000,3,,,,,,,,,,,,,,,,
21501758781665781,غمارگ,مارگارین,2026-10-04T09:28:45+03:30,2580.0,0.47,2514.0,-2.1,2568.0,2600.0,2491.0,2600.0,224.0,19325088.0,48589737674.0,2645.0,2491,120.0,21.0,1,42,سهم,محصولات غذایی و آشامیدنی به جز قند و شکر,بازار پایه فرابورس,بازار پایه زرد فرابورس,0.0,120.0,1336.2576,35000000000.0,,47521314.0,2522.0,2689.0,877.0,3004.0,2026-10-04,87990000000000.0,19325088.0,79,48583271232.0,0.0,0,0.0,19325088.0,90,48583271232.0,0.0,0,0.0,614978116.8607595,539814124.8000001,1.139,0.0,1,28700,2574.0,2580.0,198551,4,1,8192,2573.0,2597.0,5000,1,2,42000,2560.0,2600.0,396500,3,1,200000,2530.0,2605.0,320000,2,3,340000,2527.0,2606.0,19256,1,,,,,,,,,,,,,,,,
21731820344041381,اتوکار,صندوق س صنایع کارآمد1-بخشی,2026-10-04T09:29:27+03:30,11148.0,1.5,10883.0,-0.91,10983.0,11248.0,10842.0,11248.0,26.0,820477.0,8929067444.0,11312.0,10654,0.0,,1,68,صندوق,صندوق سرمایه گذاری قابل معامله,بازار بورس,بازار صندوق های قابل معامله,0.0,,0.0,1000000000.0,,6820877.0,10412.0,11190.0,10000.0,11369.0,2026-10-04,10883000000000.0,286690.0,5,3120047270.0,533787.0,1,5809203921.0,787389.0,14,8569154487.0,33088.0,2,360096704.0,624009454.0,612082463.3571428,1.019,-5449107217.0,1,31508,11021.0,11148.0,1990110,2,1,20000,11020.0,11230.0,101500,3,1,99500,11018.0,11240.0,5000,1,1,400000,11006.0,11241.0,227733,1,1,91,10998.0,11246.0,117867,1,,11114.0,11223.0,2026-10-04T09:20:00+03:30,-2.08,,,,,,,,,,,
21772258644715569,شغدیر,پتروشیمی غدیر,2026-10-04T09:29:48+03:30,87190.0,-0.92,88550.0,0.62,88000.0,90100.0,86020.0,90100.0,566.0,1986531.0,175912431000.0,90640.0,85360,12273.0,7.2,1,44,سهم,محصولات شیمیایی,بازار بورس,بازار دوم (تابلوی فرعی) بورس,10.13,12273.0,84535.5,1300000000.0,24.0,8589034.0,81400.0,88000.0,25850.0,88000.0,2026-10-04,115115000000000.0,1986036.0,240,175863487800.0,0.0,0,0.0,1979036.0,163,175243637800.0,7000.0,1,619850000.0,732764532.5,1075114342.3312883,0.682,619850000.0,6,8865,87190.0,87280.0,24478,1,1,5000,87130.0,87390.0,100,1,3,6304,87120.0,87400.0,2100,2,5,32640,86550.0,87490.0,5000,1,2,11299,86540.0,87520.0,300,2,,,,,,,,,,,,,,,,
22086876724551482,بموتو,موتوژن,2026-10-04T09:29:23+03:30,3720.0,2.76,3710.0,2.49,3620.0,3710.0,3650.0,3720.0,200.0,14638334.0,54334637540.0,3720.0,3520,484.0,7.7,1,31,سهم,ماشین آلات و دستگاههای برقی,بازار بورس,بازار اول (تابلوی فرعی) بورس,6.29,484.0,2659.2068,26000000000.0,14.0,32110226.0,3280.0,3630.0,1697.0,3890.0,2026-10-04,96460000000000.0,3855642.0,27,14304431820.0,10782692.0,4,40003787320.0,11188334.0,84,41508719140.0,3450000.0,3,12799500000.0,529793771.11111116,494151418.33333325,1.072,-27204287320.0,42,8873113,3720.0,3740.0,2000,1,1,300000,3690.0,3750.0,160000,2,1,21660,3680.0,3830.0,1592,1,4,460997,3650.0,3890.0,2594,1,2,20000,3640.0,0.0,0,0,,,,,,,,,,,,,,,,
22255783119783047,درازک,دارویی رازک,2026-10-04T09:29:44+03:30,4860.0,1.46,4830.0,0.84,4790.0,4800.0,4750.0,4920.0,600.0,27628185.0,133510470180.0,4930.0,4650,453.0,10.7,1,43,سهم,مواد و محصولات دارویی,بازار بورس,بازار اول (تابلوی فرعی) بورس,14.8,453.0,2048.5913,17429992000.0,44.0,109563954.0,4730.0,5020.0,926.0,5060.0,2026-10-04,84186861360000.0,26178080.0,206,126440126400.0,1366899.0,3,6602122170.0,13400820.0,161,64725960600.0,14144159.0,7,68316287970.0,613787021.3592234,402024600.0,1.527,61714165800.0,1,4644,4840.0,4880.0,603538,5,3,329954,4830.0,4890.0,1007999,8,5,426000,4820.0,4900.0,1365401,8,5,129614,4810.0,4910.0,1859678,16,12,829173,4800.0,4920.0,4169821,27,,,,,,,,,,,,,,,,
22259718159702272,استقلال,استقلال,2026-10-04T09:28:44+03:30,1428.0,2.0,1428.0,2.0,1400.0,1428.0,1428.0,1428.0,27.0,469230.0,670060440.0,1428.0,1372,92.0,15.5,1,93,سهم,فعالیتهای فرهنگی و ورزشی,بازار پایه فرابورس,بازار پایه نارنجی فرابورس,0.0,92.0,0.0,10791150000.0,,6553056.0,1330.0,1406.0,981.0,1406.0,2026-10-04,15409762200000.0,469230.0,2,670060440.0,0.0,0,0.0,469230.0,26,670060440.0,0.0,0,0.0,335030220.0,25771555.384615384,13.0,0.0,4,614565,1428.0,0.0,0,0,1,55000,1403.0,0.0,0,0,1,1000000,1402.0,0.0,0,0,1,299000,1401.0,0.0,0,0,1,400000,1400.0,0.0,0,0,صف خرید,,,,,,,,,,,,,,,
22260326095996531,حتوکا,حملونقلتوکا,2026-10-04T09:25:58+03:30,2695.0,2.51,2587.0,-1.6,2629.0,2600.0,2570.0,2695.0,50.0,3137486.0,8115135760.0,2707.0,2551,320.0,8.1,1,60,سهم,حمل ونقل، انبارداری و ارتباطات,بازار بورس,بازار اول (تابلوی فرعی) بورس,18.1,320.0,0.0,5935000000.0,31.0,46649676.0,2598.0,2770.0,1635.0,2840.0,2026-10-04,15353845000000.0,3137486.0,12,8116676282.0,0.0,0,0.0,2925566.0,21,7568439242.0,211920.0,1,548237040.0,676389690.1666666,360401868.6666666,1.877,548237040.0,4,32510,2629.0,2692.0,123319,3,1,3000,2628.0,2693.0,98553,2,2,649016,2614.0,2694.0,5000,1,1,83970,2610.0,2695.0,96957,9,2,41020,2570.0,2696.0,20000,1,,,,,,,,,,,,,,,,
22275596386264204,کوثر,بیمه کوثر,2026-10-04T09:29:32+03:30,1798.0,-2.49,1792.0,-2.82,1844.0,1789.0,1789.0,1809.0,249.0,19479828.0,34906130579.0,1899.0,1789,53.0,33.8,1,66,سهم,بیمه وصندوق بازنشستگی به جزتامین اجتماعی,بازار فرابورس,بازار دوم فرابورس,18.61,53.0,0.0,40000000000.0,,142978755.0,1802.0,1919.0,1250.0,2410.0,2026-10-04,71680000000000.0,12908813.0,107,23132592896.0,6471015.0,1,11596058880.0,18306454.0,74,32805165568.0,1073374.0,1,1923486208.0,216192456.97196263,443313048.2162162,0.488,-9672572672.0,2,116838,1798.0,1799.0,5576539,8,1,2827,1797.0,1800.0,202293,2,1,2829,1796.0,1801.0,50000,1,1,12000,1795.0,1807.0,94714,3,2,33500,1791.0,1820.0,629927,1,,,,,,,,,,,,,,,,
22299894048845903,غگل,گلوکوزان,2026-10-04T09:28:01+03:30,7120.0,2.89,7120.0,2.89,6920.0,7100.0,7100.0,7120.0,185.0,5059626.0,36020758960.0,7120.0,6720,706.0,10.1,1,42,سهم,محصولات غذایی و آشامیدنی به جز قند و شکر,بازار بورس,بازار اول (تابلوی اصلی) بورس,9.48,706.0,2606.546,15000000000.0,24.0,24663977.0,6530.0,7030.0,3441.0,7740.0,2026-10-04,106800000000000.0,5059626.0,19,36024537120.0,0.0,0,0.0,3159626.0,137,22496537120.0,1900000.0,3,13528000000.0,1896028269.4736843,164208300.14598542,11.546,13528000000.0,84,6371966,7120.0,7230.0,1198,1,1,16000,7100.0,7400.0,1000,1,1,3000,7000.0,7470.0,767,1,2,30588,6970.0,7480.0,768,1,3,28819,6920.0,7510.0,12002,3,,,,,,,,,,,,,,,,
22308305646551497,تپولا,مهندسی مرآت پولاد,2026-10-04T09:27:28+03:30,20820.0,2.56,20860.0,2.76,20300.0,20890.0,20790.0,20890.0,30.0,251278.0,5240729690.0,20900.0,19700,-458.0,-45.5,1,74,سهم,خدمات فنی و مهندسی,بازار پایه فرابورس,بازار پایه زرد فرابورس,0.0,-458.0,0.0,125970000.0,,691220.0,19540.0,20740.0,11450.0,21640.0,2026-10-04,2627734200000.0,251278.0,5,5241659080.0,0.0,0,0.0,251278.0,9,5241659080.0,0.0,0,0.0,1048331816.0,582406564.4444444,1.8,0.0,1,100,20820.0,20830.0,31467,2,1,2475,20400.0,20840.0,62007,3,1,10000,20300.0,20850.0,11950,1,2,7500,20000.0,20860.0,6150,2,1,3000,19740.0,20870.0,8329,1,,,,,,,,,,,,,,,,
22382156782768756,بکام,کارخانجات تولیدی شهید قندی,2026-10-04T09:29:40+03:30,3250.0,-0.31,3190.0,-2.15,3260.0,3200.0,3170.0,3250.0,216.0,8242772.0,26258619990.0,3350.0,3170,24.0,132.9,1,31,سهم,ماشین آلات و دستگاههای برقی,بازار بورس,بازار اول (تابلوی فرعی) بورس,6.3,24.0,775.0781,17678827639.0,21.0,47601378.0,3240.0,3440.0,1721.0,3810.0,2026-10-04,56395460168410.0,8237772.0,89,26278492680.0,0.0,0,0.0,8012292.0,79,25559211480.0,225480.0,1,719281200.0,295263962.6966292,323534322.53164554,0.913,719281200.0,2,100736,3250.0,3260.0,441280,4,1,36818,3240.0,3280.0,1550,1,2,392705,3220.0,3290.0,160038,3,2,182827,3200.0,3300.0,662424,6,2,297858,3190.0,3310.0,5000,1,,,,,,,,,,,,,,,,
22424135367941584,فافق,صنایع مس افق کرمان,2026-10-04T09:29:35+03:30,15410.0,0.26,15370.0,0.0,15370.0,15630.0,15390.0,15630.0,45.0,620022.0,9552065180.0,15830.0,14910,2178.0,7.1,7415002,27,سهم,فلزات اساسی,بازار پایه فرابورس,بازار پایه زرد فرابورس,0.0,2178.0,0.0,7000000000.0,,5945560.0,14800.0,16080.0,5550.0,16540.0,2026-10-04,107590000000000.0,498046.0,19,7654967020.0,121976.0,1,1874771120.0,520022.0,22,7992738140.0,100000.0,1,1537000000.0,402893001.0526316,363306279.09090906,1.109,-337771120.0,1,49500,15410.0,15590.0,38000,3,5,259095,15400.0,15600.0,7668,2,3,94998,15390.0,15620.0,83680,4,1,50000,15380.0,15630.0,37171,2,1,50000,15370.0,15640.0,500,1,,,,,,,,,,,,,,,,
22427604495160869,تمحرکه,ماشین سازی نیرو محرکه,2026-10-04T09:29:24+03:30,7970.0,-1.73,8040.0,-0.86,8110.0,8000.0,7920.0,8210.0,29.0,98026.0,788442070.0,8350.0,7870,5.0,1608.0,1,29,سهم,ماشین آلات و تجهیزات,بازار پایه فرابورس,بازار پایه زرد فرابورس,0.0,5.0,0.0,355171000.0,,1693343.0,8090.0,8640.0,5460.0,10090.0,2026-10-04,2855574840000.0,98026.0,8,788129040.0,0.0,0,0.0,98026.0,8,788129040.0,0.0,0,0.0,98516130.0,98516130.0,1.0,0.0,1,15000,7980.0,8220.0,650,1,1,9990,7970.0,8290.0,1605,2,3,22800,7950.0,8300.0,1000,1,1,7000,7940.0,8310.0,23015,2,1,7821,7920.0,8320.0,28953,1,,,,,,,,,,,,,,,,
22490169030401337,وآوا,سرمایه گذاری آوا نوین,2026-10-04T09:28:48+03:30,4660.0,-2.92,4770.0,-0.62,4800.0,4810.0,4660.0,4910.0,280.0,12277313.0,58546916710.0,4940.0,4660,370.0,12.9,1,56,سهم,سرمایه گذاریها,بازار فرابورس,بازار اول فرابورس,8.88,370.0,0.0,3320000000.0,,25398664.0,4540.0,4810.0,1830.0,5660.0,2026-10-04,15836400000000.0,11579099.0,128,55232302230.0,698214.0,1,3330480780.0,12066504.0,56,57557224080.0,210809.0,1,1005558930.0,431502361.171875,1027807572.8571428,0.42,-2324921850.0,1,1200,4530.0,4660.0,11332064,68,2,7215,2340.0,4730.0,5795,2,1,2313,2240.0,4800.0,300000,1,0,0,0.0,4810.0,179966,1,0,0,0.0,4820.0,10000,1,,,,,,,,,,,,,,,,
22501232035732859,وثنو,سرمایه گذاری ساختمانی نوین,2026-10-04T09:27:11+03:30,6610.0,-2.94,6610.0,-2.94,6810.0,6610.0,6610.0,6610.0,28.0,1085702.0,7176490220.0,7010.0,6610,540.0,12.2,1,56,سهم,سرمایه گذاریها,بازار فرابورس,بازار دوم فرابورس,8.88,540.0,0.0,3300000000.0,,19985925.0,6810.0,7230.0,1988.0,7740.0,2026-10-04,21813000000000.0,1085702.0,20,7176490220.0,0.0,0,0.0,1085702.0,7,7176490220.0,0.0,0,0.0,358824511.0,1025212888.5714285,0.35,0.0,0,0,0.0,6610.0,29266428,182,0,0,0.0,6810.0,20429,3,0,0,0.0,6910.0,9523,1,0,0,0.0,7000.0,151094,3,0,0,0.0,7010.0,1231925,7,صف فروش,,,,,,,,,,,,,,,
22560050433388046,تاپیکو,س. نفت و گاز و پتروشیمی تأمین,2026-10-04T09:29:48+03:30,52680.0,-1.61,51960.0,-2.95,53540.0,53180.0,51940.0,53180.0,5955.0,64086820.0,3330233238440.0,55140.0,51940,3439.0,15.1,1,44,سهم,محصولات شیمیایی,بازار بورس,بازار دوم (تابلوی اصلی) بورس,10.13,3439.0,0.0,101500000000.0,11.0,61335544.0,50470.0,53780.0,16120.0,53780.0,2026-10-04,5273940000000000.0,14092580.0,1232,732250456800.0,49792576.0,11,2587222248960.0,30544690.0,568,1587102092400.0,33340466.0,16,1732370613360.0,594359137.012987,2794193824.647887,0.213,-854851635600.0,8,2900,52670.0,52680.0,9391,1,6,55998,52660.0,52690.0,36970,2,3,31104,52610.0,52790.0,7827,2,4,27788,52600.0,52800.0,40610,4,7,20519,52570.0,52980.0,30000,1,,,,,,,,,,,,,,,,
22645269567765904,خیمن,ایمن خودرو شرق,2026-10-04T09:28:42+03:30,5570.0,2.96,5560.0,2.77,5410.0,5570.0,5410.0,5570.0,890.0,28837903.0,160318232060.0,5570.0,5250,1533.0,3.6,1,34,سهم,خودرو و ساخت قطعات,بازار فرابورس,بازار دوم فرابورس,6.13,1533.0,7342.103,7000000000.0,,54972811.0,5110.0,5500.0,2479.0,5650.0,2026-10-04,38920000000000.0,28692403.0,398,159529760680.0,145500.0,1,808980000.0,24687903.0,294,137264740680.0,4150000.0,2,23074000000.0,400828544.42211056,466886873.0612245,0.859,22265020000.0,78,6238872,5570.0,5610.0,1272,3,3,285094,5560.0,5640.0,162635,1,1,915,5550.0,5670.0,425,1,17,370711,5540.0,0.0,0,0,5,15950,5530.0,0.0,0,0,,,,,,,,,,,,,,,,
22667016906590506,شبهرن,نفت بهران,2026-10-04T09:29:48+03:30,15080.0,2.94,15070.0,2.87,14650.0,15080.0,14860.0,15080.0,4644.0,133511020.0,2012136465940.0,15080.0,14220,1212.0,12.4,1,23,سهم,فراورده های نفتی، کک و سوخت هسته ای,بازار بورس,بازار اول (تابلوی اصلی) بورس,6.61,1212.0,10269.522,63450000000.0,33.0,12454064.0,13670.0,14650.0,13670.0,42990.0,2026-10-04,956191500000000.0,90194159.0,1372,1359225976130.0,43003956.0,12,648069616920.0,95797449.0,705,1443667556430.0,37400666.0,16,563628036620.0,990689486.9752185,2047755399.1914892,0.484,-84441580300.0,49,1084748,15070.0,15080.0,254030,5,12,108442,15060.0,20000.0,4100,1,12,135986,15050.0,24400.0,40250,2,2,4000,15020.0,0.0,0,0,8,61055,15010.0,0.0,0,0,,,,,,,,,,,,,,,,
22748255161474691,ضملی9037,اختیارخ فملی-14000-1405/09/04,2026-10-04T09:27:48+03:30,15870.0,3.35,15870.0,3.35,15355.0,15870.0,15870.0,15870.0,1.0,4.0,63480000.0,100000.0,1,0.0,,1.0,27,اختیار معامله,,,,,,,,,,,,,,,,0.0,0,0.0,4.0,1,63480.0,4.0,1,63480.0,0.0,0,0.0,,63480.0,,-63480.0,1,96,15870.0,15943.0,31,1,1,1,14600.0,16000.0,100,1,1,3,10000.0,16500.0,100,1,1,100,1.0,17000.0,100,1,0,0,0.0,17999.0,10,1,,,,,,فملی,35425587644337450,28740,14000,1000,1405/05/17,1405/09/04,52,خرید,8942,0.0
22765113980913232,ضخود1314,اختیارخ خودرو-400-1405/10/09,2026-10-04T09:27:44+03:30,371.0,6.0,362.0,3.43,350.0,350.0,347.0,371.0,10.0,1676.0,606007000.0,100000.0,1,0.0,,1.0,34,اختیار معامله,,,,,,,,,,,,,,,,1676.0,8,606712.0,0.0,0,0.0,6.0,1,2172.0,1670.0,1,604540.0,75839.0,2172.0,34.917,604540.0,2,1250,360.0,371.0,288,1,1,200,355.0,500.0,320,3,3,2004,351.0,700.0,200,2,2,78,350.0,0.0,0,0,1,4,341.0,0.0,0,0,,,,,,خودرو,65883838195688438,716,400,1000,1405/07/11,1405/10/09,87,خرید,11988,1056816000.0
22826119556531041,ضهرم9029,اختیارخ اهرم-74000-1405/09/25,2026-10-04T09:27:26+03:30,16480.0,-0.01,15860.0,-3.77,16482.0,16900.0,15750.0,16900.0,8.0,85.0,1348091000.0,500000.0,1,0.0,,1.0,68,اختیار معامله,,,,,,,,,,,,,,,,85.0,6,1348100.0,0.0,0,0.0,85.0,6,1348100.0,0.0,0,0.0,224683.3333333333,224683.3333333333,1.0,0.0,1,1,15000.0,16490.0,20,1,1,1,14505.0,16900.0,20,1,1,1,14500.0,17900.0,11,2,1,1,14080.0,18000.0,5,1,2,6,14050.0,25995.0,1,1,,,,,,اهرم,17914401175772326,72311,74000,1000,1405/06/28,1405/09/25,73,خرید,1537,5413200000.0
22839330962768817,آتیمس,صندوق س.آرمان آتیه درخشان مس-س,2026-10-04T09:29:17+03:30,1064600.0,-0.95,1067854.0,-0.65,1074788.0,1064561.0,1064561.0,1075000.0,19.0,3239.0,3458779214.0,1107031.0,1042545,0.0,,1,68,صندوق,صندوق سرمایه گذاری قابل معامله,بازار فرابورس,بازار ابزارهاي نوين مالي فرابورس,1047.81,,0.0,50000000.0,,127816.0,1047000.0,1109364.0,413100.0,1109364.0,2026-10-04,53392700000000.0,3239.0,13,3458779106.0,0.0,0,0.0,3239.0,10,3458779106.0,0.0,0,0.0,266059931.23076925,345877910.59999996,0.769,0.0,1,250,1064570.0,1088000.0,1000,1,2,163,1064569.0,1089473.0,843,1,1,500,1064564.0,1089999.0,70,1,1,5,1064562.0,1090000.0,6240,3,2,393,1064561.0,1094463.0,5000,1,,1090458.0,1101085.0,2026-10-04T09:21:47+03:30,-2.07,,,,,,,,,,,
22839926096931959,ضخود8057,اختیارخ خودرو-500-1405/08/06,2026-10-04T09:29:28+03:30,245.0,9.87,229.0,2.69,223.0,215.0,202.0,246.0,55.0,15320.0,3503956000.0,100000.0,1,0.0,,1.0,34,اختیار معامله,,,,,,,,,,,,,,,,15320.0,23,3508280.0,0.0,0,0.0,10553.0,22,2416637.0,4767.0,1,1091643.0,152533.91304347827,109847.13636363637,1.389,1091643.0,2,1000,242.0,245.0,893,1,2,1200,240.0,246.0,2401,5,1,1,222.0,250.0,1065,3,1,1000,220.0,251.0,1600,3,1,100,219.0,252.0,1100,2,,,,,,خودرو,65883838195688438,716,500,1000,1405/05/10,1405/08/06,24,خرید,644226,10145720000.0
22843648821239232,ضتاص9015,اختیارخ تاصیکو-12520-05/09/04,2026-10-04T09:24:27+03:30,27214.0,0.0,27474.0,0.96,27214.0,28000.0,27000.0,28000.0,9.0,34.0,934111000.0,100000.0,1,0.0,,1.0,13,اختیار معامله,,,,,,,,,,,,,,,,34.0,4,934116.0,0.0,0,0.0,34.0,5,934116.0,0.0,0,0.0,233529.0,186823.19999999998,1.25,0.0,2,21,26800.0,27500.0,10,1,2,130,25426.0,30999.0,1,1,1,2,25226.0,0.0,0,0,2,3,25225.0,0.0,0,0,1,20,25220.0,0.0,0,0,,,,,,تاصیکو,23293437377896568,37890,12520,1000,1405/05/10,1405/09/04,52,خرید,5315,1288260000.0
22903901709044823,ختراک,ریختهگری تراکتورسازی ایران,2026-10-04T09:29:10+03:30,1639.0,-0.55,1633.0,-0.91,1648.0,1648.0,1605.0,1648.0,83.0,5356187.0,8745040927.0,1697.0,1599,206.0,7.9,1,34,سهم,خودرو و ساخت قطعات,بازار بورس,بازار اول (تابلوی فرعی) بورس,-23.75,206.0,4323.3647,15430000000.0,21.0,47012529.0,1590.0,1684.0,1255.0,2590.0,2026-10-04,25197190000000.0,5356187.0,35,8746653371.0,0.0,0,0.0,5356187.0,31,8746653371.0,0.0,0,0.0,249904382.0285714,282150108.7419355,0.886,0.0,2,28483,1630.0,1631.0,55000,1,3,25101,1623.0,1639.0,32319,1,1,175571,1622.0,1640.0,162977,2,3,32200,1621.0,1642.0,5000,1,2,1007938,1620.0,1644.0,66368,2,,,,,,,,,,,,,,,,
22941065011246116,کپرور,فرآوری زغال سنگ پروده طبس,2026-10-04T09:29:50+03:30,22060.0,2.99,22040.0,2.89,21420.0,22060.0,21830.0,22060.0,735.0,9437857.0,208021953810.0,22060.0,20780,2597.0,8.5,1,10,سهم,استخراج زغال سنگ,بازار فرابورس,بازار دوم فرابورس,17.37,2597.0,24011.732,1710000000.0,,10773278.0,19780.0,21450.0,7010.0,21450.0,2026-10-04,37688400000000.0,9216764.0,346,203137478560.0,200000.0,1,4408000000.0,9298646.0,111,204942157840.0,118118.0,2,2603320720.0,587102539.1907514,1846325746.3063064,0.318,-1804679280.0,10,87493,22050.0,22060.0,98695,3,6,27282,22040.0,0.0,0,0,1,8800,22030.0,0.0,0,0,3,4250,22010.0,0.0,0,0,8,88300,22000.0,0.0,0,0,,,,,,,,,,,,,,,,
22950683624908253,نتوس,پشم بافی توس,2026-10-04T09:14:08+03:30,2144.0,2.98,2086.0,0.19,2082.0,2144.0,2144.0,2144.0,4.0,242000.0,518848000.0,2144.0,2020,156.0,13.4,3435097,17,سهم,منسوجات,بازار پایه فرابورس,بازار پایه زرد فرابورس,0.0,156.0,1218.8923,4038545241.0,,5929693.0,2086.0,2115.0,1278.0,9930.0,2026-10-04,8424405372726.0,242000.0,2,504812000.0,0.0,0,0.0,242000.0,3,504812000.0,0.0,0,0.0,252406000.0,168270666.6666667,1.5,0.0,26,16650212,2144.0,0.0,0,0,2,260000,2115.0,0.0,0,0,1,100000,2020.0,0.0,0,0,1,33807,1692.0,0.0,0,0,0,0,0.0,0.0,0,0,صف خرید,,,,,,,,,,,,,,,
22956708386610464,خودکفا,اقتصادی و خودکفایی آزادگان,2026-10-04T09:29:50+03:30,16790.0,2.94,16520.0,1.29,16310.0,16690.0,15940.0,16790.0,363.0,9065433.0,149795403920.0,16790.0,15830,1687.0,9.8,1,42,سهم,محصولات غذایی و آشامیدنی به جز قند و شکر,بازار پایه فرابورس,بازار پایه زرد فرابورس,0.0,1687.0,0.0,10000000000.0,,10279424.0,15380.0,16310.0,5120.0,16830.0,2026-10-04,165200000000000.0,5432928.0,80,89751970560.0,3612864.0,6,59684513280.0,7935792.0,128,131099283840.0,1110000.0,3,18337200000.0,1121899632.0,1024213155.0,1.095,-41347313280.0,44,2493163,16790.0,16980.0,1000,1,1,30337,16700.0,0.0,0,0,1,100000,16610.0,0.0,0,0,3,234140,16600.0,0.0,0,0,2,13331,16380.0,0.0,0,0,,,,,,,,,,,,,,,,
22988982483538160,تملی1403,امتیازتسهیلات ملی سال 1403,2026-10-04T09:00:40+03:30,746256.0,-3.0,746256.0,-3.0,769336.0,746256.0,746256.0,746256.0,1.0,50.0,37312800.0,792416.0,746256,0.0,,1,59,سهم,اوراق حق تقدم استفاده از تسهیلات مسکن,بازار فرابورس,بازار ابزارهاي نوين مالي فرابورس,0.0,,0.0,512339.0,,127.0,769336.0,817658.0,599847.0,1390343.0,2026-10-04,382336052784.0,50.0,1,37312800.0,0.0,0,0.0,50.0,1,37312800.0,0.0,0,0.0,37312800.0,37312800.0,1.0,0.0,0,0,0.0,746256.0,96,2,0,0,0.0,0.0,0,0,0,0,0.0,0.0,0,0,0,0,0.0,0.0,0,0,0,0,0.0,0.0,0,0,صف فروش,,,,,,,,,,,,,,,
23033553936184892,طملت7046,اختیارف وبملت-1654-1405/07/22,2026-10-04T09:27:00+03:30,175.0,8.7,188.0,16.77,161.0,184.0,166.0,195.0,32.0,6073.0,1140938000.0,100000.0,1,0.0,,1.0,57,اختیار معامله,,,,,,,,,,,,,,,,6073.0,9,1141724.0,0.0,0,0.0,5823.0,13,1094724.0,250.0,1,47000.0,126858.22222222223,84209.53846153845,1.506,47000.0,1,1000,168.0,182.0,112,1,1,5,167.0,183.0,824,1,3,2999,166.0,185.0,200,1,1,100,162.0,186.0,500,1,4,3200,110.0,188.0,525,1,,,,,,وبملت,778253364357513,1459,1654,1000,1405/04/27,1405/07/22,10,فروش,44700,8860507000.0
23049019886587905,خفولا,خدمات فنی فولاد یزد,2026-10-04T09:29:43+03:30,14900.0,0.27,14680.0,-1.21,14860.0,14440.0,14430.0,15090.0,111.0,1549193.0,22748136890.0,15300.0,14420,161.0,91.2,1,74,سهم,خدمات فنی و مهندسی,بازار پایه فرابورس,بازار پایه زرد فرابورس,0.0,161.0,0.0,290000000.0,,1452350.0,14780.0,15680.0,10550.0,28200.0,2026-10-04,4257200000000.0,1526146.0,37,22403823280.0,0.0,0,0.0,1526146.0,43,22403823280.0,0.0,0,0.0,605508737.2972972,521019146.04651165,1.162,0.0,1,10000,14910.0,14970.0,149590,4,2,15003,14900.0,14990.0,16933,3,1,20745,14890.0,15000.0,48260,2,1,10000,14680.0,15030.0,9000,2,1,30000,14670.0,15040.0,38099,2,,,,,,,,,,,,,,,,
23051394170255214,طستا8062,اختیارف شستا-4000-1405/08/13,2026-10-04T09:26:36+03:30,501.0,0.0,508.0,1.4,501.0,510.0,501.0,510.0,2.0,600.0,305100000.0,100000.0,1,0.0,,1.0,39,اختیار معامله,,,,,,,,,,,,,,,,600.0,2,304800.0,0.0,0,0.0,600.0,1,304800.0,0.0,0,0.0,152400.0,304800.0,0.5,0.0,1,100,112.0,800.0,140,1,1,9,111.0,990.0,30,1,2,1025,12.0,999.0,89,1,1,52,2.0,0.0,0,0,1,100,1.0,0.0,0,0,,,,,,شستا,2400322364771558,3580,4000,1000,1405/06/28,1405/08/13,31,فروش,1129,2142000000.0
23057054429385634,طخود8053,اختیارف خودرو-360-1405/08/06,2026-10-04T09:13:29+03:30,1.0,-50.0,1.0,-50.0,2.0,1.0,1.0,1.0,1.0,754.0,754000.0,100000.0,1,0.0,,1.0,34,اختیار معامله,,,,,,,,,,,,,,,,754.0,1,754.0,0.0,0,0.0,754.0,1,754.0,0.0,0,0.0,754.0,754.0,1.0,0.0,20,19246,1.0,2.0,5889,6,0,0,0.0,3.0,1000,1,0,0,0.0,4.0,1000,1,0,0,0.0,5.0,1000,1,0,0,0.0,6.0,1000,1,,,,,,خودرو,65883838195688438,716,360,1000,1405/05/10,1405/08/06,24,فروش,31515,533078000.0
23086515493897579,ولغدر,لیزینگخودروغدیر,2026-10-04T09:29:49+03:30,3830.0,2.96,3830.0,2.96,3720.0,3830.0,3830.0,3830.0,34.0,1892348.0,7247692840.0,3830.0,3610,80.0,47.9,1,58,سهم,سایر واسطه گریهای مالی,بازار بورس,بازار دوم (تابلوی اصلی) بورس,10.85,80.0,0.0,2400000000.0,36.0,20987447.0,3470.0,3720.0,1671.0,3960.0,2026-10-04,9192000000000.0,1592348.0,5,6098692840.0,0.0,0,0.0,1592348.0,24,6098692840.0,0.0,0,0.0,1219738568.0,254112201.66666666,4.8,0.0,319,87540519,3830.0,3860.0,7313,4,1,5393,3760.0,0.0,0,0,1,25000,3720.0,0.0,0,0,1,2740,3650.0,0.0,0,0,1,300000,3640.0,0.0,0,0,,,,,,,,,,,,,,,,
23175320865252772,وسالت,بانک قرض الحسنه رسالت,2026-10-04T09:28:31+03:30,4050.0,1.76,4040.0,1.51,3980.0,4050.0,4030.0,4050.0,46.0,821412.0,3322463570.0,4050.0,3910,-1623.0,-2.5,1,57,سهم,بانکها و موسسات اعتباری,بازار پایه فرابورس,بازار پایه نارنجی فرابورس,0.0,-1623.0,0.0,12000000000.0,,10079171.0,3780.0,3980.0,3340.0,5680.0,2026-10-04,48480000000000.0,821412.0,20,3318504480.0,0.0,0,0.0,774336.0,27,3128317440.0,47076.0,1,190187040.0,165925224.0,115863608.88888888,1.432,190187040.0,1,15000,4040.0,4050.0,793283,17,2,30819,4030.0,4300.0,5000,1,1,70000,3990.0,0.0,0,0,1,50000,3970.0,0.0,0,0,6,179687,3910.0,0.0,0,0,,,,,,,,,,,,,,,,
23214828924506640,پکرمان,گروه صنعتی بارز,2026-10-04T09:29:44+03:30,7870.0,-2.48,7850.0,-2.73,8070.0,7850.0,7830.0,7970.0,304.0,10504374.0,82415845380.0,8310.0,7830,953.0,8.2,1,25,سهم,لاستیک و پلاستیک,بازار بورس,بازار دوم (تابلوی اصلی) بورس,8.4,953.0,10994.072,19693000000.0,17.0,35717782.0,7660.0,8110.0,5000.0,8260.0,2026-10-04,154590050000000.0,7497363.0,127,58854299550.0,2797876.0,3,21963326600.0,9110239.0,103,71515376150.0,1185000.0,1,9302250000.0,463419681.496063,694324040.2912621,0.667,-12661076600.0,2,193477,7870.0,7880.0,120000,1,3,20700,7850.0,7890.0,101598,1,4,353000,7840.0,7910.0,50000,1,9,1340567,7830.0,7950.0,16919,2,1,2920,7040.0,7960.0,10000,1,,,,,,,,,,,,,,,,
23269285154135003,جوین,کشت و صنعت جوین,2026-10-04T09:29:42+03:30,6850.0,-1.86,6970.0,-0.14,6980.0,6960.0,6790.0,7050.0,97.0,3406434.0,23508995200.0,7180.0,6780,765.0,9.1,24980047,01,سهم,زراعت و خدمات وابسته,بازار پایه فرابورس,بازار پایه زرد فرابورس,0.0,765.0,6685.0674,14910480000.0,,24347118.0,6950.0,7340.0,3001.0,7340.0,2026-10-04,103926045600000.0,3057069.0,30,21307770930.0,270476.0,3,1885217720.0,3327545.0,36,23192988650.0,0.0,0,0.0,710259031.0,644249684.7222222,1.102,-1885217720.0,1,216111,6850.0,6950.0,35000,2,1,18083,6830.0,6960.0,118048,6,3,140000,6820.0,6970.0,23720,1,3,156365,6800.0,6980.0,215057,3,6,943502,6790.0,7000.0,600000,4,,,,,,,,,,,,,,,,
23293437377896568,تاصیکو,سرمایه گذاری صدرتامین,2026-10-04T09:29:48+03:30,37890.0,2.99,37890.0,2.99,36790.0,37890.0,37890.0,37890.0,4809.0,60482193.0,2291670292770.0,37890.0,35690,560.0,67.7,1,13,سهم,استخراج کانه های فلزی,بازار بورس,بازار اول (تابلوی اصلی) بورس,15.49,560.0,0.0,95500000000.0,17.0,79214539.0,34680.0,36790.0,9400.0,36790.0,2026-10-04,3618495000000000.0,57002058.0,1614,2159807977620.0,3480000.0,25,131857200000.0,5919058.0,235,224273107620.0,54563000.0,3,2067392070000.0,1338170989.851301,954353649.4468085,1.402,1935534870000.0,8702,136540386,37890.0,0.0,0,0,15,40748,37880.0,0.0,0,0,6,14261,37870.0,0.0,0,0,5,14000,37850.0,0.0,0,0,31,124331,37800.0,0.0,0,0,صف خرید,,,,,,,,,,,,,,,
23353689102956991,دکوثر,داروسازی کوثر,2026-10-04T09:29:40+03:30,20760.0,-2.99,21160.0,-1.12,21400.0,21950.0,20760.0,21950.0,520.0,8752030.0,185157462930.0,22040.0,20760,1031.0,20.5,1,43,سهم,مواد و محصولات دارویی,بازار بورس,بازار دوم (تابلوی فرعی) بورس,14.67,1031.0,4270.757,3400000000.0,38.0,26108831.0,20660.0,22400.0,7480.0,22500.0,2026-10-04,71944000000000.0,7608730.0,167,161000726800.0,1143000.0,1,24185880000.0,7349844.0,181,155522699040.0,1401886.0,1,29663907760.0,964076208.3832335,859241431.160221,1.122,5478027760.0,1,251,20000.0,20760.0,6898955,137,1,255,19680.0,20770.0,57000,4,1,258,19440.0,20800.0,54250,3,1,300,18920.0,20810.0,1240,2,0,0,0.0,20900.0,7800,2,,,,,,,,,,,,,,,,
23374429962331387,کتوسعه,توسعه صنایع و معادن کوثر,2026-10-04T09:29:24+03:30,19050.0,-2.66,19090.0,-2.45,19570.0,19450.0,19010.0,19450.0,67.0,23002.0,439007250.0,20150.0,18990,1794.0,10.6,1,14,سهم,استخراج سایر معادن,بازار فرابورس,بازار اول فرابورس,9.92,1794.0,6820.226,1070000000.0,,1567154.0,19450.0,20500.0,11960.0,22000.0,2026-10-04,20426300000000.0,22997.0,19,439012730.0,5.0,1,95450.0,23002.0,48,439108180.0,0.0,0,0.0,23105933.157894738,9148087.083333332,2.526,-95450.0,1,270,19050.0,19090.0,45,1,2,3059,19040.0,19100.0,1151,16,5,16242,19020.0,19200.0,44,1,4,26158,19010.0,19390.0,44,1,8,107315,19000.0,19400.0,344,1,,,,,,,,,,,,,,,,
23441366113375722,پارسان,گسترش نفت و گاز پارسیان,2026-10-04T09:29:45+03:30,35920.0,-2.34,35730.0,-2.85,36780.0,35980.0,35680.0,36740.0,944.0,10883496.0,388870403100.0,37880.0,35680,3483.0,10.3,1,44,سهم,محصولات شیمیایی,بازار بورس,بازار اول (تابلوی فرعی) بورس,10.13,3483.0,0.0,121500000000.0,18.0,40181290.0,35110.0,37870.0,22710.0,86400.0,2026-10-04,4341195000000000.0,4299855.0,196,153633819150.0,6552937.0,5,234136439010.0,2567582.0,111,91739704860.0,8285210.0,6,296030553300.0,783846016.0714285,826483827.5675675,0.948,61894114290.0,1,29565,35840.0,35910.0,29272,1,1,5000,35830.0,35920.0,29446,1,2,30558,35810.0,35930.0,60000,2,1,20000,35800.0,35940.0,60000,2,4,2710,35780.0,35960.0,10000,2,,,,,,,,,,,,,,,,
23498719713662118,اونیکس,ص.س.درآمد ثابت کیمیا-د,2026-10-04T09:29:36+03:30,25147.0,0.13,25147.0,0.13,25115.0,25147.0,25147.0,25148.0,224.0,9193766.0,231196794913.0,25868.0,24362,0.0,,1,68,صندوق,صندوق سرمایه گذاری قابل معامله,بازار فرابورس,بازار ابزارهاي نوين مالي فرابورس,1067.75,,0.0,12000000000.0,,237344573.0,25048.0,25116.0,18255.0,25116.0,2026-10-04,301764000000000.0,2141050.0,56,53840984350.0,7052546.0,2,177350374262.0,7530100.0,129,189359424700.0,1663496.0,2,41831933912.0,961446149.1071429,1467902517.0542636,0.655,-135518440350.0,6,242947664,25147.0,25148.0,69429065,14,1,1000000,25146.0,25149.0,1000000,1,1,1000000,25145.0,25150.0,1000000,1,1,1000000,25144.0,25151.0,1000000,1,1,1000000,25143.0,25152.0,1000000,1,,25117.0,25141.0,2026-10-04T09:21:02+03:30,0.12,,,,,,,,,,,
23557166059925779,فصبا,صبا فولاد خلیج فارس,2026-10-04T09:29:44+03:30,4160.0,-2.8,4160.0,-2.8,4280.0,4170.0,4160.0,4210.0,215.0,8485193.0,35316328100.0,4400.0,4160,178.0,23.4,1,27,سهم,فلزات اساسی,بازار فرابورس,بازار دوم فرابورس,8.72,178.0,6396.77,50000000000.0,,69015091.0,4170.0,4490.0,2071.0,4490.0,2026-10-04,208000000000000.0,4273218.0,97,17776586880.0,4200000.0,3,17472000000.0,5551693.0,49,23095042880.0,2921525.0,1,12153544000.0,183263782.26804122,471327405.71428573,0.389,-5318456000.0,1,1500,3920.0,4160.0,74460136,379,1,3000,3830.0,4170.0,1690076,8,1,8000,3440.0,4180.0,21242,3,1,2500,2920.0,4200.0,146323,5,0,0,0.0,4210.0,106547,4,,,,,,,,,,,,,,,,
23600798892801694,قچار,فراوردههای غذایی وقند چهارمحال,2026-10-04T09:29:50+03:30,5800.0,1.22,5810.0,1.4,5730.0,5900.0,5770.0,5900.0,333.0,12491072.0,72553074960.0,5900.0,5560,655.0,8.9,1,38,سهم,قند و شکر,بازار فرابورس,بازار دوم فرابورس,10.14,655.0,4695.9463,9450000000.0,,57556661.0,5460.0,5810.0,3010.0,5900.0,2026-10-04,54904500000000.0,8117861.0,126,47164772410.0,4073211.0,2,23665355910.0,8884390.0,121,51618305900.0,3306682.0,2,19211822420.0,374323590.5555556,426597569.4214876,0.877,-4453533490.0,3,186758,5800.0,5810.0,167160,1,4,488740,5790.0,5860.0,121448,4,9,377775,5780.0,5870.0,431707,4,4,141000,5770.0,5880.0,255000,3,4,176968,5750.0,5890.0,549406,11,,,,,,,,,,,,,,,,
23605921166777827,طستا7066,اختیارف شستا-4500-1405/07/15,2026-10-04T09:26:49+03:30,770.0,0.0,781.0,1.43,770.0,799.0,770.0,800.0,7.0,501.0,391184000.0,100000.0,1,0.0,,1.0,39,اختیار معامله,,,,,,,,,,,,,,,,501.0,4,391281.0,0.0,0,0.0,501.0,3,391281.0,0.0,0,0.0,97820.25,130427.0,0.75,0.0,1,683,770.0,900.0,10,1,2,15,700.0,1000.0,30,1,1,50,500.0,0.0,0,0,1,100,1.0,0.0,0,0,0,0,0.0,0.0,0,0,,,,,,شستا,2400322364771558,3580,4500,1000,1405/06/28,1405/07/15,3,فروش,1832,1788570000.0
23609214278467198,ثروت ساز,صندوق س ثروت ساز دیبا-سهام,2026-10-04T09:04:48+03:30,32930.0,2.99,32917.0,2.95,31973.0,31201.0,31201.0,32930.0,2.0,4030.0,132656030.0,32932.0,31014,0.0,,1,68,صندوق,صندوق سرمایه گذاری قابل معامله,بازار بورس,بازار صندوق های قابل معامله,0.0,,0.0,200000000.0,,545939.0,30400.0,32670.0,13090.0,32670.0,2026-10-04,6583400000000.0,30.0,1,987510.0,4000.0,1,131668000.0,4030.0,2,132655510.0,0.0,0,0.0,987510.0,66327755.0,0.015,-131668000.0,2,50120,31201.0,32300.0,97450,1,1,30000,31200.0,32897.0,33775,1,1,150,31101.0,32898.0,3800,1,1,30000,31100.0,32899.0,90580,2,1,178,31015.0,32900.0,47000,3,,32804.0,33172.0,2026-10-04T09:20:37+03:30,0.34,,,,,,,,,,,
23697728929516230,ضصاد7042,اختیارخ وبصادر-700-1405/07/22,2026-10-04T09:23:06+03:30,173.0,-27.92,179.0,-25.42,240.0,190.0,173.0,190.0,9.0,2654.0,475130000.0,100000.0,1,0.0,,1.0,57,اختیار معامله,,,,,,,,,,,,,,,,2601.0,4,465579.0,53.0,1,9487.0,2654.0,2,475066.0,0.0,0,0.0,116394.75,237533.0,0.49,-9487.0,1,1000,180.0,238.0,50,1,2,2000,177.0,248.0,500,1,1,1000,176.0,249.0,220,3,1,1000,174.0,250.0,500,1,1,1000,171.0,270.0,401,2,,,,,,وبصادر,28320293733348826,909,700,1000,1405/03/23,1405/07/22,10,خرید,533490,2409832000.0
23837844039713715,کفرا,فراورده های نسوزایران,2026-10-04T09:29:41+03:30,5050.0,2.64,4990.0,1.42,4920.0,4990.0,4800.0,5060.0,643.0,52168300.0,260221250300.0,5060.0,4780,-70.0,-71.3,1,54,سهم,سایر محصولات کانی غیرفلزی,بازار بورس,بازار دوم (تابلوی فرعی) بورس,14.81,-70.0,1240.0042,19717255500.0,34.0,41625378.0,4660.0,4930.0,1109.0,5130.0,2026-10-04,98389104945000.0,47359554.0,149,236324174460.0,4508746.0,3,22498642540.0,47461646.0,155,236833613540.0,4406654.0,2,21989203460.0,1586068284.966443,1527958797.032258,1.038,-509439080.0,5,261785,5040.0,5050.0,676361,4,2,25942,5030.0,5060.0,8361984,43,1,102106,5020.0,5100.0,8100,2,1,50000,5000.0,0.0,0,0,1,71463,4950.0,0.0,0,0,,,,,,,,,,,,,,,,
23891830829322971,بایکا,کارخانجات کابلسازی ایران,2026-10-04T09:29:10+03:30,30010.0,-2.91,30890.0,-0.06,30910.0,30000.0,29990.0,30010.0,5.0,10253.0,307555030.0,31830.0,29990,523.0,59.1,436257,31,سهم,ماشین آلات و دستگاههای برقی,بازار پایه فرابورس,بازار پایه زرد فرابورس,0.0,523.0,0.0,504734248.0,,292885.0,30000.0,31760.0,14710.0,31760.0,2026-10-03,15591240920720.0,10253.0,3,316715170.0,0.0,0,0.0,10253.0,3,316715170.0,0.0,0,0.0,105571723.33333333,105571723.33333333,1.0,0.0,1,2497,30010.0,30300.0,3939,1,2,3508,30000.0,31800.0,5136,2,1,1710,29990.0,31810.0,24930,1,0,0,0.0,31820.0,27356,4,0,0,0.0,31830.0,18028,4,,,,,,,,,,,,,,,,
23896567961152218,ضملی8095,اختیارخ فملی-26000-1405/08/06,2026-10-04T09:29:31+03:30,4736.0,-4.57,4596.0,-7.39,4963.0,6000.0,4002.0,6000.0,52.0,1257.0,5777546000.0,100000.0,1,0.0,,1.0,27,اختیار معامله,,,,,,,,,,,,,,,,1257.0,29,5777172.0,0.0,0,0.0,36.0,5,165456.0,1221.0,1,5611716.0,199212.8275862069,33091.200000000004,6.02,5611716.0,2,111,4740.0,5080.0,19,1,1,5,4735.0,5095.0,25,1,1,100,4730.0,5224.0,10,1,1,2,4721.0,5500.0,23,3,2,11,4716.0,5943.0,10,1,,,,,,فملی,35425587644337450,28740,26000,1000,1405/07/07,1405/08/06,24,خرید,13358,31329480000.0
23936607891892333,چافست,افست,2026-10-04T09:21:35+03:30,25520.0,2.99,25520.0,2.99,24780.0,25520.0,25520.0,25520.0,17.0,116303.0,2968052560.0,25520.0,24040,4380.0,5.8,1,22,سهم,انتشار، چاپ و تکثیر,بازار بورس,بازار اول (تابلوی فرعی) بورس,5.83,4380.0,11922.374,1930000000.0,31.0,3429389.0,23360.0,24780.0,9340.0,25200.0,2026-10-04,49253600000000.0,116303.0,2,2968052560.0,0.0,0,0.0,16303.0,13,416052560.0,100000.0,1,2552000000.0,1484026280.0,32004043.076923076,46.37,2552000000.0,659,53190678,25520.0,0.0,0,0,15,1500000,25250.0,0.0,0,0,1,300,25230.0,0.0,0,0,1,1000,25210.0,0.0,0,0,1,6213,24780.0,0.0,0,0,صف خرید,,,,,,,,,,,,,,,
23953663226548375,ضهرم7061,اختیارخ اهرم-56000-1405/07/29,2026-10-04T09:28:35+03:30,16999.0,-4.91,16603.0,-7.12,17876.0,16032.0,13210.0,16999.0,11.0,123.0,2042211000.0,500000.0,1,0.0,,1.0,68,اختیار معامله,,,,,,,,,,,,,,,,73.0,5,1212019.0,50.0,1,830150.0,123.0,6,2042169.0,0.0,0,0.0,242403.8,340361.5,0.712,-830150.0,1,10,13352.0,17200.0,3,1,1,60,13350.0,17499.0,1,1,1,200,13300.0,17999.0,50,2,1,29,13280.0,18499.0,1001,2,2,201,13250.0,18500.0,55,2,,,,,,اهرم,17914401175772326,72311,56000,1000,1405/05/03,1405/07/29,17,خرید,189145,4816362000.0
23965926798464043,ضجار8026,اختیارخ وتجارت-591-1405/08/20,2026-10-04T09:28:04+03:30,350.0,5.11,350.0,5.11,333.0,350.0,350.0,350.0,3.0,17.0,5950000.0,100000.0,1,0.0,,1.0,57,اختیار معامله,,,,,,,,,,,,,,,,17.0,1,5950.0,0.0,0,0.0,17.0,3,5950.0,0.0,0,0.0,5950.0,1983.3333333333335,3.0,0.0,1,10,300.0,380.0,1089,2,1,260,255.0,400.0,393,1,2,600,251.0,430.0,1000,1,1,1000,220.0,480.0,1000,1,1,100,1.0,0.0,0,0,,,,,,وتجارت,63917421733088077,899,591,1000,1405/04/21,1405/08/20,38,خرید,150999,0.0
23987032676658778,ضصاد9036,اختیارخ وبصادر-500-1405/09/18,2026-10-04T09:06:08+03:30,480.0,-3.81,480.0,-3.81,499.0,480.0,480.0,480.0,1.0,2.0,960000.0,100000.0,1,0.0,,1.0,57,اختیار معامله,,,,,,,,,,,,,,,,2.0,1,960.0,0.0,0,0.0,2.0,1,960.0,0.0,0,0.0,960.0,960.0,1.0,0.0,1,20,400.0,600.0,13,1,1,100,1.0,0.0,0,0,0,0,0.0,0.0,0,0,0,0,0.0,0.0,0,0,0,0,0.0,0.0,0,0,,,,,,وبصادر,28320293733348826,909,500,1000,1405/05/24,1405/09/18,66,خرید,24559,1828000.0
24079409192818584,پدرخش,درخشان تهران,2026-10-04T09:29:48+03:30,6150.0,-0.32,6020.0,-2.43,6170.0,6020.0,5990.0,6300.0,173.0,4786887.0,28814280720.0,6350.0,5990,534.0,11.3,1,25,سهم,لاستیک و پلاستیک,بازار بورس,بازار دوم (تابلوی فرعی) بورس,8.4,534.0,2330.0552,1130735000.0,74.0,15471423.0,6070.0,6450.0,3624.0,7390.0,2026-10-04,6807024700000.0,4781887.0,87,28786959740.0,0.0,0,0.0,4781887.0,47,28786959740.0,0.0,0,0.0,330884594.7126437,612488505.106383,0.54,0.0,1,25880,6090.0,6140.0,300000,1,2,10000,6080.0,6150.0,367180,3,2,324986,6070.0,6190.0,245373,7,2,82726,6020.0,6200.0,302911,3,2,282191,6010.0,6210.0,51000,2,,,,,,,,,,,,,,,,
24085906177899789,کترام,تولیدی کاشی تکسرام,2026-10-04T09:28:43+03:30,3590.0,2.28,3540.0,0.85,3510.0,3580.0,3480.0,3590.0,49.0,1675209.0,5925978300.0,3610.0,3410,18.0,196.7,1,49,سهم,کاشی و سرامیک,بازار بورس,بازار اول (تابلوی فرعی) بورس,8.38,18.0,1775.1422,2696407000.0,65.0,15657405.0,3300.0,3610.0,1617.0,3890.0,2026-10-04,9545280780000.0,1675209.0,14,5930239860.0,0.0,0,0.0,1525209.0,29,5399239860.0,150000.0,1,531000000.0,423588561.4285714,186180684.8275862,2.275,531000000.0,1,300000,3550.0,3590.0,153500,2,2,25163,3540.0,3600.0,452340,6,2,147133,3520.0,3610.0,1116541,21,2,48423,3510.0,3780.0,3972,1,3,158917,3500.0,0.0,0,0,,,,,,,,,,,,,,,,
24198960406596014,پاداش2,صندوق س. ارزش پاداش-د,2026-10-04T08:50:47+03:30,1.0,-100.0,1.0,-100.0,28842.0,1.0,1.0,1.0,15.0,145400000.0,145400000.0,1.0,1,0.0,,1,68,صندوق,صندوق سرمایه گذاری قابل معامله,بازار فرابورس,بازار ابزارهاي نوين مالي فرابورس,1067.75,,0.0,4650000000.0,,173328571.0,1.0,1.0,1.0,1.0,2026-10-04,4650000000.0,0.0,0,0.0,145400000.0,2,145400000.0,0.0,0,0.0,145400000.0,2,145400000.0,,,,0.0,0,0,0.0,0.0,0,0,,,,,,,,,,,,,,,,,,,,,,,,,,,,,,,,,,,,,,,,
24212636157410845,وآرین,گروه توسعه اقتصادی آرین,2026-10-04T09:16:43+03:30,2834.0,-2.38,2833.0,-2.41,2903.0,2830.0,2830.0,2834.0,7.0,99380.0,281545419.0,2990.0,2816,62.0,45.7,1,56,سهم,سرمایه گذاریها,بازار پایه فرابورس,بازار پایه زرد فرابورس,0.0,62.0,0.0,4000000000.0,,12005792.0,2746.0,2964.0,1144.0,3220.0,2026-10-04,11332000000000.0,99380.0,5,281543540.0,0.0,0,0.0,99380.0,5,281543540.0,0.0,0,0.0,56308708.0,56308708.0,1.0,0.0,1,20000,2845.0,2940.0,33168,2,1,84300,2844.0,2964.0,2500,1,1,50000,2843.0,2965.0,242490,2,1,50000,2842.0,2980.0,293000,2,1,22000,2840.0,2988.0,22500,2,,,,,,,,,,,,,,,,
24253947487334809,معین,بیمه ایران - معین,2026-10-04T09:29:45+03:30,3530.0,0.28,3570.0,1.42,3520.0,3610.0,3490.0,3610.0,236.0,27569776.0,98388991860.0,3620.0,3420,644.0,5.5,1,66,سهم,بیمه وصندوق بازنشستگی به جزتامین اجتماعی,بازار فرابورس,بازار دوم فرابورس,18.61,644.0,0.0,23000000000.0,,40834622.0,3330.0,3570.0,1777.0,3570.0,2026-10-04,82110000000000.0,10604529.0,23,37858168530.0,16362389.0,3,58413728730.0,26736918.0,60,95450797260.0,230000.0,1,821100000.0,1646007327.3913043,1590846621.0,1.035,-57592628730.0,1,128284,3530.0,3580.0,933530,5,4,210000,3520.0,3590.0,2000,1,2,32000,3510.0,3600.0,153666,5,5,641800,3500.0,3610.0,504014,10,3,54485,3490.0,3620.0,1957709,21,,,,,,,,,,,,,,,,
24254843881948059,چکاوه,صنایعکاغذسازیکاوه,2026-10-04T09:29:19+03:30,15680.0,2.95,15680.0,2.95,15230.0,15680.0,15680.0,15680.0,19.0,102564.0,1608203520.0,15680.0,14780,-2017.0,-7.8,1,21,سهم,محصولات کاغذی,بازار بورس,بازار دوم (تابلوی فرعی) بورس,16.91,-2017.0,17094.117,700000000.0,34.0,10944623.0,13660.0,15230.0,5290.0,15230.0,2026-10-04,10976000000000.0,102564.0,3,1608203520.0,0.0,0,0.0,102564.0,16,1608203520.0,0.0,0,0.0,536067840.0,100512720.0,5.333,0.0,335,27939341,15680.0,0.0,0,0,1,6600,15240.0,0.0,0,0,7,194790,15230.0,0.0,0,0,1,100000,15000.0,0.0,0,0,1,6713,14840.0,0.0,0,0,صف خرید,,,,,,,,,,,,,,,
24303422207378456,غالبر,لبنیات کالبر,2026-10-04T09:29:24+03:30,31500.0,-2.33,31310.0,-2.91,32250.0,32250.0,31290.0,32250.0,375.0,1481354.0,46387473590.0,33210.0,31290,-720.0,-43.5,1,42,سهم,محصولات غذایی و آشامیدنی به جز قند و شکر,بازار بورس,بازار دوم (تابلوی اصلی) بورس,9.48,-720.0,4641.24,462000000.0,59.0,5631540.0,31290.0,33850.0,22310.0,50500.0,2026-10-04,14465220000000.0,1481354.0,196,46381193740.0,0.0,0,0.0,1481354.0,93,46381193740.0,0.0,0,0.0,236638743.57142857,498722513.3333333,0.474,0.0,1,13908,31500.0,31600.0,300,1,4,10590,31300.0,31650.0,10000,1,17,88939,31290.0,31900.0,5740,1,1,170,30850.0,31910.0,3000,1,0,0,0.0,31960.0,10160,2,,,,,,,,,,,,,,,,
24423504598053575,ضخود8062,اختیارخ خودرو-750-1405/08/06,2026-10-04T09:29:48+03:30,68.0,11.48,62.0,1.64,61.0,59.0,55.0,71.0,1762.0,699182.0,43691666000.0,100000.0,1,0.0,,1.0,34,اختیار معامله,,,,,,,,,,,,,,,,690313.0,189,42799406.0,6349.0,1,393638.0,687662.0,160,42635044.0,9000.0,1,558000.0,226451.8835978836,266469.02499999997,0.85,164362.0,6,5817,68.0,69.0,12190,14,11,7329,67.0,70.0,9572,14,9,4503,66.0,71.0,14017,15,7,1735,65.0,72.0,5134,7,3,1130,64.0,73.0,5601,10,,,,,,خودرو,65883838195688438,716,750,1000,1405/05/10,1405/08/06,24,خرید,6370554,437026352000.0
24651394045981418,تاراز,صندوق س آوای تاراز زاگرس-سهام,2026-10-04T09:01:14+03:30,58782.0,1.55,58782.0,1.55,57885.0,58782.0,58782.0,58782.0,1.0,16.0,940512.0,59621.0,56149,0.0,,1,68,صندوق,صندوق سرمایه گذاری قابل معامله,بازار بورس,بازار صندوق های قابل معامله,0.0,,0.0,500000000.0,,1080890.0,56850.0,59085.0,21190.0,59085.0,2026-10-04,29391000000000.0,16.0,1,940512.0,0.0,0,0.0,0.0,0,0.0,16.0,1,940512.0,940512.0,,,940512.0,1,200000,58200.0,58782.0,201161,3,1,200000,58150.0,59621.0,697,2,1,200000,58100.0,0.0,0,0,1,200000,58050.0,0.0,0,0,1,200000,58000.0,0.0,0,0,,58087.0,58581.0,2026-10-04T09:21:18+03:30,1.2,,,,,,,,,,,
24653108506137885,کانسار,معدنکاران نسوز,2026-10-04T09:29:41+03:30,14300.0,-0.21,14210.0,-0.84,14330.0,14400.0,14040.0,14400.0,148.0,718489.0,10211532680.0,14750.0,13910,1483.0,9.6,1,14,سهم,استخراج سایر معادن,بازار فرابورس,بازار دوم فرابورس,9.92,1483.0,2553.1025,5600000000.0,,11155811.0,14120.0,14900.0,12120.0,73900.0,2026-10-04,79576000000000.0,516402.0,32,7338072420.0,200148.0,2,2844103080.0,716550.0,83,10182175500.0,0.0,0,0.0,229314763.125,122676813.25301205,1.869,-2844103080.0,2,14673,14260.0,14300.0,43225,1,2,3940,14250.0,14340.0,532,3,2,2402,14220.0,14350.0,14344,1,3,11684,14200.0,14360.0,1000,1,1,5500,14170.0,14380.0,9416,3,,,,,,,,,,,,,,,,
24662567615903665,وسنا,سرمایه گذاری نیروگاهی ایران,2026-10-04T09:25:01+03:30,50590.0,-2.99,50590.0,-2.99,52150.0,50590.0,50590.0,50590.0,46.0,621070.0,31419931300.0,53710.0,50590,998.0,50.7,1,56,سهم,سرمایه گذاریها,بازار پایه فرابورس,بازار پایه زرد فرابورس,0.0,998.0,0.0,3458607000.0,,3449812.0,51000.0,54800.0,12560.0,54800.0,2026-10-04,174970928130000.0,74014.0,14,3744368260.0,547056.0,1,27675563040.0,591070.0,16,29902231300.0,30000.0,1,1517700000.0,267454875.7142857,1868889456.25,0.143,-26157863040.0,1,5000,25030.0,50590.0,7286393,327,0,0,0.0,51000.0,130,1,0,0,0.0,52130.0,62000,3,0,0,0.0,52200.0,5000,1,0,0,0.0,52790.0,1000,1,,,,,,,,,,,,,,,,
24696953498398744,شگستر,گسترش سوخت سبززاگرس(سهامی عام),2026-10-04T09:29:40+03:30,2427.0,2.97,2426.0,2.93,2357.0,2427.0,2360.0,2427.0,2980.0,913981386.0,2217134951870.0,2427.0,2287,36.0,67.4,16393788,44,سهم,محصولات شیمیایی,بازار بورس,بازار سرمایه گذاری حرفه ای,10.13,36.0,691.30975,40984469209.0,,316233101.0,2223.0,2357.0,780.0,2357.0,2026-10-04,99428322301034.0,785981386.0,976,1906790842436.0,127000000.0,15,308102000000.0,842282769.0,590,2043377997594.0,70698617.0,8,171514844842.0,1953679141.840164,3463352538.294915,0.564,-136587155158.0,263,168978223,2427.0,0.0,0,0,5,169252,2426.0,0.0,0,0,6,134000,2425.0,0.0,0,0,3,110000,2423.0,0.0,0,0,5,135200,2420.0,0.0,0,0,صف خرید,,,,,,,,,,,,,,,
24907784641855842,استیل,صندوق س صنایع مفید1- بخشی,2026-10-04T09:29:42+03:30,42499.0,0.63,41775.0,-1.08,42231.0,42850.0,41500.0,42850.0,540.0,3644145.0,152234643571.0,43497.0,40965,0.0,,1,68,صندوق,صندوق سرمایه گذاری قابل معامله,بازار بورس,بازار صندوق های قابل معامله,0.0,,0.0,3000000000.0,,18001842.0,40500.0,43159.0,11910.0,43159.0,2026-10-04,125325000000000.0,3380891.0,199,141236721525.0,253254.0,2,10579685850.0,3361212.0,191,140414631300.0,272933.0,2,11401776075.0,709732268.9698493,735155137.696335,0.965,822090225.0,1,2352,42421.0,42492.0,5000,1,3,11439,42420.0,42499.0,4796,3,2,50024,42414.0,42500.0,56750,6,1,50000,42400.0,42523.0,2000,1,3,1300,42360.0,42591.0,500,1,,41986.0,42412.0,2026-10-04T09:20:04+03:30,-0.5,,,,,,,,,,,
24956402473609240,ضتوان734,اختیارخ توان-55000-14050726,2026-10-04T09:18:12+03:30,24000.0,50.0,24000.0,50.0,16000.0,24000.0,24000.0,24000.0,1.0,2.0,48000000.0,1000000.0,1,0.0,,1.0,68,اختیار معامله,,,,,,,,,,,,,,,,2.0,1,48000.0,0.0,0,0.0,2.0,1,48000.0,0.0,0,0.0,48000.0,48000.0,1.0,0.0,1,3,12000.0,24000.0,98,1,1,100,1.0,26000.0,1,1,0,0,0.0,0.0,0,0,0,0,0.0,0.0,0,0,0,0,0.0,0.0,0,0,,,,,,توان,41927452991671109,69595,55000,1000,1405/05/27,1405/07/26,14,خرید,115,137684000.0
25001509088465005,کساوه,صنایع کاشی و سرامیک سینا,2026-10-04T09:29:45+03:30,32800.0,-1.06,32300.0,-2.56,33150.0,32160.0,32160.0,33130.0,111.0,960707.0,31035477670.0,34140.0,32160,4425.0,7.3,1,49,سهم,کاشی و سرامیک,بازار بورس,بازار اول (تابلوی فرعی) بورس,8.44,4425.0,18264.686,2500000000.0,22.0,6109770.0,31490.0,33420.0,9750.0,33420.0,2026-10-04,80750000000000.0,725122.0,36,23421440600.0,196624.0,2,6350955200.0,670707.0,19,21663836100.0,251039.0,2,8108559700.0,650595572.2222222,1140201900.0,0.571,1757604500.0,12,51039,32800.0,32900.0,30167,2,5,60830,32530.0,32950.0,30000,1,1,30000,32520.0,33000.0,31000,2,1,400,32510.0,33090.0,10000,1,1,306,32500.0,33120.0,5000,1,,,,,,,,,,,,,,,,
25010489461183396,فطلوع,طلوع فولاد پارس,2026-10-04T09:27:14+03:30,6900.0,2.99,6900.0,2.99,6700.0,6900.0,6900.0,6900.0,43.0,1790951.0,12357561900.0,6900.0,6500,34.0,202.9,1,27,سهم,فلزات اساسی,بازار پایه فرابورس,بازار پایه زرد فرابورس,0.0,34.0,0.0,26000000000.0,,27410230.0,6410.0,6790.0,1863.0,6790.0,2026-10-04,179400000000000.0,1790951.0,11,12357561900.0,0.0,0,0.0,1190951.0,23,8217561900.0,600000.0,1,4140000000.0,1123414718.181818,357285300.0,3.144,4140000000.0,159,26011789,6900.0,0.0,0,0,1,8000,6890.0,0.0,0,0,2,31840,6880.0,0.0,0,0,2,115652,6800.0,0.0,0,0,6,206848,6790.0,0.0,0,0,صف خرید,,,,,,,,,,,,,,,
25079426576214829,خبرنا,تولیدی برنا باطری,2026-10-04T09:29:43+03:30,8940.0,-0.78,8770.0,-2.66,9010.0,9000.0,8740.0,9000.0,365.0,6299925.0,55233241480.0,9280.0,8740,1058.0,8.3,1,34,سهم,خودرو و ساخت قطعات,بازار فرابورس,بازار دوم فرابورس,6.13,1058.0,7985.917,5000000000.0,,35273271.0,8770.0,9420.0,5080.0,9420.0,2026-10-04,43850000000000.0,5891425.0,120,51667797250.0,356076.0,1,3122786520.0,6247501.0,135,54790583770.0,0.0,0,0.0,430564977.0833334,405856176.0740741,1.061,-3122786520.0,3,178734,8930.0,8970.0,3500,1,1,12385,8880.0,8980.0,147551,1,1,14500,8870.0,8990.0,300000,1,2,129750,8820.0,9000.0,57866,5,4,81702,8770.0,9010.0,62200,3,,,,,,,,,,,,,,,,
25163849522701102,بانکو,صندوق س.بخشی صنایع آسمان1-ب,2026-10-04T09:25:05+03:30,19000.0,-2.09,19126.0,-1.44,19406.0,19970.0,19000.0,19970.0,4.0,3852.0,73672030.0,19988.0,18824,0.0,,1,68,صندوق,صندوق سرمایه گذاری قابل معامله,بازار فرابورس,بازار ابزارهاي نوين مالي فرابورس,1047.79,,0.0,1000000000.0,,9035291.0,19123.0,20380.0,10000.0,20405.0,2026-10-04,19126000000000.0,499.0,1,9543874.0,3353.0,1,64129478.0,3852.0,4,73673352.0,0.0,0,0.0,9543874.0,18418338.0,0.518,-64129478.0,2,1290,19001.0,19002.0,33377,1,1,6647,19000.0,19500.0,26957,2,1,11000,18987.0,19650.0,80000,1,1,10000,18973.0,19699.0,5010,2,1,9000,18968.0,19700.0,100365,4,,19156.0,19356.0,2026-10-04T09:21:04+03:30,-0.16,,,,,,,,,,,
25180702353416009,زدشت,کشت و صنعت دشت خرم دره,2026-10-04T09:27:04+03:30,9750.0,-1.61,9860.0,-0.5,9910.0,9970.0,9710.0,10080.0,86.0,1605067.0,15832539420.0,10200.0,9620,1023.0,9.6,1,01,سهم,زراعت و خدمات وابسته,بازار فرابورس,بازار اول فرابورس,8.71,1023.0,0.0,4200000000.0,,15431813.0,9630.0,10200.0,6570.0,43250.0,2026-10-04,41412000000000.0,813689.0,21,8022973540.0,791378.0,1,7802987080.0,1232533.0,32,12152775380.0,372534.0,2,3673185240.0,382046359.04761904,379774230.625,1.006,-4129801840.0,3,270340,9750.0,9820.0,4000,1,1,19377,9710.0,9830.0,99689,3,2,200603,9700.0,9940.0,50000,1,1,800,9690.0,9950.0,25475,2,1,600,9680.0,9960.0,52300,2,,,,,,,,,,,,,,,,
25211433301660888,خپارس,پارس خودرو,2026-10-04T09:29:44+03:30,2009.0,-1.86,1990.0,-2.78,2047.0,1986.0,1986.0,2026.0,882.0,151194672.0,300838836326.0,2108.0,1986,-1300.0,-1.5,1,34,سهم,خودرو و ساخت قطعات,بازار پایه فرابورس,بازار پایه زرد فرابورس,0.0,-1300.0,1145.6223,113568281447.0,,385847568.0,1996.0,2130.0,642.0,2266.0,2026-10-04,226000880079530.0,129791296.0,257,258284679040.0,21377376.0,1,42540978240.0,143168672.0,343,284905657280.0,8000000.0,5,15920000000.0,1004998751.1284046,830628738.425656,1.21,-26620978240.0,7,811864,2009.0,2018.0,468014,2,2,56474,2008.0,2020.0,1025000,2,3,359926,2006.0,2021.0,1026000,3,1,250000,2001.0,2023.0,1002500,2,6,1282186,2000.0,2025.0,5000,1,,,,,,,,,,,,,,,,
25215182208950217,وهور,گروه س.انرژی امید تابان هور,2026-10-04T09:29:46+03:30,2818.0,0.11,2786.0,-1.03,2815.0,2848.0,2735.0,2848.0,347.0,44986942.0,125324921284.0,2899.0,2731,230.0,12.1,1,40,سهم,عرضه برق، گاز، بخاروآب گرم,بازار فرابورس,بازار دوم فرابورس,10.28,230.0,0.0,80176283000.0,,142462244.0,2683.0,2847.0,1558.0,2889.0,2026-10-04,223371124438000.0,33595451.0,111,93596926486.0,10728574.0,5,29889807164.0,28757988.0,84,80119754568.0,15566037.0,2,43366979082.0,843215553.9279279,953806602.0,0.884,13477171918.0,4,515594,2814.0,2818.0,500000,1,3,1505139,2813.0,2819.0,1000000,2,1,12835,2797.0,2820.0,916019,2,1,28985,2788.0,2821.0,371046,1,1,197176,2783.0,2825.0,689498,2,,,,,,,,,,,,,,,,
25244329144808274,فارس,صنایع پتروشیمی خلیج فارس,2026-10-04T09:29:48+03:30,12910.0,-1.75,12830.0,-2.36,13140.0,12800.0,12770.0,12950.0,1743.0,44400347.0,569727961980.0,13530.0,12750,1498.0,8.6,1,44,سهم,محصولات شیمیایی,بازار بورس,بازار اول (تابلوی فرعی) بورس,10.12,1498.0,0.0,1250000000000.0,28.0,297836850.0,12600.0,13360.0,7980.0,13730.0,2026-10-04,1.60375e+16,12059656.0,386,154725386480.0,32171950.0,7,412766118500.0,36041606.0,451,462413804980.0,8190000.0,12,105077700000.0,400842970.1554404,1025307771.5742794,0.391,-307688418500.0,1,400,12840.0,12890.0,71964,1,5,37264,12830.0,12950.0,111259,6,4,103000,12820.0,12960.0,208000,5,9,363840,12810.0,12970.0,120000,4,22,1919441,12800.0,12980.0,356322,14,,,,,,,,,,,,,,,,
25286509736208688,فلامی,لامیران,2026-10-04T09:29:40+03:30,12090.0,2.98,12020.0,2.39,11740.0,12090.0,11860.0,12090.0,59.0,1182777.0,14217528040.0,12090.0,11390,586.0,20.5,1,28,سهم,ساخت محصولات فلزی,بازار بورس,بازار دوم (تابلوی فرعی) بورس,7.71,586.0,1756.9147,1160000000.0,31.0,3570738.0,10750.0,12040.0,5190.0,12040.0,2026-10-04,13943200000000.0,1156226.0,16,13897836520.0,0.0,0,0.0,1118777.0,24,13447699540.0,37449.0,1,450136980.0,868614782.5,560320814.1666667,1.55,450136980.0,3,21665,12000.0,12090.0,60392,1,1,16702,11930.0,0.0,0,0,1,5000,11920.0,0.0,0,0,1,10000,11910.0,0.0,0,0,1,10000,11870.0,0.0,0,0,,,,,,,,,,,,,,,,
25336820825905643,ونیکی,سرمایهگذاری ملیایران,2026-10-04T09:29:48+03:30,5630.0,-2.93,5640.0,-2.76,5800.0,5660.0,5630.0,5700.0,401.0,11252679.0,63408996910.0,5970.0,5630,692.0,8.2,1,39,سهم,شرکتهای چند رشته ای صنعتی,بازار بورس,بازار اول (تابلوی فرعی) بورس,11.51,692.0,0.0,120000000000.0,13.0,58132316.0,5600.0,6070.0,4153.0,6850.0,2026-10-04,676800000000000.0,6965494.0,174,39285386160.0,3604650.0,4,20330226000.0,9783144.0,100,55176932160.0,787000.0,1,4438680000.0,225778081.37931034,551769321.6,0.409,-15891546000.0,2,15975,5620.0,5630.0,8048101,87,1,1436,5580.0,5640.0,20609,2,1,1003,5520.0,5700.0,106000,3,4,27005,5490.0,5730.0,120200,3,1,1000,5360.0,5750.0,52400,6,,,,,,,,,,,,,,,,
25357135030606405,تنوین,تامین سرمایه نوین,2026-10-04T09:29:27+03:30,3166.0,2.99,3162.0,2.86,3074.0,3166.0,2982.0,3166.0,223.0,26132428.0,82635275932.0,3166.0,2982,605.0,5.2,1,67,سهم,فعالیتهای کمکی به نهادهای مالی واسط,بازار بورس,بازار اول (تابلوی فرعی) بورس,6.34,605.0,0.0,38500000000.0,16.0,50232162.0,2750.0,3074.0,1426.0,3074.0,2026-10-04,121737000000000.0,24830259.0,82,78513278958.0,1302169.0,2,4117458378.0,24527778.0,90,77556834036.0,1604650.0,2,5073903300.0,957479011.6829268,861742600.3999999,1.111,956444922.0,15,5617163,3166.0,0.0,0,0,3,220000,3165.0,0.0,0,0,1,16997,3160.0,0.0,0,0,1,57909,3159.0,0.0,0,0,1,31628,3150.0,0.0,0,0,صف خرید,,,,,,,,,,,,,,,
25417476013479486,ساروج,بین المللی ساروج بوشهر,2026-10-04T09:26:09+03:30,57000.0,-0.44,56760.0,-0.86,57250.0,56820.0,56200.0,57100.0,27.0,80494.0,4568996610.0,58960.0,55540,11890.0,4.8,1,53,سهم,سیمان، آهک و گچ,بازار فرابورس,بازار دوم فرابورس,6.98,11890.0,20402.494,1340000000.0,,822746.0,56770.0,60000.0,45600.0,70250.0,2026-10-04,76058400000000.0,23204.0,14,1317059040.0,57290.0,1,3251780400.0,80494.0,10,4568839440.0,0.0,0,0.0,94075645.7142857,456883944.0,0.206,-3251780400.0,1,100,56130.0,56700.0,500,1,4,12350,56120.0,56900.0,500,3,3,1532,56110.0,56990.0,9337,1,1,11145,56060.0,57000.0,3757,1,2,20000,56050.0,57250.0,5000,1,,,,,,,,,,,,,,,,
25432083171473433,طهرم8031,اختیارف اهرم-62000-1405/08/27,2026-10-04T09:29:28+03:30,3468.0,-3.4,3630.0,1.11,3590.0,3679.0,3260.0,3850.0,473.0,20328.0,73796766000.0,500000.0,1,0.0,,1.0,68,اختیار معامله,,,,,,,,,,,,,,,,20306.0,81,73710780.0,22.0,1,79860.0,20306.0,72,73710780.0,22.0,1,79860.0,910009.6296296297,1023760.8333333333,0.889,0.0,1,10,3330.0,3400.0,400,2,1,100,3315.0,3458.0,70,1,1,1,3310.0,3459.0,89,2,2,16,3301.0,3460.0,1001,2,2,1002,3300.0,3470.0,200,1,,,,,,اهرم,17914401175772326,72311,62000,1000,1405/05/31,1405/08/27,45,فروش,91300,1357865901000.0
25514780181345713,وساخت,سرمایه گذاری ساختمانایران,2026-10-04T09:29:03+03:30,2145.0,-2.81,2142.0,-2.95,2207.0,2142.0,2141.0,2196.0,212.0,21522063.0,46090468436.0,2273.0,2141,144.0,14.9,1,70,سهم,انبوه سازی، املاک و مستغلات,بازار بورس,بازار اول (تابلوی فرعی) بورس,6.96,144.0,0.0,30842726351.0,26.0,116669711.0,2022.0,2238.0,901.0,2324.0,2026-10-04,66065119843842.0,14019889.0,73,30030602238.0,7502174.0,1,16069656708.0,20362063.0,60,43615538946.0,1160000.0,1,2484720000.0,411378112.84931505,726925649.1,0.566,-13584936708.0,2,12367,2146.0,2158.0,149000,1,2,450000,2145.0,2159.0,28288,1,7,446496,2144.0,2160.0,183839,1,2,205000,2143.0,2170.0,1538205,8,3,139476,2142.0,2171.0,1495000,4,,,,,,,,,,,,,,,,
25631699615003698,کهرام,تولیدی گرانیت بهسرام,2026-10-04T09:28:36+03:30,35490.0,-1.99,36100.0,-0.3,36210.0,35490.0,35490.0,35490.0,3.0,8630.0,306278700.0,36930.0,35490,-8479.0,-4.3,56669,49,سهم,کاشی و سرامیک,بازار پایه فرابورس,بازار پایه نارنجی فرابورس,0.0,-8479.0,26441.066,75000000.0,,159272.0,35730.0,37440.0,17880.0,37440.0,2026-10-04,2707500000000.0,8630.0,3,311543000.0,0.0,0,0.0,8630.0,1,311543000.0,0.0,0,0.0,103847666.66666666,311543000.0,0.333,0.0,0,0,0.0,35490.0,339648,32,0,0,0.0,36700.0,1700,2,0,0,0.0,36920.0,1000,1,0,0,0.0,36930.0,4600,2,0,0,0.0,37170.0,500,1,صف فروش,,,,,,,,,,,,,,,
25710288682828393,ضسپا8092,اختیارخ خساپا-1000-1405/08/27,2026-10-04T09:28:55+03:30,34.0,13.33,30.0,0.0,30.0,63.0,14.0,63.0,33.0,5147.0,153088000.0,100000.0,1,0.0,,1.0,34,اختیار معامله,,,,,,,,,,,,,,,,5147.0,7,154410.0,0.0,0,0.0,4147.0,6,124410.0,1000.0,1,30000.0,22058.57142857143,20735.0,1.064,30000.0,5,5000,30.0,34.0,998,1,1,30,29.0,35.0,997,1,1,1000,28.0,36.0,400,1,1,430,26.0,37.0,1000,1,1,1000,25.0,38.0,2038,3,,,,,,خساپا,44891482026867833,686,1000,1000,1405/05/31,1405/08/27,45,خرید,565676,2822745000.0
25728853053886443,رایبد,صندوق س رایبد-ثابت,2026-10-04T08:42:33+03:30,12814.0,0.11,12814.0,0.11,12800.0,12814.0,12814.0,12814.0,7.0,971503.0,12448839442.0,13184.0,12416,0.0,,1,68,صندوق,صندوق سرمایه گذاری قابل معامله,بازار بورس,بازار صندوق های قابل معامله,0.0,,0.0,1000000000.0,,36473511.0,12770.0,12808.0,10000.0,12808.0,2026-10-04,12814000000000.0,0.0,0,0.0,971503.0,1,12448839442.0,971503.0,7,12448839442.0,0.0,0,0.0,,1778405634.5714288,,-12448839442.0,2,69033234,12814.0,12815.0,7003000,2,1,1000000,12813.0,12816.0,20000,1,1,1000000,12812.0,12817.0,20000,1,1,1000000,12811.0,12818.0,20000,1,1,1000000,12810.0,12819.0,20000,1,,12795.0,12803.0,2026-10-04T09:21:47+03:30,0.15,,,,,,,,,,,
26014913469567886,وغدیر,سرمایهگذاریغدیر(هلدینگ,2026-10-04T09:29:37+03:30,21850.0,-2.19,21820.0,-2.33,22340.0,22500.0,21670.0,22500.0,946.0,11448251.0,249814248930.0,23010.0,21670,1940.0,11.2,1,39,سهم,شرکتهای چند رشته ای صنعتی,بازار بورس,بازار اول (تابلوی اصلی) بورس,11.42,1940.0,0.0,216000000000.0,23.0,88809841.0,21280.0,23000.0,9620.0,23000.0,2026-10-04,4713120000000000.0,6978031.0,399,152260636420.0,4386710.0,9,95718012200.0,7920112.0,203,172816843840.0,3444629.0,6,75161804780.0,381605605.06265664,851314501.6748769,0.448,-20556207420.0,1,65782,21820.0,21840.0,58594,1,1,2300,21810.0,21850.0,5683,1,4,104996,21800.0,21880.0,3469,2,3,24192,21780.0,21900.0,9500,2,1,230,21760.0,21920.0,1000,1,,,,,,,,,,,,,,,,
26090464295830176,ونیکیح,ح . سرمایهگذاری ملیایران,2026-10-04T09:24:49+03:30,4550.0,-2.15,4550.0,-2.15,4650.0,4690.0,4540.0,4690.0,24.0,168082.0,765294450.0,4780.0,4520,0.0,,1,39,سهم,شرکتهای چند رشته ای صنعتی,بازار بورس,بازار اول (تابلوی فرعی) بورس,11.42,,0.0,20000000000.0,,13370471.0,4530.0,4860.0,3020.0,5038.0,2026-10-04,91000000000000.0,46472.0,8,211447600.0,121610.0,2,553325500.0,168082.0,16,764773100.0,0.0,0,0.0,26430950.0,47798318.75,0.553,-553325500.0,4,132464,4580.0,4620.0,25842,3,4,652758,4570.0,4630.0,310714,5,2,4847,4560.0,4640.0,7089,2,3,4602,4540.0,4650.0,613000,4,4,12000,4530.0,4660.0,10000,1,,,,,,,,,,,,,,,,
26103065174326376,ضسپا7026,اختیارخ خساپا-450-1405/07/29,2026-10-04T09:29:35+03:30,260.0,0.39,260.0,0.39,259.0,260.0,0.0,0.0,1.0,10.0,2600000.0,100000.0,1,0.0,,1.0,34,اختیار معامله,,,,,,,,,,,,,,,,10.0,1,2600.0,0.0,0,0.0,10.0,1,2600.0,0.0,0,0.0,2600.0,2600.0,1.0,0.0,1,100,100.0,280.0,10,1,1,100,1.0,0.0,0,0,0,0,0.0,0.0,0,0,0,0,0.0,0.0,0,0,0,0,0.0,0.0,0,0,,,,,,خساپا,44891482026867833,686,450,1000,1405/04/27,1405/07/29,17,خرید,41020,0.0
26259366519412975,زشگزا,شیر و گوشت زاگرس شهرکرد,2026-10-04T09:29:42+03:30,33310.0,-3.0,33480.0,-2.5,34340.0,34780.0,33310.0,34780.0,305.0,1480504.0,49566981210.0,35370.0,33310,4812.0,7.0,1,01,سهم,زراعت و خدمات وابسته,بازار فرابورس,بازار اول فرابورس,8.77,4812.0,2761.9417,960000000.0,,6925288.0,33950.0,35900.0,12630.0,35900.0,2026-10-04,32140800000000.0,986653.0,128,33033142440.0,447124.0,2,14969711520.0,1403777.0,66,46998453960.0,30000.0,1,1004400000.0,258071425.3125,712097787.2727273,0.362,-13965311520.0,1,2000,33330.0,33430.0,1000,1,6,52244,33320.0,33800.0,990,1,9,96361,33310.0,33810.0,518,1,1,152,32920.0,34000.0,26596,4,0,0,0.0,34050.0,44231,1,,,,,,,,,,,,,,,,
26316376625263940,پی پاد,پرداخت الکترونیک پاسارگاد,2026-10-04T09:29:04+03:30,7220.0,-2.96,7220.0,-2.96,7440.0,7220.0,7220.0,7220.0,63.0,1980634.0,14300177480.0,7660.0,7220,1006.0,7.2,1,72,سهم,رایانه و فعالیتهای وابسته به آن,بازار بورس,بازار دوم (تابلوی اصلی) بورس,18.7,1006.0,0.0,7000000000.0,12.0,47921165.0,7420.0,7830.0,2711.0,8350.0,2026-10-04,50540000000000.0,497634.0,48,3592917480.0,1483000.0,1,10707260000.0,1680634.0,6,12134177480.0,300000.0,1,2166000000.0,74852447.5,2022362913.3333335,0.037,-8541260000.0,0,0,0.0,7220.0,42689176,240,0,0,0.0,7390.0,1330,2,0,0,0.0,7420.0,26686,2,0,0,0.0,7440.0,661,2,0,0,0.0,7450.0,819,1,صف فروش,,,,,,,,,,,,,,,
26332924937437041,ضدزاگرس703,اختیارخ دزاگرس-21000-14050719,2026-10-04T09:04:59+03:30,15000.0,37.92,15000.0,37.92,10876.0,15000.0,15000.0,15000.0,1.0,5.0,75000000.0,1000000.0,1,0.0,,1.0,43,اختیار معامله,,,,,,,,,,,,,,,,5.0,1,75000.0,0.0,0,0.0,5.0,1,75000.0,0.0,0,0.0,75000.0,75000.0,1.0,0.0,1,8,11700.0,18000.0,5,1,1,7,11600.0,18500.0,20,1,1,20,11500.0,0.0,0,0,1,200,10000.0,0.0,0,0,1,10,1000.0,0.0,0,0,,,,,,دزاگرس,43450146028916610,29560,21000,1000,1405/06/23,1405/07/19,7,خرید,15,147800000.0
26393127587277568,آسا,صندوق س آرمان کارآفرین-ثابت,2026-10-04T09:23:58+03:30,11322.0,0.14,11322.0,0.14,11306.0,11321.0,11321.0,11322.0,14.0,689641.0,7807790401.0,11645.0,10967,0.0,,1,68,صندوق,صندوق سرمایه گذاری قابل معامله,بازار بورس,بازار صندوق های قابل معامله,0.0,,0.0,4000000000.0,,78414304.0,11272.0,11307.0,10011.0,11307.0,2026-10-04,45288000000000.0,433810.0,5,4911596820.0,255831.0,1,2896518582.0,338501.0,9,3832508322.0,351140.0,1,3975607080.0,982319364.0,425834257.99999994,2.307,1079088498.0,3,349807703,11321.0,11322.0,30648860,31,1,1000000,11320.0,11323.0,1000000,1,1,1000000,11319.0,11324.0,1000000,1,1,1000000,11318.0,11325.0,1000000,1,1,1000000,11317.0,11326.0,1208018,4,,11347.0,11357.0,2026-10-04T09:20:53+03:30,-0.22,,,,,,,,,,,
26458514535443899,خلیج,صندوق س.گنجینه مینوخلیج فارس-س,2026-10-04T09:20:42+03:30,41800.0,0.56,41084.0,-1.16,41568.0,41880.0,40745.0,41880.0,24.0,120859.0,4965345132.0,42815.0,40321,0.0,,1,68,صندوق,صندوق سرمایه گذاری قابل معامله,بازار فرابورس,بازار ابزارهاي نوين مالي فرابورس,1047.76,,0.0,1000000000.0,,8342578.0,39648.0,41920.0,14680.0,41920.0,2026-10-04,41084000000000.0,91504.0,13,3759350336.0,29355.0,1,1206020820.0,116065.0,13,4768414460.0,4794.0,1,196956696.0,289180795.0769231,366801112.30769235,0.788,-1009064124.0,1,50000,41009.0,41800.0,789082,3,1,3595,41007.0,41859.0,30000,1,1,25,41004.0,41958.0,250000,1,2,60000,41003.0,42291.0,14038,1,1,1000,41002.0,42740.0,110962,1,,42593.0,43008.0,2026-10-04T09:22:08+03:30,-3.54,,,,,,,,,,,
26543014712914772,میهن,بیمه میهن,2026-10-04T09:29:52+03:30,2519.0,-2.97,2520.0,-2.93,2596.0,2551.0,2519.0,2551.0,182.0,7070718.0,17818965641.0,2673.0,2519,-113.0,-22.3,1,66,سهم,بیمه وصندوق بازنشستگی به جزتامین اجتماعی,بازار فرابورس,بازار دوم فرابورس,18.62,-113.0,0.0,8000000000.0,,69880230.0,2554.0,2739.0,1800.0,5430.0,2026-10-04,20160000000000.0,5075498.0,90,12790254960.0,1600000.0,1,4032000000.0,6675498.0,27,16822254960.0,0.0,0,0.0,142113944.0,623046480.0,0.228,-4032000000.0,2,82192,2500.0,2519.0,8776356,48,2,12196,2499.0,2520.0,500050,1,1,221121,2253.0,2521.0,27900,1,0,0,0.0,2570.0,105000,2,0,0,0.0,2580.0,5000,1,,,,,,,,,,,,,,,,
26547785441834730,زشریف,کشت وصنعت شریف آباد,2026-10-04T09:29:41+03:30,19020.0,-2.96,19020.0,-2.96,19600.0,19020.0,19020.0,19020.0,82.0,1844815.0,35088381300.0,20180.0,19020,2402.0,7.9,1,01,سهم,زراعت و خدمات وابسته,بازار فرابورس,بازار اول فرابورس,8.77,2402.0,1984.6456,2404787000.0,,6079171.0,19530.0,20730.0,6700.0,20730.0,2026-10-04,45739048740000.0,372795.0,37,7090560900.0,1471520.0,2,27988310400.0,1844315.0,4,35078871300.0,0.0,0,0.0,191636781.08108106,8769717825.0,0.022,-27988310400.0,0,0,0.0,19020.0,3672722,75,0,0,0.0,19530.0,5000,1,0,0,0.0,19600.0,10500,2,0,0,0.0,19690.0,20000,1,0,0,0.0,20150.0,5000,1,صف فروش,,,,,,,,,,,,,,,
26780282166315918,ثبات,صندوق س. ثبات ویستا -د,2026-10-04T09:28:33+03:30,38045.0,0.13,38045.0,0.13,37997.0,38045.0,38045.0,38048.0,83.0,5432994.0,206699576429.0,39136.0,36858,0.0,,1,68,صندوق,صندوق سرمایه گذاری قابل معامله,بازار فرابورس,بازار ابزارهاي نوين مالي فرابورس,1067.75,,0.0,7000000000.0,,256095455.0,37900.0,38000.0,27459.0,38000.0,2026-10-04,266315000000000.0,1535565.0,20,58420570425.0,3897429.0,4,148277686305.0,2110074.0,43,80277765330.0,3322920.0,4,126420491400.0,2921028521.25,1866924775.1162791,1.565,-21857194905.0,10,503183476,38045.0,38046.0,9720639,4,1,10000000,38044.0,38047.0,500000,1,1,14000000,38043.0,38048.0,500000,1,1,18000000,38042.0,38049.0,507884,2,1,22000000,38041.0,38050.0,500000,1,,38017.0,38039.0,2026-10-04T09:21:39+03:30,0.07,,,,,,,,,,,
26824673819862694,خبهمن,گروهبهمن,2026-10-04T09:29:44+03:30,2634.0,1.07,2554.0,-2.0,2606.0,2553.0,2528.0,2638.0,1430.0,137764642.0,351786459284.0,2684.0,2528,560.0,4.6,1,34,سهم,خودرو و ساخت قطعات,بازار بورس,بازار اول (تابلوی اصلی) بورس,-23.82,560.0,0.0,134637967000.0,29.0,475313928.0,2543.0,2723.0,1372.0,2869.0,2026-10-04,343865367718000.0,123170033.0,606,314576264282.0,13597446.0,5,34727877084.0,120008002.0,322,306500437108.0,16759477.0,4,42803704258.0,519102746.339934,951864711.5155278,0.545,8075827174.0,2,91789,2634.0,2635.0,795356,2,3,2050000,2627.0,2636.0,1024381,2,3,1017764,2626.0,2637.0,5000,1,1,50000,2625.0,2638.0,262218,3,1,11400,2624.0,2639.0,1000000,1,,,,,,,,,,,,,,,,
26882843763780650,باران,بیمه زندگی باران,2026-10-04T09:11:47+03:30,2317.0,2.98,2317.0,2.98,2250.0,2317.0,2317.0,2317.0,5.0,249881.0,578974277.0,2317.0,2183,174.0,13.3,1,66,سهم,بیمه وصندوق بازنشستگی به جزتامین اجتماعی,بازار پایه فرابورس,بازار پایه زرد فرابورس,0.0,174.0,0.0,4115000000.0,,2897553.0,2250.0,2250.0,1306.0,3223.0,2026-10-04,9534455000000.0,249881.0,4,578974277.0,0.0,0,0.0,249881.0,1,578974277.0,0.0,0,0.0,144743569.25,578974277.0,0.25,0.0,12,7278593,2317.0,0.0,0,0,0,0,0.0,0.0,0,0,0,0,0.0,0.0,0,0,0,0,0.0,0.0,0,0,0,0,0.0,0.0,0,0,صف خرید,,,,,,,,,,,,,,,
26958787408104156,رایا,بیمه اتکایی رایا,2026-10-04T09:26:48+03:30,5850.0,-2.99,5850.0,-2.99,6030.0,5850.0,5850.0,5850.0,18.0,1509368.0,8829802800.0,6210.0,5850,1471.0,4.0,1,66,سهم,بیمه وصندوق بازنشستگی به جزتامین اجتماعی,بازار پایه فرابورس,بازار پایه زرد فرابورس,0.0,1471.0,0.0,5000000000.0,,21389797.0,5870.0,6330.0,1000.0,6330.0,2026-10-04,29250000000000.0,163056.0,7,953877600.0,1346312.0,1,7875925200.0,1509368.0,5,8829802800.0,0.0,0,0.0,136268228.57142857,1765960559.9999998,0.077,-7875925200.0,0,0,0.0,5850.0,23044364,134,0,0,0.0,6030.0,1289258,6,0,0,0.0,6160.0,158050,2,0,0,0.0,6200.0,154500,1,0,0,0.0,6210.0,109060,5,صف فروش,,,,,,,,,,,,,,,
26997316501080743,سشرق,سیمان شرق,2026-10-04T09:29:49+03:30,27050.0,0.04,26960.0,-0.3,27040.0,27750.0,26500.0,27750.0,417.0,2847475.0,76758561650.0,27850.0,26230,3056.0,8.8,1,53,سهم,سیمان، آهک و گچ,بازار بورس,بازار اول (تابلوی اصلی) بورس,7.57,3056.0,6975.879,6200000000.0,43.0,16841160.0,25860.0,27440.0,10480.0,27450.0,2026-10-04,167152000000000.0,2390472.0,160,64447125120.0,449048.0,3,12106334080.0,2784520.0,122,75070659200.0,55000.0,2,1482800000.0,402794532.0,615333272.1311475,0.655,-10623534080.0,1,9731,27070.0,27340.0,69574,5,1,3000,27040.0,27400.0,50000,1,5,34092,27030.0,27430.0,87516,4,5,13116,27020.0,27490.0,107500,2,6,63850,26880.0,27500.0,100000,1,,,,,,,,,,,,,,,,
27000326841257664,سدشت,صنایع سیمان دشتستان,2026-10-04T09:28:58+03:30,40010.0,2.99,40000.0,2.96,38850.0,40000.0,39980.0,40010.0,88.0,402425.0,16098523810.0,40010.0,37690,2835.0,14.1,1,53,سهم,سیمان، آهک و گچ,بازار بورس,بازار دوم (تابلوی اصلی) بورس,7.57,2835.0,6321.3975,3400000000.0,13.0,502369.0,38400.0,40700.0,24450.0,49630.0,2026-10-04,136000000000000.0,402425.0,20,16097000000.0,0.0,0,0.0,284870.0,45,11394800000.0,117555.0,1,4702200000.0,804850000.0,253217777.77777776,3.178,4702200000.0,3,10312,40010.0,40750.0,200,1,1,12760,39040.0,41100.0,130,1,1,255,39030.0,41170.0,130,1,2,7000,39020.0,41600.0,200,1,1,30000,38710.0,41800.0,200,1,,,,,,,,,,,,,,,,
27096851668435724,جم پیلن,پتروشیمی جم پیلن,2026-10-04T09:29:31+03:30,347200.0,3.0,346300.0,2.73,337100.0,346000.0,337200.0,347200.0,314.0,167560.0,58034308900.0,347200.0,327000,41853.0,8.3,1,44,سهم,محصولات شیمیایی,بازار بورس,بازار دوم (تابلوی اصلی) بورس,10.13,41853.0,149109.77,2000000000.0,11.0,1051616.0,314100.0,337700.0,145650.0,337700.0,2026-10-04,692600000000000.0,161032.0,104,55765381600.0,6528.0,2,2260646400.0,116538.0,96,40357109400.0,51022.0,2,17668918600.0,536205592.30769235,420386556.25,1.276,15408272200.0,17,14575,347100.0,347200.0,1164,2,2,1050,347000.0,0.0,0,0,2,1015,341000.0,0.0,0,0,4,616,340500.0,0.0,0,0,2,3200,340100.0,0.0,0,0,,,,,,,,,,,,,,,,
27148572013604038,وفتخار,سرمایه گذاری افتخار سهام,2026-10-04T09:29:16+03:30,2104.0,0.81,2062.0,-1.2,2087.0,2030.0,2030.0,2110.0,63.0,5224787.0,10775920800.0,2149.0,2025,531.0,3.9,1,56,سهم,سرمایه گذاریها,بازار پایه فرابورس,بازار پایه زرد فرابورس,0.0,531.0,0.0,3162500000.0,,25417887.0,1997.0,2155.0,1210.0,2679.0,2026-10-04,6521075000000.0,5224787.0,38,10773510794.0,0.0,0,0.0,5224787.0,23,10773510794.0,0.0,0,0.0,283513441.94736844,468413512.78260875,0.605,0.0,1,321001,2104.0,2108.0,50000,1,2,156700,2081.0,2110.0,179458,2,1,128985,2080.0,2120.0,10000,1,1,25000,2073.0,2130.0,818087,1,2,113216,2072.0,2138.0,238500,1,,,,,,,,,,,,,,,,
27181945356214752,فاسمین,کالسیمین,2026-10-04T09:29:41+03:30,4360.0,0.23,4270.0,-1.84,4350.0,4270.0,4270.0,4350.0,1025.0,82398042.0,352195861440.0,4430.0,4270,0.0,,1,27,سهم,فلزات اساسی,بازار پایه فرابورس,بازار پایه نارنجی فرابورس,0.0,,0.0,24000000000.0,,49866196.0,4330.0,4500.0,4330.0,5202.0,2026-10-04,102480000000000.0,80141042.0,188,342202249340.0,2160000.0,3,9223200000.0,49217211.0,293,210157490970.0,33083831.0,5,141267958370.0,1820224730.531915,717261061.331058,2.538,132044758370.0,1,100000,4340.0,4350.0,33864,2,1,100000,4330.0,4360.0,548400,2,2,107904,4320.0,4370.0,603072,4,3,420000,4310.0,4380.0,333400,4,4,457025,4300.0,4390.0,373730,5,,,,,,,,,,,,,,,,
27218386411183410,سدور,سیمان دورود,2026-10-04T09:29:06+03:30,34690.0,3.0,34600.0,2.73,33680.0,34000.0,33600.0,34690.0,229.0,1641511.0,56803443950.0,34690.0,32670,-3018.0,-11.5,1,53,سهم,سیمان، آهک و گچ,بازار بورس,بازار دوم (تابلوی فرعی) بورس,7.57,-3018.0,15399.663,641697305.0,54.0,4781590.0,32820.0,34890.0,11610.0,37220.0,2026-10-04,22202726753000.0,1341511.0,36,46416280600.0,300000.0,1,10380000000.0,1335894.0,85,46221932400.0,305617.0,1,10574348200.0,1289341127.777778,543787440.0,2.371,194348200.0,4,48257,34500.0,34690.0,272163,11,1,5000,34050.0,34900.0,28908,1,1,5000,34040.0,36200.0,2000,1,3,43000,34020.0,36880.0,289900,10,1,20537,34010.0,0.0,0,0,,,,,,,,,,,,,,,,
27276541005386425,فنر,پارس فنر,2026-10-04T09:29:31+03:30,8480.0,2.66,8460.0,2.42,8260.0,8300.0,8300.0,8500.0,71.0,571879.0,4838046070.0,8500.0,8020,636.0,13.3,1,34,سهم,خودرو و ساخت قطعات,بازار فرابورس,بازار دوم فرابورس,6.13,636.0,2601.423,6500000000.0,,15161250.0,7660.0,8290.0,2378.0,8290.0,2026-10-04,54990000000000.0,471562.0,19,3989414520.0,0.0,0,0.0,471562.0,43,3989414520.0,0.0,0,0.0,209969185.26315787,92777081.86046511,2.263,0.0,9,378491,8480.0,8490.0,185347,7,2,303000,8470.0,8500.0,565351,19,1,300000,8460.0,0.0,0,0,1,300000,8450.0,0.0,0,0,2,4500,8410.0,0.0,0,0,,,,,,,,,,,,,,,,
27308217070238237,شکربن,کربن ایران,2026-10-04T09:29:31+03:30,11640.0,2.19,11580.0,1.67,11390.0,11730.0,11320.0,11730.0,277.0,5080165.0,58850530470.0,11730.0,11050,1486.0,7.8,1,44,سهم,محصولات شیمیایی,بازار بورس,بازار اول (تابلوی اصلی) بورس,10.13,1486.0,6560.8345,6385128000.0,44.0,28490385.0,10940.0,11820.0,5930.0,11820.0,2026-10-04,73939782240000.0,3048996.0,100,35307373680.0,2031169.0,3,23520937020.0,2763140.0,59,31997161200.0,2317025.0,1,26831149500.0,353073736.8,542324766.101695,0.651,3310212480.0,1,17810,11590.0,11640.0,12243,1,1,1000,11580.0,11650.0,155529,2,4,52500,11570.0,11680.0,10000,2,2,70120,11560.0,11700.0,105000,2,1,8625,11550.0,11720.0,111233,2,,,,,,,,,,,,,,,,
27639047710974505,خبرگان,صندوق س اندیشه خبرگان-سهام,2026-10-04T09:25:14+03:30,68921.0,0.3,68933.0,0.32,68714.0,68921.0,68921.0,69409.0,21.0,101739.0,7013149219.0,70775.0,66653,0.0,,1,68,صندوق,صندوق سرمایه گذاری قابل معامله,بازار بورس,بازار صندوق های قابل معامله,0.0,,0.0,400000000.0,,2201987.0,65001.0,71590.0,23640.0,71590.0,2026-10-04,27573200000000.0,4514.0,7,311163562.0,97225.0,1,6702010925.0,94447.0,11,6510515051.0,7292.0,1,502659436.0,44451937.42857143,591865004.6363637,0.075,-6199351489.0,1,4342,68923.0,69409.0,71002,6,1,2000,68922.0,69410.0,8595,1,2,4648,68921.0,70019.0,162500,2,2,5872,68900.0,70750.0,1000,1,1,1000,68885.0,70770.0,3075,2,,69591.0,70394.0,2026-10-04T09:21:34+03:30,-0.95,,,,,,,,,,,
27695838950009037,شارپیلن,پتروشیمی ارغوان گسترایلام,2026-10-04T09:25:13+03:30,3510.0,2.93,3410.0,0.0,3410.0,3510.0,3510.0,3510.0,1.0,2500.0,8775000.0,3510.0,3310,0.0,,11600000,44,سهم,محصولات شیمیایی,بازار بورس,بازار سرمایه گذاری حرفه ای,10.35,0.0,2070.5356,29000000000.0,,1304002.0,3410.0,3500.0,2007.0,3711.0,2026-10-03,98890000000000.0,2500.0,1,8525000.0,0.0,0,0.0,2500.0,1,8525000.0,0.0,0,0.0,8525000.0,8525000.0,1.0,0.0,157,32831034,3510.0,0.0,0,0,7,272962,3500.0,0.0,0,0,1,5000,3350.0,0.0,0,0,1,6000,3290.0,0.0,0,0,3,497583,3280.0,0.0,0,0,صف خرید,,,,,,,,,,,,,,,
27797446447955609,نخل,صندوق س.خلیج فارس-د,2026-10-04T09:29:35+03:30,10110.0,0.11,10110.0,0.11,10099.0,10111.0,10110.0,10111.0,5.0,118308.0,1196093980.0,10401.0,9797,0.0,,1,68,صندوق,صندوق سرمایه گذاری قابل معامله,بازار فرابورس,بازار ابزارهاي نوين مالي فرابورس,1067.75,,0.0,10000000000.0,,115327665.0,10067.0,10099.0,9977.0,10286.0,2026-10-04,101100000000000.0,1100.0,2,11121000.0,117198.0,1,1184871780.0,118198.0,2,1194981780.0,100.0,1,1011000.0,5560500.0,597490890.0,0.009,-1183860780.0,2,299892792,10110.0,10111.0,30435650,4,1,3000000,10109.0,10112.0,500000,1,1,3000000,10108.0,10113.0,500000,1,1,3000000,10107.0,10114.0,500000,1,1,3000000,10106.0,10115.0,500000,1,,10089.0,10102.0,2026-10-04T09:15:16+03:30,0.21,,,,,,,,,,,
27846577161471942,ضستا7067,اختیارخ شستا-5000-1405/07/15,2026-10-04T09:13:25+03:30,2.0,0.0,1.0,-50.0,2.0,1.0,1.0,2.0,16.0,12101.0,12102000.0,100000.0,1,0.0,,1.0,39,اختیار معامله,,,,,,,,,,,,,,,,12101.0,4,12101.0,0.0,0,0.0,12101.0,2,12101.0,0.0,0,0.0,3025.25,6050.5,0.5,0.0,5,3410,1.0,2.0,13869,17,0,0,0.0,3.0,8513,10,0,0,0.0,4.0,20000,20,0,0,0.0,7.0,2000,2,0,0,0.0,10.0,10050,11,,,,,,شستا,2400322364771558,3580,5000,1000,1405/06/28,1405/07/15,3,خرید,334765,43200570000.0
27922860956133067,مبین,مبین انرژی خلیج فارس,2026-10-04T09:29:48+03:30,11390.0,-2.73,11380.0,-2.82,11710.0,11440.0,11360.0,11670.0,2225.0,39354131.0,447788195080.0,12060.0,11360,1581.0,7.2,1,40,سهم,عرضه برق، گاز، بخاروآب گرم,بازار بورس,بازار اول (تابلوی فرعی) بورس,6.88,1581.0,11953.001,60713520000.0,16.0,204741702.0,11680.0,12400.0,11020.0,19490.0,2026-10-04,690919857600000.0,36273843.0,875,412796333340.0,3000000.0,1,34140000000.0,31863719.0,433,362609122220.0,7410124.0,2,84327211120.0,471767238.1028572,837434462.4018476,0.563,50187211120.0,2,44363,11380.0,11390.0,4998,1,10,375527,11370.0,11400.0,123695,6,69,1943758,11360.0,11410.0,1,1,0,0,0.0,11420.0,1000,1,0,0,0.0,11430.0,53900,2,,,,,,,,,,,,,,,,
27952969918967492,رکیش,کارت اعتباری ایران کیش,2026-10-04T09:29:14+03:30,2558.0,-3.0,2561.0,-2.88,2637.0,2640.0,2558.0,2640.0,76.0,4492325.0,11504249085.0,2716.0,2558,141.0,18.2,1,72,سهم,رایانه و فعالیتهای وابسته به آن,بازار بورس,بازار دوم (تابلوی اصلی) بورس,18.69,141.0,0.0,10000000000.0,15.0,16595494.0,2465.0,2661.0,1310.0,2906.0,2026-10-04,25610000000000.0,4333896.0,35,11099107656.0,158429.0,1,405736669.0,4492325.0,15,11504844325.0,0.0,0,0.0,317117361.6,766989621.6666666,0.413,-405736669.0,1,8000,2560.0,2599.0,2000,1,1,15000,2559.0,2610.0,265252,1,4,1464802,2558.0,2618.0,5000,1,1,3000,2418.0,2620.0,11266,1,1,3000,2331.0,2630.0,9068,1,,,,,,,,,,,,,,,,
27970162058529660,ضستا7054,اختیارخ شستا-1800-1405/07/15,2026-10-04T09:26:44+03:30,1850.0,-3.24,1849.0,-3.29,1912.0,1850.0,1701.0,1850.0,3.0,101.0,186701000.0,100000.0,1,0.0,,1.0,39,اختیار معامله,,,,,,,,,,,,,,,,101.0,3,186749.0,0.0,0,0.0,101.0,2,186749.0,0.0,0,0.0,62249.666666666664,93374.5,0.667,0.0,1,10,1755.0,2000.0,50,1,1,50,1750.0,2195.0,10,1,1,2,1704.0,2199.0,50,1,1,20,1703.0,0.0,0,0,1,49,1701.0,0.0,0,0,,,,,,شستا,2400322364771558,3580,1800,1000,1405/04/10,1405/07/15,3,خرید,9866,360570000.0
28033133021443774,خفنر,فنرسازیخاور,2026-10-04T09:29:48+03:30,2390.0,-0.71,2339.0,-2.83,2407.0,2458.0,2335.0,2458.0,138.0,11849509.0,27713206219.0,2479.0,2335,130.0,18.0,1,34,سهم,خودرو و ساخت قطعات,بازار بورس,بازار اول (تابلوی فرعی) بورس,-23.82,130.0,1329.5089,8934599000.0,24.0,54952866.0,2301.0,2502.0,1004.0,2926.0,2026-10-04,20898027061000.0,11784534.0,82,27564025026.0,0.0,0,0.0,11784534.0,33,27564025026.0,0.0,0,0.0,336146646.65853655,835273485.6363636,0.402,0.0,2,373468,2366.0,2400.0,54815,2,1,2149,2364.0,2407.0,300000,2,1,3000,2363.0,2408.0,200000,1,1,50000,2355.0,2409.0,202148,2,1,260000,2342.0,2410.0,300000,2,,,,,,,,,,,,,,,,
28147934478934110,فغدیر,آهن و فولاد غدیر ایرانیان,2026-10-04T09:19:04+03:30,9200.0,2.91,9200.0,2.91,8940.0,9200.0,9200.0,9200.0,48.0,5538202.0,50951458400.0,9200.0,8680,974.0,9.4,1,27,سهم,فلزات اساسی,بازار فرابورس,بازار دوم فرابورس,8.72,974.0,8486.8955,42000000000.0,,9054060.0,8430.0,8940.0,3890.0,8940.0,2026-10-04,386400000000000.0,5238202.0,26,48191458400.0,300000.0,1,2760000000.0,1338202.0,20,12311458400.0,4200000.0,1,38640000000.0,1853517630.7692308,615572920.0,3.011,35880000000.0,1280,287833672,9200.0,0.0,0,0,3,5863,9000.0,0.0,0,0,2,22000,8980.0,0.0,0,0,1,6000,8950.0,0.0,0,0,38,1885353,8940.0,0.0,0,0,صف خرید,,,,,,,,,,,,,,,
28230238564334914,قجام,فرآوردههای غذایی وقندتربتجام,2026-10-04T09:29:42+03:30,14210.0,1.86,13720.0,-1.65,13950.0,13590.0,13590.0,14240.0,8.0,149308.0,2049042440.0,14360.0,13540,2650.0,5.2,1,38,سهم,قند و شکر,بازار پایه فرابورس,بازار پایه زرد فرابورس,0.0,2650.0,15379.335,650000000.0,,1961844.0,13930.0,15150.0,6140.0,15520.0,2026-10-04,8918000000000.0,135108.0,3,1853681760.0,0.0,0,0.0,135108.0,5,1853681760.0,0.0,0,0.0,617893920.0,370736352.0,1.667,0.0,1,3660,13740.0,14220.0,15417,1,3,76142,13730.0,14230.0,41475,1,1,10000,13720.0,14240.0,19010,5,1,3850,13710.0,14250.0,23600,3,1,3800,13700.0,14260.0,260400,6,,,,,,,,,,,,,,,,
28244732057374230,ضذوب7043,اختیارخ ذوب-600-1405/07/22,2026-10-04T09:29:49+03:30,91.0,0.0,82.0,-9.89,91.0,86.0,72.0,97.0,293.0,101830.0,8360725000.0,100000.0,1,0.0,,1.0,27,اختیار معامله,,,,,,,,,,,,,,,,97391.0,66,7986062.0,2.0,1,164.0,97393.0,57,7986226.0,0.0,0,0.0,121000.93939393939,140109.22807017545,0.864,-164.0,3,1593,91.0,92.0,1000,1,11,10750,90.0,93.0,1870,3,4,1522,89.0,94.0,1250,2,1,48,81.0,95.0,2000,2,5,5000,79.0,96.0,776,2,,,,,,ذوب,71483646978964608,656,600,1000,1405/04/21,1405/07/22,10,خرید,3685685,37369696000.0
28253678449273505,حخزر,کشتیرانی دریای خزر,2026-10-04T09:29:32+03:30,12830.0,2.97,12830.0,2.97,12460.0,12830.0,12830.0,12830.0,39.0,1209960.0,15523786800.0,12830.0,12090,944.0,13.6,1,61,سهم,حمل و نقل آبی,بازار فرابورس,بازار دوم فرابورس,12.27,944.0,0.0,15000000000.0,,22269792.0,11750.0,12460.0,2047.0,12460.0,2026-10-04,192450000000000.0,809960.0,10,10391786800.0,200000.0,1,2566000000.0,309960.0,14,3976786800.0,700000.0,1,8981000000.0,1039178680.0,284056200.0,3.658,6415000000.0,258,17602129,12830.0,0.0,0,0,1,6650,12800.0,0.0,0,0,1,50000,12700.0,0.0,0,0,2,129710,12500.0,0.0,0,0,1,100000,12460.0,0.0,0,0,صف خرید,,,,,,,,,,,,,,,
28280189352163772,پیشران,صندوق س پیشران پارسیان-اهرمی,2026-10-04T09:29:40+03:30,33652.0,-0.79,33314.0,-1.79,33921.0,33320.0,32565.0,34026.0,191.0,1421279.0,47348193173.0,35277.0,32565,0.0,,1,68,صندوق,صندوق سرمایه گذاری قابل معامله,بازار بورس,بازار صندوق های قابل معامله,0.0,,0.0,1000000000.0,,4195970.0,32000.0,35250.0,11240.0,37440.0,2026-10-04,33314000000000.0,1399101.0,94,46609650714.0,15239.0,1,507672046.0,1399101.0,71,46609650714.0,15239.0,1,507672046.0,495847348.0212766,656473953.7183099,0.755,0.0,1,48000,33670.0,33997.0,11847,3,1,2964,33655.0,33998.0,63297,1,1,10000,33653.0,33999.0,26761,1,4,113061,33652.0,34025.0,100000,1,5,4276,33650.0,34026.0,3669,1,,38083.0,38567.0,2026-10-04T09:22:07+03:30,-12.52,,,,,,,,,,,
28291104595448527,کزغال,زغال سنگ پروده طبس,2026-10-04T09:29:24+03:30,6020.0,1.01,5930.0,-0.5,5960.0,6100.0,5800.0,6100.0,296.0,4425794.0,26233884420.0,6130.0,5790,154.0,38.5,1,10,سهم,استخراج زغال سنگ,بازار فرابورس,بازار دوم فرابورس,17.26,154.0,4185.2837,15000000000.0,,46482119.0,5590.0,6080.0,2830.0,6580.0,2026-10-04,88950000000000.0,2920575.0,66,17319009750.0,1505219.0,3,8925948670.0,4360080.0,157,25855274400.0,65714.0,1,389684020.0,262409238.63636363,164683276.43312103,1.593,-8536264650.0,2,18129,6020.0,6030.0,1000,1,2,20000,6000.0,6040.0,49748,3,1,33323,5990.0,6050.0,100108,3,3,340127,5970.0,6060.0,300000,1,4,455116,5960.0,6070.0,421396,4,,,,,,,,,,,,,,,,
28302694692248073,طخود8063,اختیارف خودرو-800-1405/08/06,2026-10-04T09:18:40+03:30,179.0,28.78,179.0,28.78,139.0,179.0,179.0,179.0,1.0,50.0,8950000.0,100000.0,1,0.0,,1.0,34,اختیار معامله,,,,,,,,,,,,,,,,50.0,1,8950.0,0.0,0,0.0,50.0,1,8950.0,0.0,0,0.0,8950.0,8950.0,1.0,0.0,1,50,112.0,145.0,11,2,1,20,110.0,149.0,200,1,1,100,105.0,150.0,400,2,1,100,87.0,170.0,510,2,1,20,85.0,176.0,60,1,,,,,,خودرو,65883838195688438,716,800,1000,1405/05/10,1405/08/06,24,فروش,15894,35300000.0
28320293733348826,وبصادر,بانک صادرات ایران,2026-10-04T09:29:48+03:30,918.0,-1.82,909.0,-2.78,935.0,914.0,907.0,935.0,1504.0,497961186.0,452695199021.0,963.0,907,5.0,181.8,1,57,سهم,بانکها و موسسات اعتباری,بازار بورس,بازار دوم (تابلوی فرعی) بورس,5.22,5.0,0.0,782353972000.0,38.0,3202595595.0,925.0,980.0,469.0,1076.0,2026-10-04,711159760548000.0,289207630.0,521,262889735670.0,207471555.0,2,188591643495.0,466446343.0,422,423999725787.0,30232842.0,3,27481653378.0,504586824.7024952,1004738686.6990521,0.502,-161109990117.0,9,7622698,917.0,918.0,18186338,23,4,1943047,916.0,919.0,24064833,11,2,154862,913.0,920.0,45626623,21,5,4688962,912.0,921.0,1145042,4,3,1013612,911.0,922.0,610000,4,,,,,,,,,,,,,,,,
28325731560106431,کساپا,سایپاشیشه,2026-10-04T09:26:15+03:30,3580.0,-1.65,3580.0,-1.65,3640.0,3610.0,3540.0,3680.0,61.0,862673.0,3091500960.0,3740.0,3540,-94.0,-38.1,1,54,سهم,سایر محصولات کانی غیرفلزی,بازار بورس,بازار دوم (تابلوی فرعی) بورس,14.81,-94.0,1786.0969,3550000000.0,28.0,12565215.0,3560.0,3780.0,2470.0,3990.0,2026-10-04,12709000000000.0,862673.0,43,3088369340.0,0.0,0,0.0,862673.0,23,3088369340.0,0.0,0,0.0,71822542.79069768,134276927.82608694,0.535,0.0,6,862527,3570.0,3620.0,10000,1,1,1500,3560.0,3630.0,11999,2,2,141813,3550.0,3640.0,10000,1,15,254908,3540.0,3650.0,48462,4,1,3000,3450.0,3670.0,99997,1,,,,,,,,,,,,,,,,
28328083629154916,سجام,مجتمع سیمان غرب آسیا,2026-10-04T09:29:12+03:30,10730.0,-1.83,10670.0,-2.38,10930.0,10660.0,10610.0,10930.0,440.0,6455672.0,68886684160.0,11250.0,10610,1760.0,6.1,1,53,سهم,سیمان، آهک و گچ,بازار فرابورس,بازار دوم فرابورس,7.05,1760.0,2448.82,10000000000.0,,21137195.0,10920.0,11580.0,3304.0,11580.0,2026-10-04,106700000000000.0,6055672.0,156,64614020240.0,400000.0,1,4268000000.0,6380914.0,123,68084352380.0,74758.0,1,797667860.0,414192437.43589747,553531320.1626016,0.748,-3470332140.0,1,500,10730.0,10740.0,5000,1,5,13385,10720.0,10750.0,34704,2,1,5000,10710.0,10800.0,8000,2,2,15500,10700.0,10820.0,5000,1,2,50500,10660.0,10890.0,29203,2,,,,,,,,,,,,,,,,
28328710198554144,وبوعلی,سرمایهگذاریبوعلی,2026-10-04T09:29:40+03:30,3770.0,-2.84,3780.0,-2.58,3880.0,3820.0,3770.0,3820.0,103.0,4835153.0,18288232550.0,3990.0,3770,1066.0,3.5,1,56,سهم,سرمایه گذاریها,بازار بورس,بازار دوم (تابلوی اصلی) بورس,7.53,1066.0,0.0,12000000000.0,18.0,17522853.0,3800.0,4050.0,1640.0,4050.0,2026-10-04,45360000000000.0,1935153.0,45,7314878340.0,2700000.0,1,10206000000.0,4635153.0,9,17520878340.0,0.0,0,0.0,162552852.0,1946764260.0,0.083,-10206000000.0,1,9009,3760.0,3770.0,10035170,45,2,60017,3750.0,3800.0,27000,1,2,120015,3740.0,3810.0,300000,1,0,0,0.0,3820.0,114598,1,0,0,0.0,3870.0,50000,1,,,,,,,,,,,,,,,,
28431095903407567,کاسپین,داروسازی کاسپین تامین,2026-10-04T09:29:27+03:30,38680.0,-1.0,38340.0,-1.87,39070.0,39070.0,37900.0,39650.0,800.0,4242089.0,162645440380.0,40240.0,37900,3831.0,10.0,1,43,سهم,مواد و محصولات دارویی,بازار فرابورس,بازار دوم فرابورس,10.29,3831.0,11933.34,7940000000.0,,9906687.0,37760.0,41240.0,8590.0,41240.0,2026-10-04,304419600000000.0,2302040.0,325,88260213600.0,1940049.0,6,74381478660.0,4022089.0,191,154206892260.0,220000.0,1,8434800000.0,271569888.0,807365928.0628272,0.336,-65946678660.0,6,47014,38680.0,38690.0,38157,4,6,37668,38670.0,38700.0,40000,2,3,21200,38500.0,38750.0,32550,2,2,1500,38450.0,39060.0,30000,1,1,200,38400.0,39070.0,455000,16,,,,,,,,,,,,,,,,
28450080638096732,سیمرغ,سیمرغ,2026-10-04T09:29:40+03:30,5180.0,1.37,5180.0,1.37,5110.0,5110.0,5110.0,5240.0,233.0,5954417.0,30814313470.0,5260.0,4960,513.0,10.1,1,01,سهم,زراعت و خدمات وابسته,بازار بورس,بازار اول (تابلوی اصلی) بورس,6.8,513.0,12456.383,29194691000.0,33.0,34165194.0,5100.0,5360.0,1603.0,6270.0,2026-10-04,151228499380000.0,5684207.0,93,29444192260.0,260210.0,1,1347887800.0,5944417.0,62,30792080060.0,0.0,0,0.0,316604217.8494624,496646452.58064514,0.637,-1347887800.0,2,1728,5180.0,5190.0,92077,5,1,1020,5140.0,5200.0,271423,4,4,40000,5130.0,5220.0,92000,3,6,47000,5120.0,5230.0,382647,11,7,61597,5110.0,5240.0,978961,11,,,,,,,,,,,,,,,,
28465609041672169,ضستا7051,اختیارخ شستا-1500-1405/07/15,2026-10-04T09:27:30+03:30,2149.0,-3.89,2144.0,-4.11,2236.0,2000.0,2000.0,2150.0,11.0,141.0,302282000.0,100000.0,1,0.0,,1.0,39,اختیار معامله,,,,,,,,,,,,,,,,91.0,7,195104.0,50.0,1,107200.0,141.0,5,302304.0,0.0,0,0.0,27872.0,60460.799999999996,0.461,-107200.0,2,70,2053.0,2199.0,1,1,1,10,2052.0,2200.0,50,1,2,150,2050.0,2300.0,50,1,1,18,2001.0,2499.0,50,1,2,99,2000.0,0.0,0,0,,,,,,شستا,2400322364771558,3580,1500,1000,1405/04/10,1405/07/15,3,خرید,4663,360570000.0
28551661889797217,زیتون,صندوق س زیتون نماد پایا- مختلط,2026-10-04T09:29:10+03:30,44495.0,0.37,44496.0,0.37,44332.0,44420.0,44420.0,44521.0,120.0,2697483.0,120027302753.0,45661.0,43003,0.0,,1,68,صندوق,صندوق سرمایه گذاری قابل معامله,بازار بورس,بازار صندوق های قابل معامله,0.0,,0.0,2000000000.0,,49047063.0,44099.0,44440.0,31120.0,44440.0,2026-10-04,88992000000000.0,1466663.0,22,65260636848.0,1230820.0,2,54766566720.0,1402659.0,56,62412714864.0,1294824.0,2,57614488704.0,2966392584.0,1114512765.4285715,2.662,2847921984.0,4,41292,44495.0,44500.0,471174,5,2,397,44490.0,44516.0,3000,2,2,10857,44480.0,44518.0,116000,4,1,9857,44470.0,44520.0,88254,1,1,20000,44430.0,44580.0,200000,2,,45118.0,45359.0,2026-10-04T09:22:02+03:30,-1.38,,,,,,,,,,,
28672095850798501,غسالم,سالمین,2026-10-04T09:29:36+03:30,8620.0,-2.82,8630.0,-2.71,8870.0,8820.0,8610.0,8820.0,138.0,2474752.0,21346041330.0,9130.0,8610,1348.0,6.4,1,42,سهم,محصولات غذایی و آشامیدنی به جز قند و شکر,بازار بورس,بازار اول (تابلوی اصلی) بورس,9.48,1348.0,8420.464,6000000000.0,33.0,13135911.0,8740.0,9260.0,3796.0,9900.0,2026-10-04,51780000000000.0,1259964.0,59,10873489320.0,1214788.0,2,10483620440.0,2474752.0,40,21357109760.0,0.0,0,0.0,184296429.15254238,533927744.0,0.345,-10483620440.0,3,182652,8620.0,8650.0,240805,4,46,1692970,8610.0,8800.0,24366,2,1,588,8510.0,8810.0,20004,5,2,5735,8270.0,8820.0,5788,2,1,629,7960.0,8830.0,2175,1,,,,,,,,,,,,,,,,
28690085276199607,طملت7045,اختیارف وبملت-1554-1405/07/22,2026-10-04T09:29:14+03:30,101.0,16.09,109.0,25.29,87.0,100.0,94.0,124.0,354.0,117397.0,12806297000.0,100000.0,1,0.0,,1.0,57,اختیار معامله,,,,,,,,,,,,,,,,95895.0,89,10452555.0,21502.0,3,2343718.0,117397.0,78,12796273.0,0.0,0,0.0,117444.4382022472,164054.78205128206,0.716,-2343718.0,2,577,102.0,104.0,75,3,1,990,101.0,106.0,1100,2,3,1600,100.0,107.0,1500,2,3,1200,99.0,108.0,1769,4,12,9300,98.0,109.0,501,2,,,,,,وبملت,778253364357513,1459,1554,1000,1405/04/27,1405/07/22,10,فروش,951759,163882175000.0
28754017946482168,طذوب7046,اختیارف ذوب-750-1405/07/22,2026-10-04T09:29:11+03:30,89.0,-2.2,96.0,5.49,91.0,102.0,89.0,103.0,60.0,23154.0,2231341000.0,100000.0,1,0.0,,1.0,27,اختیار معامله,,,,,,,,,,,,,,,,23154.0,16,2222784.0,0.0,0,0.0,22896.0,16,2198016.0,258.0,2,24768.0,138924.0,137376.0,1.011,24768.0,1,100,73.0,94.0,500,1,1,10,71.0,95.0,1200,2,2,101,1.0,97.0,10,1,0,0,0.0,102.0,1100,2,0,0,0.0,113.0,100,1,,,,,,ذوب,71483646978964608,656,750,1000,1405/06/21,1405/07/22,10,فروش,237904,13182976000.0
28802119297902069,ضملی9041,اختیارخ فملی-20000-1405/09/04,2026-10-04T09:20:13+03:30,10500.0,5.14,10494.0,5.08,9987.0,10800.0,9301.0,10800.0,14.0,34.0,356796000.0,100000.0,1,0.0,,1.0,27,اختیار معامله,,,,,,,,,,,,,,,,34.0,3,356796.0,0.0,0,0.0,28.0,4,293832.0,6.0,1,62964.0,118932.0,73458.0,1.619,62964.0,1,1,10100.0,10695.0,1,1,1,5,9805.0,10697.0,4,2,1,10,9801.0,10698.0,99,1,1,40,9800.0,10699.0,2,2,1,10,9455.0,10700.0,22,2,,,,,,فملی,35425587644337450,28740,20000,1000,1405/05/17,1405/09/04,52,خرید,14177,971380000.0
28809886765682162,حفاری,حفاری شمال,2026-10-04T09:29:48+03:30,5650.0,-2.92,5650.0,-2.92,5820.0,5680.0,5650.0,5700.0,751.0,37868177.0,214080009850.0,5990.0,5650,2511.0,2.3,1,11,سهم,استخراج نفت گاز و خدمات جنبی جز اکتشاف,بازار بورس,بازار اول (تابلوی فرعی) بورس,2.26,2511.0,0.0,18000000000.0,47.0,146251681.0,5780.0,6030.0,3116.0,6800.0,2026-10-04,101700000000000.0,32003319.0,303,180818752350.0,5731355.0,3,32382155750.0,25264287.0,167,142743221550.0,12470387.0,2,70457686550.0,596761558.910891,854749829.6407186,0.698,38075530800.0,1,40000,5670.0,5680.0,180267,1,6,358000,5660.0,5690.0,20000,1,6,784172,5650.0,5700.0,4623,3,5,52593,5590.0,5750.0,30000,1,1,1000,5570.0,5760.0,155000,3,,,,,,,,,,,,,,,,
28845264556937486,شپلی,پلی اکریل ایران,2026-10-04T09:29:31+03:30,5960.0,-2.93,5960.0,-2.93,6140.0,5960.0,5960.0,5960.0,286.0,26013547.0,155040740120.0,6320.0,5960,237.0,25.1,1,44,سهم,محصولات شیمیایی,بازار پایه فرابورس,بازار پایه زرد فرابورس,0.0,237.0,3310.65,27947726000.0,,57165288.0,6030.0,6490.0,1412.0,7400.0,2026-10-04,166568446960000.0,21513547.0,130,128220740120.0,4500000.0,2,26820000000.0,23313547.0,76,138948740120.0,2700000.0,1,16092000000.0,986313385.5384616,1828272896.3157895,0.539,-10728000000.0,0,0,0.0,5960.0,72648672,366,0,0,0.0,6030.0,104356,3,0,0,0.0,6050.0,73871,2,0,0,0.0,6090.0,56000,1,0,0,0.0,6100.0,61716,3,صف فروش,,,,,,,,,,,,,,,
28854105556435129,ثزاگرس,سرمایه گذاری توسعه عمران زاگرس,2026-10-04T09:29:50+03:30,105600.0,-0.94,107200.0,0.56,106600.0,105000.0,104200.0,109700.0,91.0,152731.0,16379415100.0,109700.0,103500,123.0,871.5,1,70,سهم,انبوه سازی، املاک و مستغلات,بازار پایه فرابورس,بازار پایه زرد فرابورس,0.0,123.0,0.0,66000000.0,,560587.0,106100.0,113100.0,96850.0,199800.0,2026-10-04,7075200000000.0,152730.0,31,16372656000.0,0.0,0,0.0,152730.0,42,16372656000.0,0.0,0,0.0,528150193.5483871,389825142.85714287,1.355,0.0,3,9218,105600.0,108000.0,20579,3,2,2604,105500.0,109000.0,29853,4,1,3000,105400.0,109100.0,5000,1,2,11000,105300.0,109200.0,10000,1,1,500,105200.0,109300.0,3000,1,,,,,,,,,,,,,,,,
28864540805361867,فخوز,فولاد خوزستان,2026-10-04T09:29:18+03:30,3110.0,-2.81,3110.0,-2.81,3200.0,3110.0,3110.0,3170.0,1024.0,117638315.0,365855258650.0,3290.0,3110,222.0,14.0,1,27,سهم,فلزات اساسی,بازار بورس,بازار اول (تابلوی اصلی) بورس,15.16,222.0,4971.935,245000000000.0,34.0,1495669027.0,3150.0,3350.0,1213.0,3350.0,2026-10-04,761950000000000.0,64398343.0,337,200278846730.0,53239972.0,4,165576312920.0,116638315.0,208,362745159650.0,1000000.0,1,3110000000.0,594299248.4569733,1743967113.701923,0.341,-162466312920.0,1,3350,2980.0,3110.0,308689081,1348,2,52000,2820.0,3120.0,394495,5,0,0,0.0,3140.0,391700,4,0,0,0.0,3150.0,311650,3,0,0,0.0,3160.0,1471500,7,,,,,,,,,,,,,,,,
28957320033282870,چکاپا,گروه صنایع کاغذ پارس,2026-10-04T09:28:47+03:30,2586.0,2.99,2586.0,2.99,2511.0,2586.0,2586.0,2586.0,128.0,14505330.0,37510783380.0,2586.0,2436,-183.0,-14.1,1,21,سهم,محصولات کاغذی,بازار بورس,بازار دوم (تابلوی فرعی) بورس,16.9,-183.0,1751.0524,12000000000.0,62.0,153752066.0,2367.0,2511.0,1016.0,2511.0,2026-10-04,31032000000000.0,13505330.0,17,34924783380.0,1000000.0,1,2586000000.0,14505330.0,98,37510783380.0,0.0,0,0.0,2054399022.352941,382763095.7142857,5.367,-2586000000.0,514,383812925,2586.0,0.0,0,0,1,2042,2585.0,0.0,0,0,7,1527798,2511.0,0.0,0,0,2,8000,2500.0,0.0,0,0,1,25000,2470.0,0.0,0,0,صف خرید,,,,,,,,,,,,,,,
29009098342299294,ضبساما727,اختیارخ بساما-9500-14050726,2026-10-04T09:13:04+03:30,3400.0,0.24,3400.0,0.24,3392.0,3400.0,3400.0,3400.0,6.0,201.0,683400000.0,1000000.0,1,0.0,,1.0,66,اختیار معامله,,,,,,,,,,,,,,,,81.0,2,275400.0,120.0,2,408000.0,201.0,2,683400.0,0.0,0,0.0,137700.0,341700.0,0.403,-408000.0,1,100,3252.0,3570.0,8,1,1,100,3251.0,3600.0,100,1,1,5,3250.0,3800.0,79,2,1,100,3202.0,4000.0,11,2,1,100,3101.0,4290.0,40,1,,,,,,بساما,41625340598198551,15090,9500,1000,1405/05/11,1405/07/26,14,خرید,10153,3031080000.0
29103246659575384,خنورح,ح. نورایستا پلاستیک,2026-10-04T09:29:38+03:30,5560.0,0.18,5420.0,-2.34,5550.0,5550.0,5390.0,5660.0,216.0,4525698.0,24525415720.0,5710.0,5390,0.0,,1,34,سهم,خودرو و ساخت قطعات,بازار فرابورس,بازار دوم فرابورس,6.13,,0.0,2000000000.0,,6228228.0,5540.0,5900.0,5540.0,7180.0,2026-10-04,10840000000000.0,4525623.0,66,24528876660.0,0.0,0,0.0,4525623.0,91,24528876660.0,0.0,0,0.0,371649646.3636364,269548095.16483516,1.379,0.0,4,17053,5560.0,5600.0,10196,4,1,9691,5530.0,5610.0,77,1,2,30492,5520.0,5620.0,5077,2,1,3000,5510.0,5630.0,10075,2,1,5000,5460.0,5640.0,10075,2,,,,,,,,,,,,,,,,
29122854902865456,کسعدی,کاشی سعدی,2026-10-04T09:28:47+03:30,30160.0,2.97,30160.0,2.97,29290.0,30160.0,30160.0,30160.0,52.0,977849.0,29491925840.0,30160.0,28420,1590.0,19.0,1,49,سهم,کاشی و سرامیک,بازار بورس,بازار دوم (تابلوی اصلی) بورس,8.38,1590.0,9645.049,1000000000.0,46.0,1729604.0,29290.0,29290.0,5570.0,29290.0,2026-10-04,30160000000000.0,977849.0,16,29491925840.0,0.0,0,0.0,977849.0,25,29491925840.0,0.0,0,0.0,1843245365.0,1179677033.6,1.562,0.0,190,12468577,30160.0,0.0,0,0,1,247,29640.0,0.0,0,0,1,10000,29300.0,0.0,0,0,5,183513,29290.0,0.0,0,0,2,3800,28440.0,0.0,0,0,صف خرید,,,,,,,,,,,,,,,
29247915161590165,دلقما,دارویی لقمان,2026-10-04T09:29:45+03:30,9950.0,-2.93,9970.0,-2.73,10250.0,10000.0,9950.0,10250.0,1586.0,31545540.0,314613339780.0,10550.0,9950,1109.0,9.0,1,43,سهم,مواد و محصولات دارویی,بازار بورس,بازار دوم (تابلوی فرعی) بورس,14.67,1109.0,3889.5786,10235150000.0,32.0,90391399.0,10220.0,10780.0,2180.0,11590.0,2026-10-04,102044445500000.0,31460888.0,701,313665053360.0,0.0,0,0.0,26116497.0,307,260381475090.0,5344391.0,2,53283578270.0,447453713.78031385,848148127.3289902,0.528,53283578270.0,0,0,0.0,9950.0,12006597,309,0,0,0.0,9970.0,50000,1,0,0,0.0,9980.0,10000,2,0,0,0.0,9990.0,13264,2,0,0,0.0,10000.0,8000,4,صف فروش,,,,,,,,,,,,,,,
29280843036902561,ضبساما729,اختیارخ بساما-11000-14050726,2026-10-04T09:28:15+03:30,1851.0,-3.34,1850.0,-3.39,1915.0,1850.0,1850.0,1851.0,2.0,795.0,1470850000.0,1000000.0,1,0.0,,1.0,66,اختیار معامله,,,,,,,,,,,,,,,,795.0,2,1470750.0,0.0,0,0.0,795.0,2,1470750.0,0.0,0,0.0,735375.0,735375.0,1.0,0.0,1,10,1851.0,2222.0,222,1,1,305,1850.0,2300.0,200,1,1,100,1662.0,2790.0,100,1,1,10,1661.0,2794.0,55,1,1,100,1660.0,2796.0,50,1,,,,,,بساما,41625340598198551,15090,11000,1000,1405/05/11,1405/07/26,14,خرید,43324,11988600000.0
29445706475825750,ضدرو7004,اختیارخ دارونو-30000-05/07/15,2026-10-04T09:27:39+03:30,12729.0,-4.1,13226.0,-0.35,13273.0,14499.0,12020.0,14500.0,29.0,1509.0,19957642000.0,500000.0,1,0.0,,1.0,68,اختیار معامله,,,,,,,,,,,,,,,,148.0,3,1957448.0,1361.0,2,18000586.0,1087.0,10,14376662.0,422.0,1,5581372.0,652482.6666666667,1437666.2,0.454,-12419214.0,1,40,12371.0,13199.0,6,1,1,54,12363.0,13900.0,16,1,1,73,12356.0,14500.0,1,1,2,201,12030.0,15690.0,2,1,1,1,12020.0,15700.0,137,3,,,,,,دارونو,34074071043606558,41987,30000,1000,1405/06/14,1405/07/15,3,خرید,10093,57802329000.0
29476351185976242,جملت0507,آتی وبملت-1405/07/22,2026-10-04T09:19:15+03:30,1500.0,-2.53,1500.0,-2.53,1539.0,1500.0,1500.0,1500.0,1.0,50.0,75000000.0,1692.0,1386,0.0,,1,57,سهم,بانکها و موسسات اعتباری,بازار مشتقه,بازار عادی آتی,0.0,,0.0,1000.0,,70.0,1520.0,1540.0,1480.0,1550.0,2026-10-03,1500000.0,50.0,1,75000.0,0.0,0,0.0,0.0,0,0.0,50.0,1,75000.0,75000.0,,,75000.0,1,100,1470.0,1500.0,50,1,1,200,1460.0,1510.0,200,1,1,300,1450.0,1520.0,200,1,1,400,1440.0,1530.0,200,1,1,500,1430.0,1540.0,300,1,,,,,,,,,,,,,,,,
29522243676066516,ضهرم8036,اختیارخ اهرم-100000-1405/08/27,2026-10-04T09:29:23+03:30,3100.0,1.34,2719.0,-11.11,3059.0,2560.0,2058.0,3130.0,197.0,11793.0,32068552000.0,500000.0,1,0.0,,1.0,68,اختیار معامله,,,,,,,,,,,,,,,,11735.0,51,31907465.0,58.0,1,157702.0,11693.0,56,31793267.0,100.0,1,271900.0,625636.568627451,567736.9107142857,1.102,114198.0,3,311,3100.0,3129.0,51,2,1,177,3050.0,3279.0,10,1,1,2,3000.0,3280.0,63,4,2,253,2879.0,3290.0,1,1,1,169,2878.0,3377.0,10,1,,,,,,اهرم,17914401175772326,72311,100000,1000,1405/06/29,1405/08/27,45,خرید,56700,717257874000.0
29590002988360984,سپیدار,سپیدار سیستم آسیا,2026-10-04T09:29:45+03:30,10180.0,-2.86,10190.0,-2.77,10480.0,10200.0,10170.0,10540.0,190.0,1172927.0,11946338980.0,10790.0,10170,830.0,12.3,1,72,سهم,رایانه و فعالیتهای وابسته به آن,بازار فرابورس,بازار اول فرابورس,9.47,830.0,0.0,15700000000.0,,7731607.0,10150.0,10850.0,7280.0,13480.0,2026-10-04,159983000000000.0,1115482.0,48,11366761580.0,42318.0,1,431220420.0,1157800.0,105,11797982000.0,0.0,0,0.0,236807532.91666666,112361733.33333333,2.108,-431220420.0,1,25322,10180.0,10200.0,44388,7,31,625003,10170.0,10220.0,60446,16,1,600,9840.0,10250.0,34,1,1,10000,8320.0,10350.0,121,1,1,791,7070.0,10440.0,1000,1,,,,,,,,,,,,,,,,
29747059672582491,سهرمز,سیمانهرمزگان,2026-10-04T09:28:26+03:30,19580.0,-0.96,19680.0,-0.46,19770.0,19340.0,19340.0,20000.0,48.0,183120.0,3603103060.0,20360.0,19180,1143.0,17.2,1,53,سهم,سیمان، آهک و گچ,بازار بورس,بازار اول (تابلوی اصلی) بورس,7.57,1143.0,7058.1714,7296000000.0,16.0,4732451.0,19530.0,20890.0,16080.0,78500.0,2026-10-04,143585280000000.0,54588.0,13,1074291840.0,128532.0,2,2529509760.0,183120.0,16,3603801600.0,0.0,0,0.0,82637833.84615384,225237600.0,0.367,-2529509760.0,1,9965,19550.0,19580.0,92353,2,2,10472,19520.0,19600.0,40724,2,1,11212,19500.0,19630.0,2661,1,1,9965,19450.0,19700.0,5672,1,1,10212,19400.0,19750.0,28983,2,,,,,,,,,,,,,,,,
29758477602878557,تیپیکو,سرمایه گذاری دارویی تامین,2026-10-04T09:29:15+03:30,29200.0,-2.54,29140.0,-2.74,29960.0,29880.0,29070.0,29960.0,1776.0,17613372.0,513231324530.0,30850.0,29070,2097.0,13.9,1,43,سهم,مواد و محصولات دارویی,بازار بورس,بازار اول (تابلوی اصلی) بورس,14.67,2097.0,0.0,32000000000.0,25.0,36641209.0,29340.0,31140.0,22940.0,76790.0,2026-10-04,932480000000000.0,4987270.0,358,145329047800.0,12626102.0,11,367924612280.0,14743253.0,310,429618392420.0,2870119.0,7,83635267660.0,405947060.8938548,1385865782.0,0.293,-284289344620.0,3,5251,29220.0,29430.0,13927,2,1,19966,29210.0,29490.0,30000,1,1,4420,29200.0,29500.0,54622,4,7,52098,29100.0,29570.0,61591,8,6,29226,29090.0,29650.0,15000,2,,,,,,,,,,,,,,,,
29833953891226346,آبی,ص.س.درآمد ثابت آبی هامون-د,2026-10-04T09:28:56+03:30,10450.0,0.13,10450.0,0.13,10436.0,10450.0,10450.0,10451.0,138.0,13907470.0,145334698135.0,10749.0,10123,0.0,,1,68,صندوق,صندوق سرمایه گذاری قابل معامله,بازار فرابورس,بازار ابزارهاي نوين مالي فرابورس,1067.75,,0.0,2500000000.0,,165731744.0,10407.0,10706.0,10000.0,10706.0,2026-10-04,26125000000000.0,2497343.0,25,26097234350.0,11410127.0,1,119235827150.0,12694891.0,90,132661610950.0,1212579.0,2,12671450550.0,1043889374.0,1474017899.4444444,0.708,-106564376600.0,2,250004163,10450.0,10451.0,26012898,33,2,10001646,10449.0,10452.0,100000,1,1,10000000,10448.0,10453.0,100000,1,1,10000000,10447.0,10454.0,120000,2,1,10000000,10446.0,10455.0,100515,2,,10452.0,10461.0,2026-10-04T09:20:28+03:30,-0.02,,,,,,,,,,,
29860265627578401,ما,بیمه ما,2026-10-04T09:26:23+03:30,3670.0,1.1,3720.0,2.48,3630.0,3560.0,3560.0,3730.0,60.0,2159227.0,8031126450.0,3730.0,3530,755.0,4.9,1,66,سهم,بیمه وصندوق بازنشستگی به جزتامین اجتماعی,بازار بورس,بازار دوم (تابلوی اصلی) بورس,5.0,755.0,0.0,15000000000.0,15.0,12469876.0,3620.0,3950.0,1891.0,4130.0,2026-10-04,55800000000000.0,1975675.0,9,7349511000.0,183552.0,2,682813440.0,1559227.0,30,5800324440.0,600000.0,2,2232000000.0,816612333.3333333,193344148.0,4.224,1549186560.0,1,100000,3660.0,3730.0,518867,3,1,2000,3650.0,3740.0,5000,1,1,92000,3630.0,3760.0,5000,1,1,100000,3620.0,3770.0,5000,1,1,100000,3610.0,3780.0,13000,1,,,,,,,,,,,,,,,,
29875801858560476,مهرگان,گروه مالی مهرگان تامین پارس,2026-10-04T09:29:44+03:30,13160.0,1.94,12700.0,-1.63,12910.0,12590.0,12570.0,13030.0,358.0,6934244.0,88030232170.0,13290.0,12530,1538.0,8.3,1,56,سهم,سرمایه گذاریها,بازار بورس,بازار دوم (تابلوی اصلی) بورس,7.53,1538.0,0.0,36500000000.0,7.0,34227112.0,12710.0,13550.0,5068.0,13550.0,2026-10-04,463550000000000.0,4894933.0,55,62165649100.0,2005864.0,4,25474472800.0,5043393.0,190,64051091100.0,1857404.0,2,23589030800.0,1130284529.090909,337111005.7894737,3.353,-1885442000.0,1,34293,13140.0,13150.0,92325,1,1,94622,13120.0,13200.0,35000,2,1,83553,13100.0,13240.0,16000,3,2,27450,13030.0,13250.0,20000,1,1,510708,13000.0,13270.0,570042,3,,,,,,,,,,,,,,,,
29882244560576007,بزاگرس,نیروگاه زاگرس کوثر,2026-10-04T09:27:54+03:30,7390.0,-0.81,7400.0,-0.67,7450.0,7630.0,7350.0,7630.0,48.0,470224.0,3479081610.0,7670.0,7230,466.0,15.9,1,40,سهم,عرضه برق، گاز، بخاروآب گرم,بازار فرابورس,بازار دوم فرابورس,10.27,466.0,1923.4639,6000000000.0,,9158212.0,7440.0,8030.0,4333.0,9430.0,2026-10-04,44400000000000.0,470224.0,21,3479657600.0,0.0,0,0.0,170224.0,17,1259657600.0,300000.0,1,2220000000.0,165697980.95238093,74097505.88235295,2.236,2220000000.0,2,5414,7400.0,7420.0,48778,3,5,35765,7390.0,7430.0,154965,1,2,80045,7380.0,7500.0,60731,2,3,18964,7370.0,7550.0,5000,1,2,100000,7360.0,7570.0,2300,2,,,,,,,,,,,,,,,,
29974853866926823,فروی,ذوب روی اصفهان,2026-10-04T09:29:18+03:30,2971.0,2.98,2935.0,1.73,2885.0,2900.0,2851.0,2971.0,235.0,12404547.0,36410014949.0,2971.0,2799,186.0,15.8,1,27,سهم,فلزات اساسی,بازار فرابورس,بازار دوم فرابورس,8.72,186.0,2649.954,9000000000.0,,45199168.0,2677.0,2900.0,1810.0,3150.0,2026-10-04,26415000000000.0,12404547.0,44,36407345445.0,0.0,0,0.0,12404547.0,159,36407345445.0,0.0,0,0.0,827439669.2045454,228977015.3773585,3.614,0.0,88,58277596,2971.0,3150.0,612006,5,4,30690,2960.0,0.0,0,0,1,3059,2950.0,0.0,0,0,2,25123,2940.0,0.0,0,0,1,10000,2930.0,0.0,0,0,,,,,,,,,,,,,,,,
29988494699881547,ضتوان736,اختیارخ توان-65000-14050726,2026-10-04T09:29:32+03:30,7698.0,0.59,7096.0,-7.28,7653.0,6962.0,6962.0,7217.0,4.0,15.0,106441000.0,1000000.0,1,0.0,,1.0,68,اختیار معامله,,,,,,,,,,,,,,,,0.0,0,0.0,15.0,1,106440.0,0.0,0,0.0,15.0,1,106440.0,,,,0.0,1,41,7698.0,8000.0,5,1,1,39,7582.0,9000.0,40,1,1,35,7362.0,9217.0,45,1,1,33,7258.0,9357.0,42,1,1,9,4000.0,9497.0,40,1,,,,,,توان,41927452991671109,69595,65000,1000,1405/05/27,1405/07/26,14,خرید,371,968884000.0
30150802188959856,نوید,ص.س.درآمد ثابت فاروس نوید-د,2026-10-04T09:29:37+03:30,10236.0,0.13,10235.0,0.12,10223.0,10235.0,10235.0,10236.0,38.0,3777376.0,38661471561.0,10529.0,9917,0.0,,1,68,صندوق,صندوق سرمایه گذاری قابل معامله,بازار فرابورس,بازار ابزارهاي نوين مالي فرابورس,1067.75,,0.0,400000000.0,,25714872.0,10198.0,10224.0,10000.0,10224.0,2026-10-04,4094000000000.0,10974.0,3,112318890.0,3748831.0,1,38369285285.0,3749175.0,27,38372806125.0,10630.0,1,108798050.0,37439630.0,1421215041.6666667,0.026,-38260487235.0,1,24977807,10235.0,10236.0,4971809,5,1,500000,10234.0,10237.0,100000,1,1,500000,10233.0,10238.0,100000,1,1,500000,10232.0,10239.0,100000,1,1,500000,10231.0,10240.0,100000,1,,10239.0,10240.0,2026-10-04T09:21:03+03:30,-0.04,,,,,,,,,,,
30215634246748564,انار,صندوق س.انارنماد ارزش-درسهام,2026-10-04T09:27:14+03:30,41006.0,0.14,41025.0,0.19,40948.0,41040.0,40990.0,41040.0,10.0,44793.0,1837619220.0,42176.0,39720,0.0,,1,68,صندوق,صندوق سرمایه گذاری قابل معامله,بازار بورس,بازار صندوق های قابل معامله,0.0,,0.0,500000000.0,,12703978.0,40809.0,41000.0,27300.0,41000.0,2026-10-04,20512500000000.0,28293.0,5,1160720325.0,16500.0,1,676912500.0,44793.0,8,1837632825.0,0.0,0,0.0,232144065.00000003,229704103.125,1.011,-676912500.0,1,83500,41006.0,41040.0,32164,5,1,100000,41000.0,41050.0,200148,2,4,163441,40995.0,41100.0,200000,1,3,252294,40990.0,41274.0,49127,1,2,1200000,40989.0,41275.0,292,1,,41885.0,42332.0,2026-10-04T09:21:50+03:30,-2.05,,,,,,,,,,,
30231789123900526,نمرینو,ایران مرینوس,2026-10-04T09:27:07+03:30,9270.0,3.0,9270.0,3.0,9000.0,9270.0,9150.0,9270.0,87.0,3139664.0,29095058710.0,9270.0,8730,953.0,9.7,1,17,سهم,منسوجات,بازار بورس,بازار دوم (تابلوی فرعی) بورس,8.49,953.0,1409.476,2000000000.0,30.0,4068032.0,8310.0,9000.0,6060.0,9600.0,2026-10-04,18540000000000.0,3139664.0,28,29104685280.0,0.0,0,0.0,2695664.0,40,24988805280.0,444000.0,1,4115880000.0,1039453045.7142857,624720132.0,1.664,4115880000.0,46,6440527,9270.0,0.0,0,0,2,99960,9150.0,0.0,0,0,1,10000,9110.0,0.0,0,0,3,30000,9050.0,0.0,0,0,2,10728,9000.0,0.0,0,0,صف خرید,,,,,,,,,,,,,,,
30282299500988269,آکورد,صندوق س. آرمان آتی کوثر-د,2026-10-04T09:29:11+03:30,126130.0,0.13,126130.0,0.13,125972.0,126130.0,126130.0,126131.0,89.0,1920124.0,242185289376.0,129751.0,122193,0.0,,1,68,صندوق,صندوق سرمایه گذاری قابل معامله,بازار فرابورس,بازار ابزارهاي نوين مالي فرابورس,1067.75,,0.0,800000000.0,,34322894.0,125658.0,125973.0,91122.0,125973.0,2026-10-04,100904000000000.0,75095.0,18,9471732350.0,1845029.0,1,232713507770.0,1871492.0,48,236051285960.0,48632.0,1,6133954160.0,526207352.7777778,4917735124.166666,0.107,-226579553610.0,3,200498359,126130.0,126131.0,13984676,17,1,1000000,126129.0,126132.0,1000000,1,1,1000000,126128.0,126133.0,1000000,1,1,1000000,126127.0,126134.0,1000000,1,1,1000000,126126.0,126135.0,1000000,1,,126166.0,126299.0,2026-10-04T09:21:47+03:30,-0.03,,,,,,,,,,,
30430907997908005,نارین,صندوق س ارزش آفرین فولاد-سهام,2026-10-04T09:29:06+03:30,31233.0,-2.33,31648.0,-1.03,31977.0,31977.0,31200.0,31977.0,8.0,165114.0,5225560824.0,32936.0,31018,0.0,,1,68,صندوق,صندوق سرمایه گذاری قابل معامله,بازار بورس,بازار صندوق های قابل معامله,0.0,,0.0,500000000.0,,4348461.0,30400.0,32770.0,12370.0,32770.0,2026-10-04,15824000000000.0,52438.0,3,1659557824.0,112676.0,1,3565970048.0,165114.0,5,5225527872.0,0.0,0,0.0,553185941.3333333,1045105574.4000001,0.529,-3565970048.0,1,50000,31301.0,31800.0,2428,1,1,150000,31300.0,31905.0,9337,2,1,50000,31256.0,32936.0,46010,2,1,50000,31242.0,0.0,0,0,2,342802,31241.0,0.0,0,0,,31780.0,32091.0,2026-10-04T09:21:28+03:30,-0.42,,,,,,,,,,,
30443839313522574,حرهشا,رهشاد سپاهان (سهامی عام,2026-10-04T09:25:29+03:30,29010.0,-1.99,29100.0,-1.69,29600.0,29010.0,29010.0,29800.0,10.0,32508.0,945964690.0,30190.0,29010,351.0,82.9,1,60,سهم,حمل ونقل، انبارداری و ارتباطات,بازار پایه فرابورس,بازار پایه نارنجی فرابورس,0.0,351.0,0.0,200000000.0,,422558.0,29050.0,30230.0,15040.0,32360.0,2026-10-04,5820000000000.0,32508.0,4,945982800.0,0.0,0,0.0,32508.0,4,945982800.0,0.0,0,0.0,236495700.0,236495700.0,1.0,0.0,0,0,0.0,29700.0,103305,3,0,0,0.0,29750.0,20000,1,0,0,0.0,29990.0,200,1,0,0,0.0,30000.0,43962,2,0,0,0.0,30170.0,12500,2,,,,,,,,,,,,,,,,
30447901674051381,ومدیر,گ.مدیریت ارزش سرمایه ص ب کشوری,2026-10-04T09:27:36+03:30,3050.0,-1.61,3020.0,-2.58,3100.0,3070.0,3010.0,3100.0,244.0,12087623.0,36553428110.0,3190.0,3010,904.0,3.3,1,56,سهم,سرمایه گذاریها,بازار بورس,بازار اول (تابلوی فرعی) بورس,7.53,904.0,0.0,26000000000.0,16.0,19968642.0,2943.0,3210.0,1775.0,3229.0,2026-10-04,78520000000000.0,5189659.0,35,15672770180.0,6897964.0,4,20831851280.0,10536762.0,48,31821021240.0,1550861.0,3,4683600220.0,447793433.7142857,662937942.5,0.675,-16148251060.0,1,50000,3060.0,3080.0,11959,4,7,381317,3050.0,3090.0,85500,2,5,764078,3040.0,3100.0,109878,2,1,300000,3030.0,3110.0,47827,8,6,453243,3020.0,3120.0,68784,9,,,,,,,,,,,,,,,,
30471275595533753,طستا7060,اختیارف شستا-2800-1405/07/15,2026-10-04T09:29:31+03:30,1.0,0.0,1.0,0.0,1.0,1.0,1.0,1.0,623.0,280816.0,280816000.0,100000.0,1,0.0,,1.0,39,اختیار معامله,,,,,,,,,,,,,,,,7470.0,3,7470.0,273346.0,1,273346.0,280816.0,9,280816.0,0.0,0,0.0,2490.0,31201.777777777777,0.08,-273346.0,46,44673,1.0,2.0,152246,155,0,0,0.0,3.0,91304,93,0,0,0.0,4.0,171999,172,0,0,0.0,5.0,40000,40,0,0,0.0,7.0,151999,152,,,,,,شستا,2400322364771558,3580,2800,1000,1405/04/10,1405/07/15,3,فروش,3137635,995369550000.0
30507152381699953,ثجوان,تامین مسکن جوانان,2026-10-04T09:20:50+03:30,2326.0,-1.77,2326.0,-1.77,2368.0,2326.0,2326.0,2326.0,12.0,282623.0,657381098.0,2439.0,2297,167.0,13.9,1,70,سهم,انبوه سازی، املاک و مستغلات,بازار پایه فرابورس,بازار پایه زرد فرابورس,0.0,167.0,0.0,10803015000.0,,11315484.0,2232.0,2399.0,1165.0,2478.0,2026-10-04,25127812890000.0,282623.0,2,657381098.0,0.0,0,0.0,282623.0,5,657381098.0,0.0,0,0.0,328690549.0,131476219.6,2.5,0.0,1,739141,2326.0,2430.0,70000,2,1,78428,2304.0,2431.0,149815,2,1,30000,2303.0,2432.0,19370,1,1,30000,2302.0,2435.0,27000,1,1,22000,2301.0,2436.0,1750000,3,,,,,,,,,,,,,,,,
30507739597192201,تخت گاز,صندوق س.بخشی صنایع معیار-ب,2026-10-04T09:29:35+03:30,13791.0,2.73,13532.0,0.8,13424.0,13482.0,13200.0,13749.0,81.0,1163839.0,15749113348.0,13826.0,13022,0.0,,1,68,صندوق,صندوق سرمایه گذاری قابل معامله,بازار فرابورس,بازار ابزارهاي نوين مالي فرابورس,1047.8,,0.0,500000000.0,,4499448.0,12315.0,13562.0,8643.0,14968.0,2026-10-04,6766000000000.0,414474.0,13,5608662168.0,734365.0,2,9937427180.0,1028453.0,29,13917025996.0,120386.0,1,1629063352.0,431435551.38461536,479897448.13793105,0.899,-8308363828.0,1,16,13700.0,13790.0,11539,2,1,3000,13610.0,13791.0,5000,1,2,301000,13605.0,13798.0,1000,1,1,70000,13604.0,13799.0,100000,1,2,8000,13601.0,13800.0,5000,1,,14364.0,14522.0,2026-10-04T09:22:02+03:30,-5.79,,,,,,,,,,,
30607248805781611,ضذوب7044,اختیارخ ذوب-650-1405/07/22,2026-10-04T09:29:49+03:30,64.0,1.59,53.0,-15.87,63.0,58.0,47.0,63.0,611.0,232348.0,12274942000.0,100000.0,1,0.0,,1.0,27,اختیار معامله,,,,,,,,,,,,,,,,204789.0,83,10853817.0,16513.0,1,875189.0,217152.0,72,11509056.0,4150.0,3,219950.0,130768.8795180723,159848.0,0.818,-655239.0,3,2375,65.0,66.0,1150,2,2,1042,64.0,67.0,910,1,3,1625,63.0,68.0,6886,8,4,4000,62.0,69.0,4050,5,1,1000,61.0,70.0,2000,2,,,,,,ذوب,71483646978964608,656,650,1000,1405/04/21,1405/07/22,10,خرید,4850125,121219616000.0
30650426998863332,لبوتان,گروهصنعتیبوتان,2026-10-04T09:29:35+03:30,4630.0,-2.73,4620.0,-2.94,4760.0,4740.0,4620.0,4740.0,205.0,7806964.0,36100827510.0,4900.0,4620,849.0,5.4,1,29,سهم,ماشین آلات و تجهیزات,بازار بورس,بازار دوم (تابلوی اصلی) بورس,5.41,849.0,14924.377,14267348000.0,15.0,18209235.0,4450.0,4850.0,2148.0,4850.0,2026-10-04,65915147760000.0,4113964.0,68,19006513680.0,3693000.0,2,17061660000.0,6885521.0,47,31811107020.0,921443.0,1,4257066660.0,279507554.11764705,676832064.2553191,0.413,-12804593340.0,2,291400,4620.0,4660.0,4258,1,1,7068,4460.0,4670.0,10000,1,1,2154,4350.0,4680.0,61719,3,0,0,0.0,4690.0,15000,1,0,0,0.0,4700.0,50000,1,,,,,,,,,,,,,,,,
30703140537034664,کگهر,معدنی و صنعتی گهرزمین,2026-10-04T09:29:35+03:30,7340.0,-1.34,7250.0,-2.55,7440.0,7300.0,7220.0,7490.0,479.0,12696958.0,92099754740.0,7660.0,7220,870.0,8.3,1,13,سهم,استخراج کانه های فلزی,بازار فرابورس,بازار دوم فرابورس,15.72,870.0,5028.2427,210000000000.0,,74054750.0,7200.0,7720.0,4710.0,9090.0,2026-10-04,1522500000000000.0,7855734.0,234,56954071500.0,4830352.0,4,35020052000.0,12686086.0,124,91974123500.0,0.0,0,0.0,243393467.94871795,741726802.4193548,0.328,-35020052000.0,1,2000,7320.0,7340.0,470,1,3,233853,7310.0,7390.0,1131,1,4,371619,7300.0,7410.0,5000,1,4,125217,7290.0,7440.0,356998,5,2,299725,7260.0,7450.0,78200,2,,,,,,,,,,,,,,,,
30714151942396396,تابان,گروه پتروشیمی تابان فردا,2026-10-04T09:29:49+03:30,23630.0,2.96,23270.0,1.39,22950.0,22950.0,22330.0,23630.0,40569.0,292305253.0,6801854029320.0,23630.0,22270,908.0,25.6,1,44,سهم,محصولات شیمیایی,بازار بورس,بازار دوم (تابلوی اصلی) بورس,10.13,908.0,0.0,300000000000.0,2.0,457264873.0,21760.0,23100.0,12800.0,23100.0,2026-10-04,6981000000000000.0,246680577.0,10522,5740257026790.0,45259759.0,35,1053194591930.0,270375726.0,21488,6291643144020.0,21564610.0,31,501808474700.0,545548092.2628778,292797986.9704021,1.863,-551386117230.0,1776,83796040,23630.0,36900.0,3696,1,57,525882,23620.0,37300.0,2500,1,12,75101,23610.0,37320.0,61978,20,40,220001,23600.0,0.0,0,0,37,257281,23590.0,0.0,0,0,,,,,,,,,,,,,,,,
30719054967088301,تکمبا,کمباین سازی ایران,2026-10-04T09:29:35+03:30,8740.0,0.23,8670.0,-0.57,8720.0,8950.0,8510.0,8950.0,42.0,425897.0,3693614310.0,8980.0,8460,809.0,10.7,1,29,سهم,ماشین آلات و تجهیزات,بازار بورس,بازار دوم (تابلوی فرعی) بورس,5.41,809.0,12163.229,1723027501.0,32.0,6228623.0,8190.0,8850.0,4552.0,9890.0,2026-10-04,14938648433670.0,389909.0,21,3380511030.0,35988.0,1,312015960.0,423679.0,14,3673296930.0,2218.0,1,19230060.0,160976715.7142857,262378352.14285713,0.614,-292785900.0,1,7678,8670.0,8880.0,76780,1,2,74102,8660.0,8890.0,1000,1,1,1163,8560.0,8900.0,125690,3,3,471000,8520.0,8910.0,3000,1,2,12019,8510.0,8940.0,4829,1,,,,,,,,,,,,,,,,
30762816122316539,پتروصبا,صندوق س صنایع اندیشه صبا1-بخشی,2026-10-04T09:13:03+03:30,36820.0,-3.0,36820.0,-3.0,37958.0,36820.0,36820.0,36820.0,1.0,1397.0,51437540.0,39096.0,36820,0.0,,1,68,صندوق,صندوق سرمایه گذاری قابل معامله,بازار بورس,بازار صندوق های قابل معامله,0.0,,0.0,1000000000.0,,2514537.0,35713.0,37885.0,15590.0,37885.0,2026-10-03,36820000000000.0,1397.0,1,51437540.0,0.0,0,0.0,1397.0,1,51437540.0,0.0,0,0.0,51437540.0,51437540.0,1.0,0.0,2,102978,36908.0,37024.0,674,1,1,201987,36871.0,37241.0,114734,2,1,125425,36834.0,37278.0,100478,1,2,56,36822.0,37315.0,97145,1,2,3047,36821.0,37352.0,101147,1,,36929.0,37295.0,2026-10-04T09:21:26+03:30,-0.3,,,,,,,,,,,
30765727085936322,فجام,جامدارو,2026-10-04T09:28:30+03:30,19500.0,-2.3,19520.0,-2.2,19960.0,19420.0,19420.0,19860.0,84.0,556298.0,10857173460.0,20550.0,19370,2172.0,9.0,1,28,سهم,ساخت محصولات فلزی,بازار بورس,بازار دوم (تابلوی فرعی) بورس,7.7,2172.0,6972.442,1200000000.0,48.0,3812744.0,18420.0,19980.0,7800.0,19980.0,2026-10-04,23424000000000.0,529281.0,16,10331565120.0,27017.0,1,527371840.0,556298.0,23,10858936960.0,0.0,0,0.0,645722820.0,472127693.9130435,1.368,-527371840.0,1,5000,19510.0,19820.0,605,2,3,4002,19500.0,19830.0,2000,1,6,9555,19490.0,19840.0,1000,1,5,14357,19480.0,19860.0,9000,1,4,69064,19470.0,19870.0,25500,1,,,,,,,,,,,,,,,,
30797211585081891,ضستا9052,اختیارخ شستا-2800-1405/09/11,2026-10-04T09:00:28+03:30,1100.0,-8.33,1100.0,-8.33,1200.0,1100.0,1100.0,1100.0,2.0,40.0,44000000.0,100000.0,1,0.0,,1.0,39,اختیار معامله,,,,,,,,,,,,,,,,40.0,2,44000.0,0.0,0,0.0,40.0,1,44000.0,0.0,0,0.0,22000.0,44000.0,0.5,0.0,1,25,950.0,1100.0,105,2,2,600,902.0,1885.0,30,1,1,50,901.0,0.0,0,0,1,50,900.0,0.0,0,0,1,25,700.0,0.0,0,0,,,,,,شستا,2400322364771558,3580,2800,1000,1405/06/14,1405/09/11,59,خرید,3967,146400000.0
30829203706095076,ستران,سیمان تهران,2026-10-04T09:29:36+03:30,15010.0,-1.25,15090.0,-0.72,15200.0,15490.0,14910.0,15490.0,269.0,3585806.0,54102580970.0,15650.0,14750,1902.0,7.9,1,53,سهم,سیمان، آهک و گچ,بازار بورس,بازار اول (تابلوی اصلی) بورس,7.6,1902.0,4953.564,16999999999.0,39.0,25532972.0,14550.0,15450.0,7600.0,16070.0,2026-10-04,256529999984910.0,1693536.0,78,25555458240.0,1892270.0,3,28554354300.0,2846521.0,93,42954001890.0,739285.0,2,11155810650.0,327634080.0,461870988.0645161,0.709,-17398543650.0,1,2000,15020.0,15200.0,6785,2,4,20330,15010.0,15250.0,500,1,9,221023,15000.0,15290.0,18029,2,1,132973,14970.0,15300.0,137973,2,4,120000,14940.0,15380.0,100000,1,,,,,,,,,,,,,,,,
30852391633490755,ثفارس,عمرانوتوسعهفارس,2026-10-04T09:29:48+03:30,14150.0,-1.32,13950.0,-2.72,14340.0,14030.0,13910.0,14330.0,1300.0,18980306.0,264710052980.0,14770.0,13910,264.0,52.8,1,70,سهم,انبوه سازی، املاک و مستغلات,بازار بورس,بازار دوم (تابلوی فرعی) بورس,6.96,264.0,0.0,4050000000.0,71.0,50818342.0,14010.0,15080.0,12130.0,22390.0,2026-10-04,56497500000000.0,18844797.0,544,262884918150.0,123759.0,1,1726438050.0,18567526.0,276,259016987700.0,401030.0,1,5594368500.0,483244334.8345588,938467346.7391304,0.515,3867930450.0,3,2850,14140.0,14150.0,26956,2,3,72000,14130.0,14210.0,10000,1,1,29757,14120.0,14220.0,13700,2,5,17392,14110.0,14230.0,23000,3,2,103000,14100.0,14240.0,9300,1,,,,,,,,,,,,,,,,
30856181886835516,ضبساما734,اختیارخ بساما-16000-14050726,2026-10-04T09:18:40+03:30,30.0,-11.76,30.0,-11.76,34.0,29.0,29.0,30.0,4.0,1051.0,31480000.0,1000000.0,1,0.0,,1.0,66,اختیار معامله,,,,,,,,,,,,,,,,1051.0,2,31530.0,0.0,0,0.0,50.0,1,1500.0,1001.0,1,30030.0,15765.0,1500.0,10.51,30030.0,1,111,11.0,29.0,600,1,1,100,10.0,30.0,2999,3,3,3000,2.0,34.0,1000,1,5,3101,1.0,40.0,1000,1,0,0,0.0,0.0,0,0,,,,,,بساما,41625340598198551,15090,16000,1000,1405/06/29,1405/07/26,14,خرید,18448,15849080000.0
30974710508383145,شسینا,صنایعشیمیاییسینا,2026-10-04T09:29:23+03:30,4240.0,-2.97,4240.0,-2.97,4370.0,4240.0,4240.0,4260.0,211.0,7535367.0,31952200120.0,4500.0,4240,523.0,8.1,1,44,سهم,محصولات شیمیایی,بازار بورس,بازار اول (تابلوی فرعی) بورس,10.14,523.0,1995.2438,4800000000.0,54.0,15113604.0,4190.0,4520.0,2207.0,4750.0,2026-10-04,20352000000000.0,5075367.0,95,21519556080.0,2460000.0,1,10430400000.0,7535367.0,56,31949956080.0,0.0,0,0.0,226521642.9473684,570534930.0,0.397,-10430400000.0,1,5000,4190.0,4240.0,75583,2,0,0,0.0,4260.0,1173372,7,0,0,0.0,4290.0,900000,3,0,0,0.0,4300.0,108110,3,0,0,0.0,4390.0,4229,1,,,,,,,,,,,,,,,,
30977409629493496,نیک گستر,صندوق س توسعه سرمایه نیکی-ثابت,2026-10-04T08:49:21+03:30,12532.0,0.11,12532.0,0.11,12518.0,12532.0,12532.0,12532.0,3.0,2804314.0,35143663048.0,12893.0,12143,0.0,,1,68,صندوق,صندوق سرمایه گذاری قابل معامله,بازار بورس,بازار صندوق های قابل معامله,0.0,,0.0,600000000.0,,18332792.0,12488.0,12519.0,11151.0,111383.0,2026-10-04,7519200000000.0,0.0,0,0.0,2804314.0,1,35143663048.0,0.0,0,0.0,2804314.0,1,35143663048.0,,,,0.0,5,47195686,12532.0,12533.0,10000000,1,1,1000000,12531.0,12534.0,1000000,1,1,1000000,12530.0,12535.0,1000000,1,1,1000000,12529.0,12536.0,1000000,1,1,1000000,12528.0,12537.0,1000000,1,,12522.0,12532.0,2026-10-04T09:21:12+03:30,0.08,,,,,,,,,,,
31024260997481994,غگرجی,بیسکویت گرجی,2026-10-04T09:29:48+03:30,4120.0,3.0,4120.0,3.0,4000.0,4120.0,4120.0,4120.0,60.0,1922105.0,7919072600.0,4120.0,3880,45.0,91.6,1,42,سهم,محصولات غذایی و آشامیدنی به جز قند و شکر,بازار بورس,بازار دوم (تابلوی فرعی) بورس,9.48,45.0,2598.895,3750000000.0,31.0,9285905.0,3720.0,4040.0,1185.0,4710.0,2026-10-04,15450000000000.0,1842675.0,10,7591821000.0,0.0,0,0.0,1442675.0,34,5943821000.0,400000.0,2,1648000000.0,759182100.0,174818264.70588237,4.343,1648000000.0,34,2952258,4120.0,4240.0,150000,1,1,1300,4060.0,4250.0,350000,2,2,330000,4040.0,4350.0,150000,2,4,901300,3890.0,4360.0,50000,1,6,712663,3880.0,4370.0,2000,1,,,,,,,,,,,,,,,,
31039212000825988,آوند,صندوق س. آوند مفید-د,2026-10-04T09:29:50+03:30,30663.0,0.1,30663.0,0.1,30631.0,30663.0,30663.0,30664.0,2543.0,138063646.0,4233513711379.0,31549.0,29713,0.0,,1,68,صندوق,صندوق سرمایه گذاری قابل معامله,بازار فرابورس,بازار ابزارهاي نوين مالي فرابورس,1067.75,,0.0,22600000000.0,,668277813.0,30534.0,30632.0,22378.0,30632.0,2026-10-04,692983800000000.0,44178925.0,874,1354658377275.0,93804855.0,7,2876338268865.0,75389916.0,1024,2311680994308.0,62593864.0,5,1919315651832.0,1549952376.744851,2257500971.0039062,0.687,-957022617033.0,1,199873125,30663.0,30664.0,50500015,31,14,10943147,30662.0,30665.0,3503120,12,1,10000000,30661.0,30666.0,1033000,2,7,10180852,30660.0,30667.0,1000033,2,2,10160000,30659.0,30668.0,1165847,4,,30652.0,30672.0,2026-10-04T09:22:13+03:30,0.04,,,,,,,,,,,
31078457170311964,ولشرق,لیزینگ ایران و شرق,2026-10-04T09:29:52+03:30,7860.0,2.61,7870.0,2.74,7660.0,7880.0,7790.0,7880.0,531.0,25056375.0,197289244840.0,7880.0,7440,406.0,19.4,1,58,سهم,سایر واسطه گریهای مالی,بازار فرابورس,بازار اول فرابورس,6.51,406.0,0.0,2000000000.0,,19553393.0,7350.0,7790.0,1936.0,7790.0,2026-10-04,15740000000000.0,24584662.0,191,193481289940.0,236713.0,1,1862931310.0,23475585.0,102,184752853950.0,1345790.0,1,10591367300.0,1012991046.8062826,1811302489.7058823,0.559,8728435990.0,4,137225,7850.0,7870.0,644234,4,2,9040,7840.0,7880.0,1136147,13,2,5295,7830.0,0.0,0,0,1,100000,7820.0,0.0,0,0,3,116199,7810.0,0.0,0,0,,,,,,,,,,,,,,,,
31116454489395198,تادیکو,س.کشت ودام صنایع لبنی تامین,2026-10-04T09:29:35+03:30,7770.0,1.17,7690.0,0.13,7680.0,7530.0,7530.0,7780.0,739.0,2460398.0,18914873730.0,7910.0,7450,546.0,14.1,1,01,سهم,زراعت و خدمات وابسته,بازار بورس,بازار دوم (تابلوی اصلی) بورس,6.8,546.0,0.0,15000000000.0,6.0,27596950.0,7520.0,7960.0,6333.0,9220.0,2026-10-04,115350000000000.0,2456925.0,73,18893753250.0,3473.0,1,26707370.0,2460398.0,629,18920460620.0,0.0,0,0.0,258818537.67123288,30080223.561208267,8.604,-26707370.0,5,39560,7770.0,7780.0,145613,8,2,321729,7760.0,7790.0,23914,6,1,2571,7750.0,7800.0,23465,10,1,120000,7740.0,7810.0,3342,4,1,10000,7730.0,7820.0,82647,2,,,,,,,,,,,,,,,,
31187967817730327,ضخود8052,اختیارخ خودرو-340-1405/08/06,2026-10-04T09:29:18+03:30,393.0,5.08,375.0,0.27,374.0,371.0,355.0,393.0,52.0,12513.0,4694114000.0,100000.0,1,0.0,,1.0,34,اختیار معامله,,,,,,,,,,,,,,,,10123.0,15,3796125.0,2390.0,3,896250.0,11365.0,15,4261875.0,1148.0,3,430500.0,253075.0,284125.0,0.891,-465750.0,1,1000,390.0,398.0,486,1,2,60,372.0,399.0,1005,2,2,100,370.0,400.0,1027,3,2,1030,369.0,410.0,455,2,1,100,361.0,450.0,951,4,,,,,,خودرو,65883838195688438,716,340,1000,1405/05/10,1405/08/06,24,خرید,153901,8721596000.0
31188566503248753,نیلی,صندوق س. نوع دوم نیلی دماوند-د,2026-10-04T09:28:21+03:30,10243.0,0.12,10243.0,0.12,10231.0,10243.0,10243.0,10243.0,12.0,5604222.0,57404045946.0,10537.0,9925,0.0,,1,68,صندوق,صندوق سرمایه گذاری قابل معامله,بازار فرابورس,بازار ابزارهاي نوين مالي فرابورس,1067.75,,0.0,9000000000.0,,62626447.0,10204.0,10231.0,10010.0,10283.0,2026-10-04,92187000000000.0,9472.0,1,97021696.0,5594750.0,1,57307024250.0,604222.0,6,6189045946.0,5000000.0,1,51215000000.0,97021696.0,1031507657.6666667,0.094,-6092024250.0,1,494405250,10243.0,10244.0,30145000,2,1,10000000,10242.0,10245.0,250000,1,1,10000000,10241.0,10246.0,250000,1,1,5000000,10240.0,10247.0,250000,1,1,5000000,10239.0,10248.0,250000,1,,10231.0,10243.0,2026-10-04T09:21:17+03:30,0.12,,,,,,,,,,,
31230051169165044,طعام,صندوق س.بخشی بازده صنایع2-ب,2026-10-04T09:28:54+03:30,33700.0,2.29,33706.0,2.31,32944.0,33500.0,33500.0,33920.0,5.0,5536.0,186594666.0,33932.0,31956,0.0,,1,68,صندوق,صندوق سرمایه گذاری قابل معامله,بازار فرابورس,بازار ابزارهاي نوين مالي فرابورس,1047.83,,0.0,500000000.0,,3039358.0,30900.0,33221.0,10016.0,33302.0,2026-10-04,16853000000000.0,35.0,1,1179710.0,5501.0,1,185416706.0,5536.0,5,186596416.0,0.0,0,0.0,1179710.0,37319283.2,0.032,-185416706.0,2,11000,32701.0,33700.0,19106,3,1,10000,32700.0,33750.0,1249,1,1,10000,32690.0,33800.0,1865,2,1,10000,32570.0,33850.0,61500,2,1,10000,32420.0,33890.0,50000,1,,32771.0,33137.0,2026-10-04T09:21:19+03:30,2.85,,,,,,,,,,,
31248540252187559,مروارید,صندوق س. مروارید آتا-س,2026-10-04T09:25:49+03:30,22750.0,-0.41,22771.0,-0.32,22844.0,23050.0,22750.0,23050.0,18.0,222316.0,5062296450.0,23529.0,22159,0.0,,1,68,صندوق,صندوق سرمایه گذاری قابل معامله,بازار فرابورس,بازار ابزارهاي نوين مالي فرابورس,1047.83,,0.0,500000000.0,,3013337.0,22400.0,23100.0,11840.0,23100.0,2026-10-04,11385500000000.0,13553.0,4,308615363.0,208763.0,1,4753742273.0,213511.0,14,4861858981.0,8805.0,1,200498655.0,77153840.75,347275641.5,0.222,-4553243618.0,1,796166,22750.0,22848.0,2030,1,2,2000000,22748.0,22849.0,500020,3,1,1000000,22747.0,23050.0,250,1,1,250,22102.0,23529.0,110,1,0,0,0.0,0.0,0,0,,22885.0,23102.0,2026-10-04T09:21:47+03:30,-0.5,,,,,,,,,,,
31253774350964911,اخزا407,اسناد خزانه-م7بودجه04-071110,2026-10-04T09:29:22+03:30,431800.0,0.18,431300.0,0.07,431010.0,431070.0,430000.0,432000.0,57.0,618963.0,266958759940.0,443940.0,418080,0.0,,1.0,69,اوراق بدهی,,,,,,,,,,,,,,,,41056.0,7,17707452800.0,577907.0,5,249251289100.0,101041.0,4,43578983300.0,517922.0,12,223379758600.0,2529636114.285714,10894745825.0,0.232,-25871530500.0,2,84705,431800.0,433330.0,2000,1,2,53827,431750.0,433990.0,2000,1,1,19500,430760.0,434980.0,1990,3,1,50000,430740.0,434990.0,3475,1,1,1000,430660.0,437970.0,5000,1,,,,,,,,,,,,,,,,
31264119723283470,ضسپا7028,اختیارخ خساپا-550-1405/07/29,2026-10-04T09:28:53+03:30,174.0,5.45,159.0,-3.64,165.0,154.0,153.0,174.0,13.0,2347.0,372076000.0,100000.0,1,0.0,,1.0,34,اختیار معامله,,,,,,,,,,,,,,,,1097.0,5,174423.0,1250.0,1,198750.0,2347.0,8,373173.0,0.0,0,0.0,34884.6,46646.625,0.748,-198750.0,3,185,156.0,174.0,2150,4,1,1000,155.0,179.0,300,3,3,400,152.0,184.0,500,2,1,1000,151.0,185.0,1035,3,1,20,150.0,194.0,400,1,,,,,,خساپا,44891482026867833,686,550,1000,1405/04/27,1405/07/29,17,خرید,1153993,1450614000.0
31278515339080281,مختلط,صندوق س.مختلط کاریزما-م,2026-10-04T09:25:07+03:30,53400.0,1.86,53468.0,1.99,52424.0,53400.0,53400.0,53996.0,53.0,758218.0,40540405141.0,53996.0,50852,0.0,,1,68,صندوق,صندوق سرمایه گذاری قابل معامله,بازار فرابورس,بازار ابزارهاي نوين مالي فرابورس,1047.83,,0.0,500000000.0,,4217079.0,49960.0,53121.0,38100.0,53121.0,2026-10-04,26734000000000.0,200637.0,17,10727659116.0,557581.0,1,29812740908.0,758218.0,24,40540400024.0,0.0,0,0.0,631038771.5294118,1689183334.3333335,0.374,-29812740908.0,6,2460652,53400.0,53421.0,9600,1,1,250000,53390.0,53983.0,4667,1,2,250500,53380.0,53984.0,24270,1,1,1240,52522.0,53994.0,4600,1,3,1976,50852.0,53995.0,28901,2,,53535.0,53826.0,2026-10-04T09:22:29+03:30,-0.13,,,,,,,,,,,
31366347648583654,ارمغان,ص سرمایه گذاری ارمغان ایرانیان,2026-10-04T09:24:27+03:30,10237.0,0.12,10236.0,0.11,10225.0,10236.0,10236.0,10237.0,28.0,17097180.0,175013086555.0,10531.0,9919,0.0,,1,68,صندوق,صندوق سرمایه گذاری قابل معامله,بازار بورس,بازار صندوق های قابل معامله,0.0,,0.0,5000000000.0,,12558837.0,10200.0,10225.0,10010.0,10273.0,2026-10-04,51180000000000.0,10378410.0,6,106233404760.0,6718770.0,2,68773329720.0,423195.0,8,4331824020.0,16673985.0,1,170674910460.0,17705567460.0,541478002.5,32.699,101901580740.0,1,199960405,10236.0,10237.0,43648525,1,3,1200000,10235.0,10238.0,1200000,3,3,1200000,10234.0,10239.0,1200000,3,3,1200000,10233.0,10240.0,1200000,3,3,1200000,10232.0,10241.0,1200000,3,,10217.0,10236.0,2026-10-04T09:21:23+03:30,0.19,,,,,,,,,,,
31379272181300633,سپنتارود,ص.س.د.ثابت ماه آفرید سپینود-د,2026-10-04T09:19:06+03:30,17341.0,0.14,17341.0,0.14,17317.0,17340.0,17340.0,17341.0,3.0,11026.0,191199891.0,17836.0,16798,0.0,,1,68,صندوق,صندوق سرمایه گذاری قابل معامله,بازار فرابورس,بازار ابزارهاي نوين مالي فرابورس,1067.75,,0.0,200000000.0,,11046895.0,17272.0,17318.0,12713.0,17318.0,2026-10-04,3468200000000.0,9051.0,2,156953391.0,1975.0,1,34248475.0,1975.0,1,34248475.0,9051.0,1,156953391.0,78476695.5,34248475.0,2.291,122704916.0,1,14998025,17340.0,17341.0,14990949,1,1,200000,17339.0,17342.0,10000,1,1,200000,17338.0,17343.0,10000,1,1,200000,17337.0,17344.0,10000,1,1,200000,17336.0,17345.0,10000,1,,17342.0,17367.0,2026-10-04T09:23:01+03:30,-0.01,,,,,,,,,,,
31389079379596565,فرا الگوریتم,صندوق س.بخشی فرا الگوریتم1-ب,2026-10-04T09:27:34+03:30,39236.0,2.21,38527.0,0.36,38389.0,39536.0,38404.0,39536.0,11.0,18297.0,704936933.0,39540.0,37238,0.0,,1,68,صندوق,صندوق سرمایه گذاری قابل معامله,بازار فرابورس,بازار ابزارهاي نوين مالي فرابورس,1047.84,,0.0,1000000000.0,,1188342.0,36603.0,39000.0,10901.0,39000.0,2026-10-04,38527000000000.0,18297.0,9,704928519.0,0.0,0,0.0,869.0,2,33479963.0,17428.0,1,671448556.0,78325391.0,16739981.5,4.679,671448556.0,1,6380,38936.0,39235.0,174,1,1,1000000,38634.0,39236.0,997714,1,1,1000000,38633.0,39237.0,1000000,1,1,1000000,38632.0,39238.0,1000000,1,1,1000000,38631.0,39239.0,1000000,1,,38843.0,39277.0,2026-10-04T09:22:03+03:30,-0.81,,,,,,,,,,,
31400839654504249,تفارس,تامین سرمایه خلیج فارس,2026-10-04T09:29:40+03:30,1828.0,0.77,1794.0,-1.1,1814.0,1850.0,1778.0,1850.0,81.0,4192722.0,7522772389.0,1868.0,1760,329.0,5.5,1,67,سهم,فعالیتهای کمکی به نهادهای مالی واسط,بازار فرابورس,بازار دوم فرابورس,9.07,329.0,0.0,30000000000.0,,40733009.0,1777.0,1884.0,1029.0,2330.0,2026-10-04,53820000000000.0,3973089.0,27,7127721666.0,0.0,0,0.0,3973089.0,22,7127721666.0,0.0,0,0.0,263989691.3333333,323987348.4545455,0.815,0.0,1,105583,1827.0,1842.0,150000,1,1,10000,1789.0,1843.0,118394,3,1,2900,1784.0,1844.0,20000,1,4,72938,1783.0,1845.0,38000,1,2,300000,1782.0,1848.0,124266,2,,,,,,,,,,,,,,,,
31439331446000660,ضستا8061,اختیارخ شستا-3750-1405/08/13,2026-10-04T09:29:28+03:30,390.0,-4.18,375.0,-7.86,407.0,392.0,331.0,405.0,257.0,49065.0,18378701000.0,100000.0,1,0.0,,1.0,39,اختیار معامله,,,,,,,,,,,,,,,,48716.0,79,18268500.0,349.0,1,130875.0,48408.0,43,18153000.0,657.0,1,246375.0,231246.835443038,422162.79069767444,0.548,115500.0,2,100,391.0,398.0,497,1,3,982,390.0,400.0,211,3,2,160,389.0,405.0,1050,2,2,526,384.0,409.0,100,1,2,150,383.0,410.0,1552,6,,,,,,شستا,2400322364771558,3580,3750,1000,1405/05/17,1405/08/13,31,خرید,544765,155808760000.0
31483960413680009,ضتاص9014,اختیارخ تاصیکو-11520-05/09/04,2026-10-04T09:24:43+03:30,28500.0,1.67,28500.0,1.67,28031.0,28500.0,28500.0,28500.0,1.0,1.0,28500000.0,100000.0,1,0.0,,1.0,13,اختیار معامله,,,,,,,,,,,,,,,,1.0,1,28500.0,0.0,0,0.0,1.0,1,28500.0,0.0,0,0.0,28500.0,28500.0,1.0,0.0,1,9,27001.0,28500.0,30,2,1,5,27000.0,28922.0,36,1,2,7,26860.0,35000.0,12,1,1,5,26853.0,0.0,0,0,1,100,26852.0,0.0,0,0,,,,,,تاصیکو,23293437377896568,37890,11520,1000,1405/05/10,1405/09/04,52,خرید,7960,37890000.0
31569200988534548,لبخند,صندوق س. لبخند فارابی-د,2026-10-04T09:29:52+03:30,31243.0,0.13,31243.0,0.13,31203.0,31243.0,31243.0,31244.0,2681.0,114289051.0,3570767494378.0,32139.0,30267,0.0,,1,68,صندوق,صندوق سرمایه گذاری قابل معامله,بازار فرابورس,بازار ابزارهاي نوين مالي فرابورس,1067.75,,0.0,12000000000.0,,558787967.0,31122.0,31204.0,22621.0,31204.0,2026-10-04,374916000000000.0,44852172.0,909,1401316409796.0,69382064.0,6,2167703825552.0,73784207.0,1308,2305239979301.0,40450029.0,5,1263780256047.0,1541602210.9966996,1762415886.3157492,0.875,-903923569505.0,50,349941657,31243.0,31244.0,49733802,87,7,2133467,31242.0,31245.0,1243705,12,1,2000000,31241.0,31246.0,1000000,1,2,2001769,31240.0,31247.0,1000000,1,1,2000000,31239.0,31248.0,1813559,5,,31241.0,31272.0,2026-10-04T09:22:02+03:30,0.01,,,,,,,,,,,
31787507070992420,فارمانی,صندوق س آرمان آتی- بخشی,2026-10-04T09:29:31+03:30,35990.0,-2.27,35734.0,-2.97,36826.0,35851.0,35722.0,36100.0,196.0,2571300.0,91883073890.0,37930.0,35722,0.0,,1,68,صندوق,صندوق سرمایه گذاری قابل معامله,بازار بورس,بازار صندوق های قابل معامله,0.0,,0.0,1000000000.0,,10917392.0,35110.0,37681.0,9820.0,37681.0,2026-10-04,35734000000000.0,2471300.0,97,88309434200.0,100000.0,1,3573400000.0,2530932.0,75,90440324088.0,40368.0,1,1442510112.0,910406538.1443299,1205870987.8400002,0.755,-2130889888.0,1,36437,35990.0,36050.0,1386,1,1,100701,35833.0,36099.0,26614,1,2,100707,35827.0,36100.0,1412,2,1,6626,35826.0,36230.0,1380,1,1,10000,35825.0,36298.0,182641,2,,35244.0,35614.0,2026-10-04T09:23:03+03:30,1.39,,,,,,,,,,,
31791737198597563,غشان,شیرپاستوریزهپگاهخراسان,2026-10-04T09:29:32+03:30,21560.0,2.91,21460.0,2.43,20950.0,20450.0,20450.0,21570.0,285.0,4054056.0,86985162240.0,21570.0,20330,1497.0,14.3,1,42,سهم,محصولات غذایی و آشامیدنی به جز قند و شکر,بازار بورس,بازار دوم (تابلوی اصلی) بورس,9.48,1497.0,25875.604,2363000000.0,29.0,10630844.0,19800.0,21320.0,3332.0,21320.0,2026-10-04,50709980000000.0,4054056.0,81,87000041760.0,0.0,0,0.0,4054056.0,95,87000041760.0,0.0,0,0.0,1074074589.6296296,915789913.263158,1.173,0.0,3,13550,21550.0,21560.0,17728,1,2,5300,21540.0,21570.0,40840,5,2,3000,21530.0,0.0,0,0,2,10250,21520.0,0.0,0,0,1,100000,21130.0,0.0,0,0,,,,,,,,,,,,,,,,
31849521337902204,طستا7064,اختیارف شستا-3750-1405/07/15,2026-10-04T09:29:48+03:30,100.0,-10.71,136.0,21.43,112.0,130.0,92.0,160.0,4651.0,1848683.0,251647202000.0,100000.0,1,0.0,,1.0,39,اختیار معامله,,,,,,,,,,,,,,,,1843037.0,430,250653032.0,300.0,1,40800.0,1843037.0,451,250653032.0,300.0,1,40800.0,582914.0279069768,555771.689578714,1.049,0.0,4,3650,103.0,104.0,480,1,7,4681,102.0,105.0,1333,2,8,4708,101.0,106.0,2035,3,8,5582,100.0,107.0,2600,4,10,7509,99.0,108.0,3000,3,,,,,,شستا,2400322364771558,3580,3750,1000,1405/06/18,1405/07/15,3,فروش,2417281,6247862540000.0
31879190587976736,خوساز,محورسازانایرانخودرو,2026-10-04T09:29:44+03:30,20430.0,2.97,20370.0,2.67,19840.0,20420.0,19880.0,20430.0,126.0,1494069.0,30434613970.0,20430.0,19250,-286.0,-71.2,1,34,سهم,خودرو و ساخت قطعات,بازار بورس,بازار دوم (تابلوی اصلی) بورس,-23.87,-286.0,97533.31,1119876222.0,37.0,2581730.0,18320.0,19890.0,10590.0,20950.0,2026-10-04,22811878642140.0,1492794.0,31,30408213780.0,0.0,0,0.0,692794.0,54,14112213780.0,800000.0,1,16296000000.0,980910121.9354839,261337292.2222222,3.753,16296000000.0,3,10546,20430.0,21000.0,4384,1,4,62027,20010.0,0.0,0,0,3,11255,20000.0,0.0,0,0,2,20000,19910.0,0.0,0,0,2,110000,19900.0,0.0,0,0,,,,,,,,,,,,,,,,
31913287805282551,سیناد,صندوق س.سپهرسودمند سینا-د,2026-10-04T09:27:44+03:30,27488.0,0.12,27487.0,0.12,27455.0,27487.0,27487.0,27488.0,5.0,139922.0,3846060401.0,28278.0,26632,0.0,,1,68,صندوق,صندوق سرمایه گذاری قابل معامله,بازار فرابورس,بازار ابزارهاي نوين مالي فرابورس,1067.75,,0.0,2650000000.0,,29823683.0,27378.0,27455.0,20149.0,27455.0,2026-10-04,72840550000000.0,24425.0,2,671369975.0,115497.0,1,3174666039.0,115535.0,3,3175710545.0,24387.0,1,670325469.0,335684987.5,1058570181.6666666,0.317,-2504340570.0,2,39999457,27487.0,27488.0,23975613,1,1,1000000,27486.0,27489.0,1000000,1,1,1000000,27485.0,27490.0,1000000,1,1,1000000,27484.0,27491.0,1000000,1,1,1000000,27483.0,27492.0,1000000,1,,27454.0,27471.0,2026-10-04T09:23:08+03:30,0.12,,,,,,,,,,,
31927679725527983,ضذوب7047,اختیارخ ذوب-800-1405/07/22,2026-10-04T09:29:48+03:30,2.0,-60.0,2.0,-60.0,5.0,3.0,1.0,3.0,2482.0,1158456.0,2379516000.0,100000.0,1,0.0,,1.0,27,اختیار معامله,,,,,,,,,,,,,,,,898819.0,49,1797638.0,230577.0,4,461154.0,1097504.0,31,2195008.0,31892.0,1,63784.0,36686.489795918365,70806.70967741935,0.518,-397370.0,204,201092,2.0,3.0,202300,203,988,984946,1.0,4.0,35219,38,0,0,0.0,5.0,11780,13,0,0,0.0,6.0,545,1,0,0,0.0,7.0,26028,27,,,,,,ذوب,71483646978964608,656,800,1000,1405/06/21,1405/07/22,10,خرید,4952994,327139328000.0
31959715133485440,ولقمان,گروه سرمایه گذاری لقمان,2026-10-04T09:03:36+03:30,4050.0,0.0,4050.0,0.0,4050.0,4060.0,4050.0,4060.0,3.0,150000.0,608025000.0,4170.0,3930,243.0,16.7,1329963,56,سهم,سرمایه گذاریها,بازار پایه فرابورس,بازار پایه زرد فرابورس,0.0,243.0,0.0,5430600000.0,,798912.0,3940.0,4180.0,2000.0,4180.0,2026-10-04,21993930000000.0,0.0,0,0.0,150000.0,1,607500000.0,150000.0,2,607500000.0,0.0,0,0.0,,303750000.0,,-607500000.0,3,86100,4050.0,4100.0,131300,3,1,65000,4030.0,4120.0,52000,2,1,80000,4000.0,4160.0,44000,4,1,100000,3930.0,4170.0,216791,4,0,0,0.0,0.0,0,0,,,,,,,,,,,,,,,,
31987503418964901,آریان,سرمایه گذاری پارس آریان,2026-10-04T09:28:55+03:30,7880.0,0.25,7860.0,0.0,7860.0,7860.0,7850.0,7890.0,36.0,1485127.0,11679477610.0,8090.0,7630,492.0,16.0,1,56,سهم,سرمایه گذاریها,بازار فرابورس,بازار دوم فرابورس,8.87,492.0,0.0,150000000000.0,,47706215.0,7640.0,8080.0,3826.0,8080.0,2026-10-04,1179000000000000.0,335127.0,9,2634098220.0,1150000.0,1,9039000000.0,1485127.0,12,11673098220.0,0.0,0,0.0,292677580.0,972758185.0,0.301,-9039000000.0,4,115676,7860.0,7880.0,149117,5,1,100000,7850.0,7890.0,221613,6,3,89000,7840.0,7900.0,24732,1,2,600000,7830.0,7910.0,5365,1,2,2000,7640.0,7960.0,54000,2,,,,,,,,,,,,,,,,
32112121249636248,ثنا,صندوق س.زرین نهال ثنا-س,2026-10-04T09:06:58+03:30,56500.0,-0.62,56500.0,-0.62,56850.0,56500.0,56500.0,56500.0,1.0,200.0,11300000.0,58555.0,55145,0.0,,1,68,صندوق,صندوق سرمایه گذاری قابل معامله,بازار فرابورس,بازار ابزارهاي نوين مالي فرابورس,1047.84,,0.0,100000000.0,,221014.0,55300.0,57000.0,21200.0,62000.0,2026-10-04,5650000000000.0,0.0,0,0.0,200.0,1,11300000.0,200.0,1,11300000.0,0.0,0,0.0,,11300000.0,,-11300000.0,1,49800,56500.0,57997.0,134,1,1,50000,55800.0,57999.0,560,1,3,52000,55145.0,58000.0,50000,1,0,0,0.0,58300.0,50000,1,0,0,0.0,58534.0,350,1,,57006.0,57605.0,2026-10-04T09:22:28+03:30,-0.89,,,,,,,,,,,
32239686762434261,ضخود8064,اختیارخ خودرو-900-1405/08/06,2026-10-04T09:29:48+03:30,24.0,14.29,22.0,4.76,21.0,20.0,16.0,24.0,1568.0,650500.0,14248100000.0,100000.0,1,0.0,,1.0,34,اختیار معامله,,,,,,,,,,,,,,,,635290.0,95,13976380.0,2210.0,1,48620.0,578380.0,82,12724360.0,59120.0,2,1300640.0,147119.7894736842,155175.1219512195,0.948,1252020.0,79,77769,23.0,24.0,16753,17,9,7202,22.0,25.0,75128,78,18,16202,21.0,26.0,5728,9,10,6090,20.0,27.0,2600,5,9,7441,19.0,28.0,4100,6,,,,,,خودرو,65883838195688438,716,900,1000,1405/05/10,1405/08/06,24,خرید,3838899,339575172000.0
32257753560585502,کحافظ,کاشی وسرامیک حافظ,2026-10-04T09:29:40+03:30,2588.0,-3.0,2610.0,-2.17,2668.0,2621.0,2588.0,2669.0,344.0,17709299.0,46219022865.0,2748.0,2588,388.0,6.7,1,49,سهم,کاشی و سرامیک,بازار بورس,بازار اول (تابلوی اصلی) بورس,8.38,388.0,1929.7207,22005719934.0,34.0,74908912.0,2569.0,2770.0,1177.0,2875.0,2026-10-04,57434929027740.0,10636440.0,176,27761108400.0,7067859.0,3,18447111990.0,17704299.0,73,46208220390.0,0.0,0,0.0,157733570.45454547,632989320.4109589,0.249,-18447111990.0,1,50000,2580.0,2588.0,9619917,45,1,10000,2489.0,2589.0,31000,1,2,120000,2480.0,2610.0,16583,2,1,2073,2417.0,2611.0,35000,1,1,2088,2400.0,2612.0,78976,3,,,,,,,,,,,,,,,,
32347247706508046,ساوه,سیمان ساوه,2026-10-04T09:29:29+03:30,11150.0,1.55,11120.0,1.28,10980.0,11110.0,11050.0,11200.0,89.0,857085.0,9531311740.0,11300.0,10660,1489.0,7.5,1,53,سهم,سیمان، آهک و گچ,بازار فرابورس,بازار دوم فرابورس,7.05,1489.0,4384.9707,17181088378.0,,15487033.0,10500.0,11200.0,7150.0,15580.0,2026-10-04,191053702763360.0,857085.0,34,9530785200.0,0.0,0,0.0,857085.0,51,9530785200.0,0.0,0,0.0,280317211.76470584,186878141.1764706,1.5,0.0,3,11237,11150.0,11160.0,30978,2,3,59967,11140.0,11180.0,3980,3,5,45393,11130.0,11200.0,15535,3,5,43098,11120.0,11210.0,950,1,4,118781,11110.0,11240.0,5000,1,,,,,,,,,,,,,,,,
32357363984168442,جم,پتروشیمی جم,2026-10-04T09:28:47+03:30,78380.0,3.0,78380.0,3.0,76100.0,78380.0,76800.0,78380.0,928.0,10455932.0,819510479790.0,78380.0,73820,4968.0,15.8,1,44,سهم,محصولات شیمیایی,بازار بورس,بازار دوم (تابلوی اصلی) بورس,10.14,4968.0,54463.14,18000000000.0,15.0,7145623.0,71740.0,76100.0,34840.0,76100.0,2026-10-04,1410840000000000.0,8485486.0,214,665092392680.0,1970446.0,11,154443557480.0,5849932.0,186,458517670160.0,4606000.0,9,361018280000.0,3107908377.009346,2465148764.301075,1.261,206574722520.0,117,2613180,78380.0,0.0,0,0,1,200,78100.0,0.0,0,0,1,5000,78000.0,0.0,0,0,2,14019,77540.0,0.0,0,0,3,31171,77520.0,0.0,0,0,صف خرید,,,,,,,,,,,,,,,
32386966217939875,ضذوب8033,اختیارخ ذوب-750-1405/08/20,2026-10-04T09:29:16+03:30,67.0,-1.47,61.0,-10.29,68.0,52.0,52.0,67.0,35.0,8357.0,508022000.0,100000.0,1,0.0,,1.0,27,اختیار معامله,,,,,,,,,,,,,,,,8357.0,11,509777.0,0.0,0,0.0,8357.0,9,509777.0,0.0,0,0.0,46343.36363636364,56641.88888888889,0.818,0.0,1,37,64.0,67.0,199,1,2,200,63.0,68.0,1000,1,1,1000,62.0,76.0,610,1,4,4000,61.0,77.0,100,1,7,35,60.0,79.0,1000,1,,,,,,ذوب,71483646978964608,656,750,1000,1405/05/24,1405/08/20,38,خرید,810009,4629392000.0
32525655729432562,سبهان,سیمان بهبهان,2026-10-04T09:28:40+03:30,5740.0,-0.86,5730.0,-1.04,5790.0,5690.0,5680.0,5800.0,84.0,2254706.0,12929792590.0,5960.0,5620,989.0,5.8,1,53,سهم,سیمان، آهک و گچ,بازار بورس,بازار اول (تابلوی فرعی) بورس,7.6,989.0,2865.775,7400000000.0,23.0,19840798.0,5720.0,6170.0,3413.0,7735.0,2026-10-04,42402000000000.0,2154706.0,39,12346465380.0,100000.0,1,573000000.0,2254706.0,38,12919465380.0,0.0,0,0.0,316576035.3846154,339985931.0526316,0.931,-573000000.0,1,50000,5750.0,5760.0,2828,1,4,117266,5740.0,5770.0,612000,3,3,129890,5720.0,5780.0,316500,4,2,8000,5710.0,5790.0,38450,4,5,37585,5700.0,5800.0,73849,3,,,,,,,,,,,,,,,,
32557908269133657,ضتاص9028,اختیارخ تاصیکو-39520-05/09/04,2026-10-04T09:23:16+03:30,6279.0,-24.92,6600.0,-21.08,8363.0,6921.0,6279.0,6921.0,2.0,60.0,396000000.0,100000.0,1,0.0,,1.0,13,اختیار معامله,,,,,,,,,,,,,,,,60.0,1,396000.0,0.0,0,0.0,60.0,1,396000.0,0.0,0,0.0,396000.0,396000.0,1.0,0.0,1,10,5500.0,8990.0,60,1,1,1,5000.0,9500.0,10,1,1,10,2500.0,17510.0,16,1,1,1000,3.0,17554.0,15,1,3,1101,1.0,17598.0,16,1,,,,,,تاصیکو,23293437377896568,37890,39520,1000,1405/07/08,1405/09/04,52,خرید,349,1136700000.0
32564852857275182,ضتاص8010,اختیارخ تاصیکو-50000-05/08/06,2026-10-04T09:23:57+03:30,1400.0,-36.39,1400.0,-36.39,2201.0,1400.0,1400.0,1400.0,1.0,200.0,280000000.0,100000.0,1,0.0,,1.0,13,اختیار معامله,,,,,,,,,,,,,,,,200.0,1,280000.0,0.0,0,0.0,0.0,0,0.0,200.0,1,280000.0,280000.0,,,280000.0,1,1,1400.0,2600.0,100,1,3,410,130.0,3240.0,16,1,1,99,29.0,3284.0,15,1,1,1000,12.0,3328.0,16,1,1,1000,11.0,3372.0,15,1,,,,,,تاصیکو,23293437377896568,37890,50000,1000,1405/07/11,1405/08/06,24,خرید,303,7578000000.0
32678431934327184,کلوند,کاشی الوند,2026-10-04T09:29:48+03:30,8180.0,2.89,8170.0,2.77,7950.0,8180.0,8020.0,8180.0,356.0,13050445.0,106661705530.0,8180.0,7720,820.0,10.0,1,49,سهم,کاشی و سرامیک,بازار بورس,بازار اول (تابلوی فرعی) بورس,8.38,820.0,6253.224,5350000000.0,37.0,18999597.0,7500.0,7950.0,3264.0,7950.0,2026-10-04,43709500000000.0,12432366.0,132,101572430220.0,330000.0,2,2696100000.0,10345880.0,111,84525839600.0,2416486.0,3,19742690620.0,769488107.7272727,761494050.4504504,1.01,17046590620.0,8,620728,8180.0,0.0,0,0,2,2650,8170.0,0.0,0,0,1,300000,8160.0,0.0,0,0,1,100000,8150.0,0.0,0,0,4,19005,8140.0,0.0,0,0,صف خرید,,,,,,,,,,,,,,,
32784604551756178,پیزد,مجتمع صنایع لاستیک یزد,2026-10-04T09:29:50+03:30,13700.0,2.93,13700.0,2.93,13310.0,13700.0,13600.0,13700.0,665.0,12441500.0,170424894370.0,13700.0,12920,1599.0,8.6,1,25,سهم,لاستیک و پلاستیک,بازار فرابورس,بازار دوم فرابورس,10.44,1599.0,14321.499,9395000000.0,,53096173.0,12210.0,13420.0,3442.0,13420.0,2026-10-04,128711500000000.0,12441243.0,240,170445029100.0,0.0,0,0.0,12441243.0,197,170445029100.0,0.0,0,0.0,710187621.25,865203193.4010153,0.821,0.0,117,3589292,13700.0,0.0,0,0,1,1000,13680.0,0.0,0,0,2,4600,13650.0,0.0,0,0,3,30029,13610.0,0.0,0,0,4,60268,13600.0,0.0,0,0,صف خرید,,,,,,,,,,,,,,,
32821908911812078,خزر,فنرسازیزر,2026-10-04T09:29:49+03:30,2050.0,0.34,2008.0,-1.71,2043.0,2049.0,1983.0,2058.0,164.0,14612750.0,29339555222.0,2104.0,1982,394.0,5.1,1,34,سهم,خودرو و ساخت قطعات,بازار بورس,بازار اول (تابلوی فرعی) بورس,-23.87,394.0,2070.0718,9000000000.0,37.0,51355006.0,2010.0,2133.0,1051.0,2537.0,2026-10-04,18072000000000.0,13869438.0,80,27849831504.0,683084.0,1,1371632672.0,14519677.0,48,29155511416.0,32845.0,1,65952760.0,348122893.8,607406487.8333333,0.573,-1305679912.0,1,140228,2050.0,2058.0,253855,1,1,100000,2049.0,2059.0,90000,1,2,1021850,2041.0,2060.0,50000,1,2,324131,2040.0,2062.0,35000,1,2,1382040,2033.0,2063.0,500000,1,,,,,,,,,,,,,,,,
32845891587040106,ثنوسا,نوسازیوساختمانتهران,2026-10-04T09:29:40+03:30,8480.0,-2.19,8410.0,-3.0,8670.0,8530.0,8410.0,8550.0,130.0,2171567.0,18273561180.0,8930.0,8410,62.0,135.6,1,70,سهم,انبوه سازی، املاک و مستغلات,بازار بورس,بازار دوم (تابلوی فرعی) بورس,6.96,62.0,0.0,2630000000.0,49.0,9691570.0,8520.0,9080.0,4353.0,10750.0,2026-10-04,22118300000000.0,2170567.0,62,18254468470.0,0.0,0,0.0,2170567.0,40,18254468470.0,0.0,0,0.0,294426910.8064516,456361711.75,0.645,0.0,1,20000,8450.0,8480.0,864,1,2,21000,8440.0,8490.0,51672,2,1,30000,8430.0,8550.0,111083,3,3,15700,8420.0,8590.0,2800,2,7,508932,8410.0,8600.0,1559,2,,,,,,,,,,,,,,,,
32861698247636517,ضذوب7038,اختیارخ ذوب-380-1405/07/22,2026-10-04T09:29:09+03:30,203.0,-37.15,203.0,-37.15,323.0,203.0,203.0,203.0,1.0,2.0,406000.0,100000.0,1,0.0,,1.0,27,اختیار معامله,,,,,,,,,,,,,,,,2.0,1,406.0,0.0,0,0.0,2.0,1,406.0,0.0,0,0.0,406.0,406.0,1.0,0.0,1,40,245.0,314.0,612,2,1,1,244.0,0.0,0,0,1,1000,203.0,0.0,0,0,1,250,202.0,0.0,0,0,1,200,200.0,0.0,0,0,,,,,,ذوب,71483646978964608,656,380,1000,1405/04/21,1405/07/22,10,خرید,52997,0.0
32941062994509455,مانا,صندوق س.مانا الگوریتم-سهام,2026-10-04T09:28:54+03:30,28786.0,-0.16,28819.0,-0.05,28832.0,29120.0,28786.0,29364.0,14.0,85788.0,2472359868.0,29696.0,27968,0.0,,1,68,صندوق,صندوق سرمایه گذاری قابل معامله,بازار بورس,بازار صندوق های قابل معامله,0.0,,0.0,1000000000.0,,5679602.0,27753.0,29539.0,9930.0,29539.0,2026-10-04,28819000000000.0,22134.0,5,637879746.0,63654.0,2,1834444626.0,83466.0,5,2405406654.0,2322.0,2,66917718.0,127575949.2,481081330.8,0.265,-1767526908.0,3,944172,28786.0,29314.0,1000014,2,1,1000000,28785.0,29315.0,1000000,1,1,1000000,28784.0,29316.0,1000000,1,1,1000000,28783.0,29317.0,1000000,1,1,1000000,28782.0,29318.0,1000000,1,,29010.0,29313.0,2026-10-04T09:22:24+03:30,-0.66,,,,,,,,,,,
32967297172263442,طخود8054,اختیارف خودرو-380-1405/08/06,2026-10-04T09:19:06+03:30,2.0,0.0,2.0,0.0,2.0,2.0,2.0,2.0,4.0,4000.0,8000000.0,100000.0,1,0.0,,1.0,34,اختیار معامله,,,,,,,,,,,,,,,,4000.0,1,8000.0,0.0,0,0.0,4000.0,1,8000.0,0.0,0,0.0,8000.0,8000.0,1.0,0.0,162,160392,1.0,2.0,8000,8,0,0,0.0,3.0,6734,7,0,0,0.0,5.0,1002,2,0,0,0.0,6.0,1000,1,0,0,0.0,7.0,1933,2,,,,,,خودرو,65883838195688438,716,380,1000,1405/05/10,1405/08/06,24,فروش,295842,2824000000.0
33015297618582406,کارما,صندوق س.درآمد ثابت کیهان-د,2026-10-04T09:28:06+03:30,21398.0,0.13,21398.0,0.13,21370.0,21398.0,21397.0,21398.0,7.0,67684.0,1448301842.0,22011.0,20729,0.0,,1,68,صندوق,صندوق سرمایه گذاری قابل معامله,بازار فرابورس,بازار ابزارهاي نوين مالي فرابورس,1067.75,,0.0,1000000000.0,,19927158.0,21315.0,21371.0,15549.0,21371.0,2026-10-04,21398000000000.0,67294.0,5,1439957012.0,390.0,1,8345220.0,390.0,1,8345220.0,67294.0,1,1439957012.0,287991402.4,8345220.0,34.51,1431611792.0,2,60236303,21397.0,21398.0,9932856,2,1,1000000,21396.0,21399.0,200000,1,1,1000000,21395.0,21400.0,200000,1,1,1000000,21394.0,21401.0,200000,1,1,1000000,21393.0,21402.0,200000,1,,21337.0,21355.0,2026-10-04T09:23:05+03:30,0.29,,,,,,,,,,,
33107199324373968,ضدزاگرس701,اختیارخ دزاگرس-18000-14050719,2026-10-04T09:26:58+03:30,16700.0,7.58,16600.0,6.94,15523.0,16500.0,16500.0,16700.0,11.0,150.0,2490000000.0,1000000.0,1,0.0,,1.0,43,اختیار معامله,,,,,,,,,,,,,,,,150.0,8,2490000.0,0.0,0,0.0,150.0,1,2490000.0,0.0,0,0.0,311250.0,2490000.0,0.125,0.0,1,12,15501.0,20000.0,5,1,1,1,15500.0,21700.0,5,1,1,20,14000.0,0.0,0,0,1,30,13000.0,0.0,0,0,1,100,1.0,0.0,0,0,,,,,,دزاگرس,43450146028916610,29560,18000,1000,1405/06/23,1405/07/19,7,خرید,638,4434000000.0
33293588228706998,وپارس,بانکپارسیان,2026-10-04T09:29:35+03:30,2136.0,-3.0,2136.0,-3.0,2202.0,2136.0,2136.0,2138.0,1378.0,443000060.0,946252535215.0,2268.0,2136,668.0,3.2,1,57,سهم,بانکها و موسسات اعتباری,بازار بورس,بازار دوم (تابلوی فرعی) بورس,5.22,668.0,0.0,500000000000.0,19.0,1967714360.0,2199.0,2272.0,1187.0,3249.0,2026-10-04,1068000000000000.0,219497705.0,596,468847097880.0,223502355.0,8,477401030280.0,349000060.0,462,745464128160.0,94000000.0,3,200784000000.0,786656204.4966444,1613558718.9610388,0.488,-276617030280.0,0,0,0.0,2136.0,1187060557,1871,0,0,0.0,2140.0,560327,7,0,0,0.0,2142.0,127383,3,0,0,0.0,2144.0,1100000,2,0,0,0.0,2145.0,20000,1,صف فروش,,,,,,,,,,,,,,,
33406621820337161,دجابر,داروسازی جابرابنحیان,2026-10-04T09:29:48+03:30,58730.0,3.0,58730.0,3.0,57020.0,58730.0,58730.0,58730.0,112.0,563762.0,33109742260.0,58730.0,55310,3483.0,16.9,1,43,سهم,مواد و محصولات دارویی,بازار بورس,بازار دوم (تابلوی فرعی) بورس,14.67,3483.0,20714.871,2268000000.0,22.0,8089521.0,53750.0,57020.0,8090.0,57020.0,2026-10-04,133199640000000.0,561083.0,26,32952404590.0,0.0,0,0.0,539083.0,72,31660344590.0,22000.0,2,1292060000.0,1267400176.5384614,439727008.1944444,2.882,1292060000.0,787,10329470,58730.0,77770.0,90,1,2,20678,58720.0,0.0,0,0,3,3774,58700.0,0.0,0,0,1,500,58000.0,0.0,0,0,2,806,57900.0,0.0,0,0,,,,,,,,,,,,,,,,
33410001534682920,رفاه,فروشگاه های زنجیره ای رفاه,2026-10-04T09:22:04+03:30,53630.0,1.0,53120.0,0.04,53100.0,53630.0,53630.0,53630.0,9.0,13660.0,732585800.0,53630.0,52570,1103.0,48.2,303818,47,سهم,خرده فروشی،باستثنای وسایل نقلیه موتوری,بازار پایه فرابورس,بازار پایه قرمز فرابورس,0.0,1103.0,0.0,450411110.0,,146052.0,53210.0,53420.0,43150.0,56350.0,2026-10-04,23925838163200.0,13660.0,2,725619200.0,0.0,0,0.0,13660.0,7,725619200.0,0.0,0,0.0,362809600.0,103659885.71428572,3.5,0.0,46,1139661,53630.0,0.0,0,0,1,938,53310.0,0.0,0,0,1,5000,53120.0,0.0,0,0,0,0,0.0,0.0,0,0,0,0,0.0,0.0,0,0,صف خرید,,,,,,,,,,,,,,,
33420285433308219,زپارس,ملی کشت و صنعت و دامپروری پارس,2026-10-04T09:27:41+03:30,46800.0,2.99,46800.0,2.99,45440.0,46800.0,46010.0,46800.0,409.0,3907792.0,182877865060.0,46800.0,44080,4640.0,10.1,1,01,سهم,زراعت و خدمات وابسته,بازار بورس,بازار دوم (تابلوی اصلی) بورس,6.8,4640.0,1357.5193,1395340000.0,13.0,2310062.0,42840.0,45440.0,17590.0,45440.0,2026-10-04,65301912000000.0,3907792.0,134,182884665600.0,0.0,0,0.0,3856667.0,126,180492015600.0,51125.0,2,2392650000.0,1364810937.313433,1432476314.2857144,0.953,2392650000.0,108,1765721,46800.0,0.0,0,0,2,663,46700.0,0.0,0,0,1,126,46400.0,0.0,0,0,1,2157,46310.0,0.0,0,0,2,3151,46300.0,0.0,0,0,صف خرید,,,,,,,,,,,,,,,
33441514568901717,میدکو,توسعه معادن وص.معدنی خاورمیانه,2026-10-04T09:29:35+03:30,6110.0,-1.61,6040.0,-2.74,6210.0,6070.0,6030.0,6220.0,953.0,44338311.0,267958474530.0,6390.0,6030,93.0,64.9,1,27,سهم,فلزات اساسی,بازار بورس,بازار دوم (تابلوی فرعی) بورس,15.19,93.0,0.0,290000000000.0,9.0,189109556.0,6160.0,6490.0,3683.0,7590.0,2026-10-04,1751600000000000.0,23826054.0,404,143909366160.0,20512257.0,7,123894032280.0,24826228.0,162,149950417120.0,19512083.0,1,117852981320.0,356211302.37623763,925619858.7654321,0.385,-6041050960.0,3,48777,6090.0,6110.0,16052,1,5,592008,6080.0,6130.0,6300,1,1,824,6070.0,6140.0,72193,3,3,3791,6060.0,6150.0,336340,6,8,346129,6050.0,6160.0,332642,4,,,,,,,,,,,,,,,,
33462276332618166,ضستا7059,اختیارخ شستا-2600-1405/07/15,2026-10-04T09:27:34+03:30,1145.0,2.05,1051.0,-6.33,1122.0,970.0,962.0,1145.0,33.0,1820.0,1912170000.0,100000.0,1,0.0,,1.0,39,اختیار معامله,,,,,,,,,,,,,,,,820.0,10,861820.0,1000.0,1,1051000.0,1820.0,12,1912820.0,0.0,0,0.0,86182.0,159401.66666666666,0.541,-1051000.0,1,484,1081.0,1117.0,100,1,1,1000,1080.0,1120.0,100,1,1,43,1051.0,1144.0,600,2,1,10,1022.0,1145.0,99,1,1,1000,1000.0,1200.0,70,2,,,,,,شستا,2400322364771558,3580,2600,1000,1405/04/10,1405/07/15,3,خرید,572635,6386730000.0
33527290777160784,رابین,صندوق س. توسعه افق رابین-د,2026-10-04T09:29:43+03:30,28371.0,0.12,28371.0,0.12,28336.0,28371.0,28371.0,28372.0,354.0,4856275.0,137779099343.0,29186.0,27486,0.0,,1,68,صندوق,صندوق سرمایه گذاری قابل معامله,بازار فرابورس,بازار ابزارهاي نوين مالي فرابورس,1067.75,,0.0,1000000000.0,,27416028.0,28264.0,28337.0,20821.0,28337.0,2026-10-04,28371000000000.0,1752088.0,188,49708488648.0,3051297.0,1,86568347187.0,3082496.0,159,87453494016.0,1720889.0,1,48823341819.0,264406854.5106383,550021974.9433962,0.481,-37745005368.0,1,96941161,28371.0,28372.0,8279111,1,1,100000,28370.0,28373.0,100000,1,1,100000,28369.0,28374.0,100000,1,1,100000,28368.0,28375.0,100000,1,1,100000,28367.0,28376.0,100000,1,,28346.0,28365.0,2026-10-04T09:21:32+03:30,0.09,,,,,,,,,,,
33541897671561960,واتی,سرمایه گذاری آتیه دماوند,2026-10-04T09:29:32+03:30,7270.0,-2.94,7280.0,-2.8,7490.0,7290.0,7270.0,7320.0,213.0,5199963.0,37834040150.0,7710.0,7270,537.0,13.6,1,56,سهم,سرمایه گذاریها,بازار بورس,بازار اول (تابلوی اصلی) بورس,7.53,537.0,0.0,15300000000.0,24.0,36516723.0,7260.0,7860.0,3550.0,7980.0,2026-10-04,111384000000000.0,3692656.0,84,26882535680.0,1507307.0,1,10973194960.0,5199963.0,46,37855730640.0,0.0,0,0.0,320030186.6666666,822950666.0869565,0.389,-10973194960.0,1,2003,7210.0,7270.0,3096186,23,3,6943,7020.0,7280.0,21512,3,2,7000,7010.0,7320.0,11500,1,1,10000,6610.0,7410.0,3000,1,0,0,0.0,7440.0,5759,2,,,,,,,,,,,,,,,,
33603212156438463,دشیمی,شیمی داروئی داروپخش,2026-10-04T09:29:40+03:30,40720.0,-2.98,40740.0,-2.93,41970.0,40960.0,40720.0,40980.0,153.0,563557.0,22958098410.0,43220.0,40720,2096.0,19.4,1,43,سهم,مواد و محصولات دارویی,بازار بورس,بازار اول (تابلوی فرعی) بورس,14.71,2096.0,15382.971,900000000.0,24.0,2646354.0,41940.0,45600.0,12400.0,52670.0,2026-10-04,36666000000000.0,277957.0,86,11323968180.0,279000.0,3,11366460000.0,296939.0,28,12097294860.0,260018.0,1,10593133320.0,131674048.60465115,432046245.0,0.305,-773326680.0,0,0,0.0,40720.0,639211,45,0,0,0.0,40730.0,10500,2,0,0,0.0,40800.0,40678,3,0,0,0.0,41650.0,5500,2,0,0,0.0,41660.0,130,1,صف فروش,,,,,,,,,,,,,,,
33611155027418901,غشهداب,کشت و صنعت شهداب ناب خراسان,2026-10-04T09:29:42+03:30,2444.0,-2.86,2445.0,-2.82,2516.0,2450.0,2441.0,2469.0,404.0,25299443.0,61869672471.0,2591.0,2441,401.0,6.1,1,42,سهم,محصولات غذایی و آشامیدنی به جز قند و شکر,بازار فرابورس,بازار دوم فرابورس,7.7,401.0,2289.5442,11180000000.0,,95584288.0,2466.0,2649.0,1121.0,2662.0,2026-10-04,27335100000000.0,24096867.0,188,58916839815.0,1200000.0,2,2934000000.0,25296867.0,85,61850839815.0,0.0,0,0.0,313387445.8244681,727656939.0,0.431,-2934000000.0,1,79653,2447.0,2484.0,30000,1,1,8000,2446.0,2485.0,44200,2,1,2500,2444.0,2486.0,200000,1,4,265222,2443.0,2490.0,200000,1,6,697814,2442.0,2496.0,569425,1,,,,,,,,,,,,,,,,
33629260529503413,بجهرم,توسعه مولد نیروگاهی جهرم,2026-10-04T09:29:50+03:30,2970.0,-2.94,2980.0,-2.61,3060.0,3050.0,2970.0,3050.0,474.0,21586962.0,64297609500.0,3150.0,2970,334.0,8.9,1,40,سهم,عرضه برق، گاز، بخاروآب گرم,بازار فرابورس,بازار اول فرابورس,10.27,334.0,795.9391,36545332082.0,,87338253.0,3050.0,3210.0,1720.0,3520.0,2026-10-04,108905089604360.0,20366962.0,173,60693546760.0,620000.0,2,1847600000.0,18590574.0,89,55399910520.0,2396388.0,1,7141236240.0,350829750.05780345,622470904.7191011,0.564,5293636240.0,4,588568,2970.0,2990.0,167345,5,1,2000,2960.0,3000.0,478182,4,2,15000,2910.0,3010.0,13361,1,0,0,0.0,3020.0,214533,2,0,0,0.0,3040.0,214385,8,,,,,,,,,,,,,,,,
33716211077781594,خنور,نورایستا پلاستیک,2026-10-04T09:29:52+03:30,8440.0,2.93,8380.0,2.2,8200.0,8390.0,8070.0,8440.0,282.0,5377851.0,45060997350.0,8440.0,7960,745.0,11.2,1,34,سهم,خودرو و ساخت قطعات,بازار فرابورس,بازار دوم فرابورس,6.13,745.0,3173.4067,6250000000.0,,18443228.0,7860.0,8650.0,7570.0,27350.0,2026-10-04,52375000000000.0,5049604.0,40,42315681520.0,303247.0,1,2541209860.0,3852851.0,154,32286891380.0,1500000.0,1,12570000000.0,1057892038.0,209655138.83116883,5.046,10028790140.0,4,913188,8430.0,8440.0,575635,5,1,26405,8420.0,8650.0,1160,2,1,9102,8410.0,9000.0,590,1,1,5000,8360.0,9020.0,160,1,2,15230,8340.0,9040.0,160,1,,,,,,,,,,,,,,,,
33783140337377394,خچرخش,چرخشگر,2026-10-04T09:17:01+03:30,24640.0,2.5,24200.0,0.67,24040.0,23500.0,23500.0,24710.0,9.0,21911.0,530292380.0,24760.0,23320,2337.0,10.4,1,34,سهم,خودرو و ساخت قطعات,بازار بورس,بازار دوم (تابلوی فرعی) بورس,-23.92,2337.0,30994.246,952094749.0,16.0,620850.0,22410.0,24270.0,11130.0,24270.0,2026-10-04,23040692925800.0,21911.0,3,530246200.0,0.0,0,0.0,21911.0,6,530246200.0,0.0,0,0.0,176748733.33333334,88374366.66666667,2.0,0.0,2,426,23570.0,24590.0,41,1,1,2000,23560.0,24600.0,3245,2,1,5981,23550.0,24610.0,10000,1,1,4000,23540.0,24620.0,614,2,1,3000,23530.0,24630.0,6460,1,,,,,,,,,,,,,,,,
33808206014018431,سمازن,سیمانمازندران,2026-10-04T09:28:41+03:30,90900.0,0.06,91210.0,0.4,90850.0,92000.0,90850.0,92000.0,106.0,207286.0,18905685270.0,93570.0,88130,11804.0,7.7,1,53,سهم,سیمان، آهک و گچ,بازار بورس,بازار اول (تابلوی اصلی) بورس,7.57,11804.0,27297.36,2466000000.0,26.0,2209173.0,86100.0,91390.0,33580.0,93470.0,2026-10-04,224923860000000.0,174607.0,31,15925904470.0,32679.0,2,2980651590.0,96314.0,40,8784799940.0,110972.0,3,10121756120.0,513738853.8709677,219619998.5,2.339,7141104530.0,4,3925,90900.0,90940.0,6028,1,1,4500,90890.0,90950.0,60,1,4,1420,90880.0,91000.0,100,1,7,14992,90870.0,91310.0,30000,1,1,18400,90850.0,91360.0,5000,1,,,,,,,,,,,,,,,,
33854964748757477,رنیک,جنرال مکانیک,2026-10-04T09:29:22+03:30,12230.0,-1.85,12370.0,-0.72,12460.0,12120.0,12120.0,12470.0,99.0,1442736.0,17843432050.0,12830.0,12090,1608.0,7.7,1,74,سهم,خدمات فنی و مهندسی,بازار فرابورس,بازار دوم فرابورس,2.39,1608.0,0.0,5650000000.0,,17067420.0,12200.0,13170.0,8940.0,18890.0,2026-10-04,69890500000000.0,1156403.0,37,14304705110.0,286333.0,1,3541939210.0,1442736.0,42,17846644320.0,0.0,0,0.0,386613651.62162167,424920102.85714287,0.91,-3541939210.0,2,1600,12200.0,12340.0,87923,1,1,10000,12180.0,12370.0,22600,1,1,10000,12170.0,12450.0,22593,1,1,1000,12150.0,12480.0,1352,1,1,60000,12120.0,12550.0,41195,2,,,,,,,,,,,,,,,,
33887145736684266,آگاس,صندوق س.هستی بخش آگاه-س,2026-10-04T09:29:50+03:30,561490.0,-0.32,554954.0,-1.49,563320.0,563347.0,551000.0,563347.0,975.0,595288.0,330357185773.0,580219.0,546421,0.0,,1,68,صندوق,صندوق سرمایه گذاری قابل معامله,بازار فرابورس,بازار ابزارهاي نوين مالي فرابورس,1047.86,,0.0,800000000.0,,2596861.0,529001.0,567566.0,196691.0,567566.0,2026-10-04,443963200000000.0,543709.0,411,301733484386.0,47663.0,3,26450772502.0,562487.0,211,312154410598.0,28885.0,3,16029846290.0,734144730.8661801,1479404789.563981,0.496,-10420926212.0,1,3,561496.0,562000.0,6000,2,3,928,561493.0,562976.0,2,1,2,2303,561490.0,562985.0,500,1,2,1002,561450.0,562988.0,110,2,1,1118,561391.0,562999.0,482,1,,552952.0,558404.0,2026-10-04T09:22:38+03:30,0.36,,,,,,,,,,,
33923981945674722,همتا,صندوق س قلک همتا-سهام,2026-10-04T09:25:46+03:30,21819.0,-2.98,21816.0,-2.99,22489.0,21815.0,21815.0,21819.0,3.0,123001.0,2683363987.0,23163.0,21815,0.0,,1,68,صندوق,صندوق سرمایه گذاری قابل معامله,بازار بورس,بازار صندوق های قابل معامله,0.0,,0.0,400000000.0,,1443358.0,21709.0,23207.0,8510.0,23207.0,2026-10-03,8726400000000.0,44293.0,2,966296088.0,78708.0,1,1717093728.0,123001.0,2,2683389816.0,0.0,0,0.0,483148044.0,1341694908.0,0.36,-1717093728.0,2,26729,21819.0,22328.0,24293,1,1,20000,21818.0,22329.0,200000,1,1,20000,21817.0,23163.0,8499,2,1,20000,21816.0,0.0,0,0,2,221292,21815.0,0.0,0,0,,,,,,,,,,,,,,,,
33931218652865616,ونفت,سرمایهگذاری صنعت نفت,2026-10-04T09:29:35+03:30,9880.0,-2.95,9890.0,-2.85,10180.0,9920.0,9880.0,9980.0,412.0,6356971.0,62877230080.0,10480.0,9880,3216.0,3.1,1,23,سهم,فراورده های نفتی، کک و سوخت هسته ای,بازار بورس,بازار اول (تابلوی فرعی) بورس,6.6,3216.0,0.0,6000000000.0,42.0,33371269.0,10040.0,10700.0,3680.0,11550.0,2026-10-04,59340000000000.0,5356971.0,255,52980443190.0,1000000.0,1,9890000000.0,6356971.0,54,62870443190.0,0.0,0,0.0,207766443.88235295,1164267466.4814816,0.178,-9890000000.0,2,2700,9380.0,9880.0,10352779,159,1,3000,9150.0,9890.0,9500,2,1,1000,9050.0,9900.0,15256,2,1,2000,8920.0,9980.0,5000,1,2,12000,8850.0,10000.0,1725,1,,,,,,,,,,,,,,,,
33938004134399485,صبا,گروه مالی صبا تامین,2026-10-04T09:29:44+03:30,11030.0,2.99,10960.0,2.33,10710.0,10990.0,10730.0,11030.0,4942.0,127195758.0,1393894736150.0,11030.0,10390,867.0,12.6,1,56,سهم,سرمایه گذاریها,بازار بورس,بازار اول (تابلوی فرعی) بورس,7.53,867.0,0.0,115000000000.0,13.0,257965695.0,9990.0,10790.0,2853.0,10790.0,2026-10-04,1260400000000000.0,119051885.0,1597,1304808659600.0,7354228.0,7,80602338880.0,85787599.0,566,940232085040.0,40618514.0,9,445178913440.0,817037357.294928,1661187429.3992932,0.492,364576574560.0,53,1212933,11020.0,11030.0,1548030,15,22,532095,11010.0,17440.0,314848,8,14,149667,11000.0,0.0,0,0,23,583941,10990.0,0.0,0,0,9,315229,10980.0,0.0,0,0,,,,,,,,,,,,,,,,
34032872653290886,غپاک,لبنیات پاک,2026-10-04T09:29:18+03:30,2549.0,2.99,2534.0,2.38,2475.0,2549.0,2492.0,2549.0,389.0,24421833.0,61892952401.0,2549.0,2401,97.0,26.1,1,42,سهم,محصولات غذایی و آشامیدنی به جز قند و شکر,بازار بورس,بازار دوم (تابلوی فرعی) بورس,9.48,97.0,10050.605,13313210596.0,27.0,47276114.0,2275.0,2481.0,936.0,2550.0,2026-10-04,33735675650264.0,24421833.0,146,61884924822.0,0.0,0,0.0,24421833.0,143,61884924822.0,0.0,0,0.0,423869348.0958904,432761712.04195803,0.979,0.0,24,6757006,2549.0,0.0,0,0,1,50000,2537.0,0.0,0,0,3,188166,2536.0,0.0,0,0,4,111930,2529.0,0.0,0,0,1,20000,2524.0,0.0,0,0,صف خرید,,,,,,,,,,,,,,,
34074071043606558,دارونو,صندوق س صنایع مفید5-بخشی,2026-10-04T09:29:44+03:30,42292.0,-2.1,41987.0,-2.8,43198.0,41912.0,41903.0,42490.0,2920.0,20612622.0,865453015321.0,44493.0,41903,0.0,,1,68,صندوق,صندوق سرمایه گذاری قابل معامله,بازار بورس,بازار صندوق های قابل معامله,0.0,,0.0,3000000000.0,,48878911.0,41200.0,44688.0,10440.0,44688.0,2026-10-04,125961000000000.0,13822282.0,1387,580356154334.0,6789240.0,6,285059819880.0,17900839.0,747,751602527093.0,2710683.0,7,113813447121.0,418425489.7865898,1006161348.1834003,0.416,-171246372759.0,2,601,42320.0,42323.0,4319,3,2,53000,42301.0,42324.0,5000,1,1,655332,42300.0,42325.0,2973,2,8,44470,42271.0,42400.0,16185,3,5,56745,42270.0,42407.0,1990,1,,41198.0,41612.0,2026-10-04T09:22:05+03:30,1.92,,,,,,,,,,,
34175952452012705,ضهرم7059,اختیارخ اهرم-46000-1405/07/29,2026-10-04T09:20:18+03:30,27000.0,-2.89,27000.0,-2.89,27803.0,27000.0,27000.0,27000.0,1.0,4.0,108000000.0,500000.0,1,0.0,,1.0,68,اختیار معامله,,,,,,,,,,,,,,,,4.0,1,108000.0,0.0,0,0.0,4.0,1,108000.0,0.0,0,0.0,108000.0,108000.0,1.0,0.0,1,20,25000.0,27000.0,7,2,1,30,22000.0,27500.0,70,2,1,1,12000.0,28500.0,50,1,1,1000,2.0,29000.0,50,1,2,101,1.0,29126.0,4,1,,,,,,اهرم,17914401175772326,72311,46000,1000,1405/05/03,1405/07/29,17,خرید,125956,286788000.0
34213522001938649,عالیس,بهار رز عالیس چناران,2026-10-04T09:29:47+03:30,5890.0,-2.97,5900.0,-2.8,6070.0,6030.0,5890.0,6050.0,965.0,24442173.0,144238530500.0,6250.0,5890,1000.0,5.9,1,42,سهم,محصولات غذایی و آشامیدنی به جز قند و شکر,بازار فرابورس,بازار دوم فرابورس,7.7,1000.0,1882.2782,20000000000.0,,70725165.0,5860.0,6330.0,3604.0,6650.0,2026-10-04,118000000000000.0,22341173.0,464,131812920700.0,1800000.0,2,10620000000.0,7061148.0,234,41660773200.0,17080025.0,4,100772147500.0,284079570.47413796,178037492.3076923,1.596,90152147500.0,1,15000,5870.0,5890.0,4412564,22,1,2000,5700.0,5940.0,8544,2,0,0,0.0,5950.0,1912,2,0,0,0.0,5960.0,738791,6,0,0,0.0,5990.0,86512,3,,,,,,,,,,,,,,,,
34322849244939912,کاشانه,ص.س املاک وم.کاشانه خلیج فارس,2026-10-04T09:27:52+03:30,14285.0,1.96,14254.0,1.74,14010.0,14399.0,14022.0,14399.0,243.0,4709954.0,67135949845.0,14430.0,13590,0.0,,1,68,صندوق,صندوق سرمایه گذاری قابل معامله,بازار فرابورس,-',1056.52,,0.0,350000000.0,,13414881.0,13406.0,14380.0,11181.0,15782.0,2026-10-04,4988900000000.0,4177137.0,75,59540910798.0,532817.0,2,7594773518.0,4545996.0,56,64798626984.0,163958.0,2,2337057332.0,793878810.6400001,1157118339.0,0.686,-5257716186.0,1,8888,14257.0,14278.0,57888,1,1,100,14256.0,14279.0,8816,1,2,2100,14255.0,14280.0,10000,1,1,20000,14254.0,14284.0,90000,1,2,150322,14253.0,14285.0,400,1,,15442.0,15449.0,2026-10-04T09:24:02+03:30,-7.69,,,,,,,,,,,
34418082489740508,ضذوب7041,اختیارخ ذوب-500-1405/07/22,2026-10-04T09:29:49+03:30,174.0,-3.87,166.0,-8.29,181.0,159.0,152.0,174.0,44.0,19783.0,3277969000.0,100000.0,1,0.0,,1.0,27,اختیار معامله,,,,,,,,,,,,,,,,18733.0,22,3109678.0,0.0,0,0.0,10733.0,16,1781678.0,8000.0,1,1328000.0,141349.0,111354.875,1.269,1328000.0,1,643,175.0,176.0,1000,1,2,1500,170.0,178.0,1000,1,1,700,169.0,179.0,20,1,2,1000,167.0,180.0,1020,2,1,30,164.0,181.0,1000,1,,,,,,ذوب,71483646978964608,656,500,1000,1405/04/21,1405/07/22,10,خرید,1867279,6561968000.0
34472339105893593,یلدا,صندوق س.مشترک یلدا-سهام,2026-10-04T09:08:44+03:30,34000.0,1.4,34000.0,1.4,33530.0,34000.0,34000.0,34000.0,1.0,144.0,4896000.0,34535.0,32525,0.0,,1,68,صندوق,صندوق سرمایه گذاری قابل معامله,بازار بورس,بازار صندوق های قابل معامله,0.0,,0.0,1000000000.0,,567363.0,32010.0,34000.0,13260.0,34000.0,2026-10-04,34000000000000.0,144.0,1,4896000.0,0.0,0,0.0,0.0,0,0.0,144.0,1,4896000.0,4896000.0,,,4896000.0,1,203214,33000.0,34000.0,18379,2,1,66320,32902.0,34535.0,29023,1,1,39657,32857.0,0.0,0,0,1,55524,32652.0,0.0,0,0,1,34120,32590.0,0.0,0,0,,33863.0,34184.0,2026-10-04T09:23:03+03:30,0.4,,,,,,,,,,,
34540569618314880,قاسم,قاسم ایران,2026-10-04T09:29:42+03:30,2614.0,2.99,2614.0,2.99,2538.0,2614.0,2614.0,2614.0,51.0,4103839.0,10727435146.0,2614.0,2462,345.0,7.6,1,47,سهم,خرده فروشی،باستثنای وسایل نقلیه موتوری,بازار فرابورس,بازار دوم فرابورس,7.58,345.0,0.0,47616342847.0,,68081237.0,2394.0,2538.0,1350.0,5208.0,2026-10-04,124469120202058.0,4062514.0,5,10619411596.0,0.0,0,0.0,2662514.0,37,6959811596.0,1400000.0,2,3659600000.0,2123882319.2,188103016.1081081,11.291,3659600000.0,2220,1727079605,2614.0,0.0,0,0,1,19065,2613.0,0.0,0,0,1,19073,2612.0,0.0,0,0,1,19080,2611.0,0.0,0,0,1,19087,2610.0,0.0,0,0,صف خرید,,,,,,,,,,,,,,,
34552750623263639,پلاست,کارخانجات تولیدی پلاستیران,2026-10-04T09:29:48+03:30,2024.0,-2.22,2012.0,-2.8,2070.0,2009.0,2008.0,2066.0,382.0,24394231.0,49071415025.0,2132.0,2008,93.0,21.6,1,25,سهم,لاستیک و پلاستیک,بازار فرابورس,بازار دوم فرابورس,10.44,93.0,1276.5958,7000000000.0,,136828120.0,1965.0,2128.0,978.0,3680.0,2026-10-04,14084000000000.0,23690689.0,172,47665666268.0,500000.0,1,1006000000.0,24190689.0,73,48671666268.0,0.0,0,0.0,277125966.67441857,666735154.3561645,0.416,-1006000000.0,1,79095,2015.0,2024.0,1836417,3,2,22954,2011.0,2026.0,91856,2,6,168596,2010.0,2027.0,227790,1,7,309299,2009.0,2031.0,228700,1,30,1340033,2008.0,2036.0,36774,1,,,,,,,,,,,,,,,,
34557241988629814,برکت,گروه دارویی برکت,2026-10-04T09:29:44+03:30,4880.0,-2.4,4850.0,-3.0,5000.0,4850.0,4850.0,4970.0,1942.0,71316683.0,346230308740.0,5150.0,4850,47.0,103.2,1,43,سهم,مواد و محصولات دارویی,بازار بورس,بازار اول (تابلوی اصلی) بورس,14.67,47.0,0.0,17340000000.0,30.0,157272704.0,4980.0,5310.0,1952.0,5400.0,2026-10-04,84099000000000.0,47997707.0,808,232788878950.0,22988219.0,3,111492862150.0,70985926.0,604,344281741100.0,0.0,0,0.0,288105048.2054456,570002882.6158941,0.505,-111492862150.0,2,52412,4870.0,4880.0,44734,3,21,2322168,4860.0,4900.0,195251,3,98,5455986,4850.0,4910.0,73788,3,1,1048,4800.0,4920.0,32926,3,1,6690,4600.0,4930.0,19100,1,,,,,,,,,,,,,,,,
34581754264880199,درسا,صندوق سرمایه گذاری درسا - سهام,2026-10-04T09:03:19+03:30,61573.0,2.92,61337.0,2.52,59828.0,61578.0,61011.0,61578.0,14.0,17300.0,1061126400.0,61622.0,58034,0.0,,1,68,صندوق,صندوق سرمایه گذاری قابل معامله,بازار بورس,بازار صندوق های قابل معامله,0.0,,0.0,500000000.0,,83987.0,56574.0,60145.0,22060.0,60145.0,2026-10-04,30668500000000.0,0.0,0,0.0,17300.0,1,1061130100.0,17300.0,1,1061130100.0,0.0,0,0.0,,1061130100.0,,-1061130100.0,1,1000,59093.0,61576.0,21561,2,1,1000,59039.0,61577.0,10663,2,1,1000,58452.0,61579.0,332,1,1,1000,58042.0,61622.0,37965,1,0,0,0.0,0.0,0,0,,61869.0,62507.0,2026-10-04T09:23:36+03:30,-0.86,,,,,,,,,,,
34641719089573667,دتماد,تولیدمواداولیهداروپخش,2026-10-04T09:29:45+03:30,58300.0,-3.0,58380.0,-2.86,60100.0,59560.0,58300.0,59560.0,243.0,1317261.0,76901293570.0,61900.0,58300,5718.0,10.2,1,43,سهم,مواد و محصولات دارویی,بازار بورس,بازار اول (تابلوی فرعی) بورس,14.67,5718.0,20454.213,2800000000.0,23.0,5842569.0,56650.0,61420.0,17800.0,72120.0,2026-10-04,163464000000000.0,690831.0,129,40330713780.0,626000.0,1,36545880000.0,1316831.0,35,76876593780.0,0.0,0,0.0,312641192.09302324,2196474108.0,0.142,-36545880000.0,1,100,54610.0,58300.0,1266855,95,1,1000,48460.0,58860.0,4145,1,0,0,0.0,59530.0,3000,1,0,0,0.0,59540.0,300,1,0,0,0.0,59560.0,26826,1,,,,,,,,,,,,,,,,
34673681828119297,فاما,صنعتی آما,2026-10-04T09:29:42+03:30,7190.0,2.28,7030.0,0.0,7030.0,7030.0,6830.0,7160.0,64.0,2766749.0,19449993910.0,7240.0,6820,922.0,7.6,1,28,سهم,ساخت محصولات فلزی,بازار بورس,بازار اول (تابلوی فرعی) بورس,7.71,922.0,3622.7942,12500000000.0,28.0,16228934.0,6760.0,7160.0,2397.0,7340.0,2026-10-04,87875000000000.0,2584461.0,20,18168760830.0,175770.0,2,1235663100.0,2502389.0,28,17591794670.0,257842.0,1,1812629260.0,908438041.5,628278381.0714285,1.446,576966160.0,1,5,7180.0,7190.0,137252,1,2,301900,7080.0,7200.0,148000,2,1,145770,7030.0,7220.0,1000,1,1,72981,6970.0,7230.0,100000,2,2,12000,6940.0,7240.0,679408,14,,,,,,,,,,,,,,,,
34718633636164421,کمند,صندوق س. با درآمد ثابت کمند,2026-10-04T09:29:35+03:30,10245.0,0.09,10245.0,0.09,10236.0,10245.0,10245.0,10246.0,249.0,25853383.0,264878733343.0,10543.0,9929,0.0,,1,68,صندوق,صندوق سرمایه گذاری قابل معامله,بازار بورس,بازار صندوق های قابل معامله,0.0,,0.0,10000000000.0,,218005044.0,10208.0,10237.0,10000.0,10283.0,2026-10-04,102450000000000.0,16444528.0,70,168474189360.0,9408855.0,1,96393719475.0,18367979.0,124,188179944855.0,7485404.0,2,76687963980.0,2406774133.714286,1517580200.4435484,1.586,-19705755495.0,1,195926493,10245.0,10246.0,50055201,6,1,1000000,10244.0,10247.0,1000000,1,1,1000000,10243.0,10248.0,1055000,2,1,1000000,10242.0,10249.0,1000000,1,1,1000000,10241.0,10250.0,1000500,2,,10228.0,10237.0,2026-10-04T09:23:45+03:30,0.17,,,,,,,,,,,
34721884030854211,سفاسی,شرکت فارسیت اهواز,2026-10-04T09:29:40+03:30,5380.0,2.87,5350.0,2.29,5230.0,5150.0,5150.0,5380.0,50.0,1872459.0,10022574770.0,5380.0,5080,330.0,16.2,1,54,سهم,سایر محصولات کانی غیرفلزی,بازار پایه فرابورس,بازار پایه زرد فرابورس,0.0,330.0,326.18182,660000000.0,,4376906.0,4860.0,5360.0,2092.0,5360.0,2026-10-04,3531000000000.0,1871459.0,11,10012305650.0,0.0,0,0.0,1871459.0,33,10012305650.0,0.0,0,0.0,910209604.5454545,303403201.5151515,3.0,0.0,2,17678,5380.0,0.0,0,0,1,286675,5360.0,0.0,0,0,1,128000,5230.0,0.0,0,0,4,188000,5220.0,0.0,0,0,1,100000,5200.0,0.0,0,0,صف خرید,,,,,,,,,,,,,,,
34856765062083074,بازده,صندوق س. بازده ثابت-د,2026-10-04T09:05:54+03:30,26521.0,0.09,26521.0,0.09,26497.0,26521.0,26521.0,26521.0,5.0,6230.0,165225830.0,27291.0,25703,0.0,,1,68,صندوق,صندوق سرمایه گذاری قابل معامله,بازار فرابورس,بازار ابزارهاي نوين مالي فرابورس,1067.75,,0.0,300000000.0,,5370742.0,26403.0,26498.0,19584.0,26963.0,2026-10-04,7956300000000.0,0.0,0,0.0,6230.0,1,165225830.0,6230.0,4,165225830.0,0.0,0,0.0,,41306457.5,,-165225830.0,2,5001000,26521.0,26522.0,1000326,2,2,100200,26520.0,26523.0,10000,1,1,100000,26519.0,26524.0,10000,1,1,100000,26518.0,26525.0,10000,1,1,100000,26517.0,26526.0,10000,1,,26733.0,26758.0,2026-10-04T09:23:16+03:30,-0.79,,,,,,,,,,,
34890845654517313,ساربیل,سیمان آرتا اردبیل,2026-10-04T09:29:31+03:30,88990.0,1.32,88110.0,0.32,87830.0,89900.0,87100.0,89900.0,37.0,14214.0,1252425770.0,90460.0,85200,11188.0,7.9,1,53,سهم,سیمان، آهک و گچ,بازار بورس,بازار دوم (تابلوی اصلی) بورس,7.57,11188.0,26580.008,1440000000.0,10.0,467373.0,86930.0,91800.0,56140.0,101400.0,2026-10-04,126878400000000.0,14214.0,13,1252395540.0,0.0,0,0.0,14214.0,20,1252395540.0,0.0,0,0.0,96338118.46153846,62619777.00000001,1.538,0.0,3,10369,87320.0,88990.0,18754,5,1,1013,87310.0,89000.0,21378,5,4,5987,87100.0,89200.0,4274,3,1,1000,87090.0,89300.0,2187,2,3,2849,87070.0,89400.0,3730,2,,,,,,,,,,,,,,,,
35026822153186010,فنقره,ذوب گران رنگین فلز,2026-10-04T09:29:52+03:30,19990.0,2.99,19990.0,2.99,19410.0,19990.0,19990.0,19990.0,5430.0,38897774.0,777566502260.0,19990.0,18830,1731.0,11.5,1,27,سهم,فلزات اساسی,بازار فرابورس,بازار دوم فرابورس,8.66,1731.0,7221.5156,5000000000.0,,32207406.0,18310.0,19410.0,15300.0,19410.0,2026-10-04,99950000000000.0,37871468.0,1247,757050645320.0,1020000.0,32,20389800000.0,891098.0,3974,17813049020.0,38000370.0,4,759627396300.0,607097550.3769046,4482397.840966281,135.44,739237596300.0,9999,486792452,19990.0,0.0,0,0,16,81563,19980.0,0.0,0,0,3,4000,19970.0,0.0,0,0,3,1006,19960.0,0.0,0,0,17,57838,19950.0,0.0,0,0,صف خرید,,,,,,,,,,,,,,,
35050346519277111,ضسپا8089,اختیارخ خساپا-750-1405/08/27,2026-10-04T09:29:24+03:30,109.0,6.86,104.0,1.96,102.0,108.0,72.0,109.0,49.0,8072.0,842461000.0,100000.0,1,0.0,,1.0,34,اختیار معامله,,,,,,,,,,,,,,,,8072.0,18,839488.0,0.0,0,0.0,8072.0,22,839488.0,0.0,0,0.0,46638.222222222226,38158.545454545456,1.222,0.0,1,50,106.0,109.0,627,2,1,710,102.0,110.0,120,3,1,59,101.0,111.0,1056,3,3,310,100.0,112.0,56,2,1,181,98.0,113.0,56,2,,,,,,خساپا,44891482026867833,686,750,1000,1405/05/31,1405/08/27,45,خرید,1266157,2895237000.0
35158826900216508,غاذر,کشتوصنعتپیاذر,2026-10-04T09:29:23+03:30,35820.0,2.67,35480.0,1.69,34890.0,35930.0,34340.0,35930.0,349.0,3021780.0,107205266570.0,35930.0,33850,3154.0,11.2,1,42,سهم,محصولات غذایی و آشامیدنی به جز قند و شکر,بازار بورس,بازار دوم (تابلوی فرعی) بورس,9.48,3154.0,9703.184,863507000.0,87.0,11798948.0,33890.0,34900.0,15000.0,37320.0,2026-10-04,30637228360000.0,1954374.0,98,69341189520.0,1067406.0,4,37871564880.0,3021780.0,131,107212754400.0,0.0,0,0.0,707563158.3673469,818417972.5190839,0.865,-37871564880.0,1,15369,35300.0,35850.0,9970,2,5,61041,35280.0,35860.0,141,1,3,83216,35220.0,35870.0,30000,1,6,62722,35210.0,35890.0,731,1,5,112819,35200.0,35900.0,1000,1,,,,,,,,,,,,,,,,
35163287528816137,اعتبار,صندوق س. نوع دوم اعتبار-د,2026-10-04T09:27:45+03:30,29782.0,0.12,29782.0,0.12,29745.0,29782.0,29781.0,29783.0,88.0,12200086.0,363345918687.0,30637.0,28853,0.0,,1,68,صندوق,صندوق سرمایه گذاری قابل معامله,بازار فرابورس,بازار ابزارهاي نوين مالي فرابورس,1067.75,,0.0,2900000000.0,,141531273.0,29663.0,29787.0,21624.0,29787.0,2026-10-04,86367800000000.0,5035355.0,13,149962942610.0,7164731.0,2,213380018642.0,3422684.0,53,101934374888.0,8777402.0,2,261408586364.0,11535610970.0,1923290092.2264152,5.998,48028567722.0,24,120000000,29782.0,29783.0,20278388,6,2,1000650,29781.0,29800.0,100000,1,1,1000000,29780.0,29831.0,100000,1,1,1000000,29779.0,29832.0,100000,1,1,1000000,29778.0,0.0,0,0,,29722.0,29749.0,2026-10-04T09:23:39+03:30,0.2,,,,,,,,,,,
35178706978554988,شپاس,نفت پاسارگاد,2026-10-04T09:29:14+03:30,50550.0,-2.92,50560.0,-2.9,52070.0,50800.0,50510.0,50950.0,265.0,1324516.0,66965706520.0,53630.0,50510,6293.0,8.0,1,23,سهم,فراورده های نفتی، کک و سوخت هسته ای,بازار فرابورس,بازار دوم فرابورس,8.64,6293.0,143006.55,2400000000.0,,3824027.0,49680.0,52700.0,33700.0,58200.0,2026-10-04,121344000000000.0,1254483.0,109,63426660480.0,70033.0,1,3540868480.0,1324516.0,71,66967528960.0,0.0,0,0.0,581895967.706422,943204633.2394366,0.617,-3540868480.0,1,10000,50540.0,50600.0,9757,4,2,4459,50530.0,50670.0,2000,1,3,13060,50520.0,50680.0,14000,1,6,14678,50510.0,50700.0,630,1,1,117,43250.0,50740.0,20000,2,,,,,,,,,,,,,,,,
35331248532537562,اردستان,سیمان اردستان,2026-10-04T09:29:23+03:30,30010.0,-1.51,30190.0,-0.92,30470.0,31320.0,30000.0,31320.0,236.0,1103152.0,33299980070.0,31380.0,29560,5074.0,5.9,1,53,سهم,سیمان، آهک و گچ,بازار بورس,بازار اول (تابلوی اصلی) بورس,7.6,5074.0,10899.497,2270000000.0,82.0,5666122.0,30310.0,32030.0,19990.0,35330.0,2026-10-04,68531300000000.0,867437.0,80,26187923030.0,235715.0,4,7116235850.0,770808.0,54,23270693520.0,332344.0,1,10033465360.0,327349037.875,430938768.8888889,0.76,2917229510.0,3,35894,30010.0,30020.0,7511,2,4,44367,30000.0,30030.0,17832,3,2,4000,29980.0,30050.0,10929,3,3,2651,29970.0,30100.0,1000,1,5,3430,29960.0,30200.0,12500,2,,,,,,,,,,,,,,,,
35369183060321179,ومشان,سرمایه گذاری مشانیر,2026-10-04T09:26:27+03:30,38110.0,3.0,38110.0,3.0,37000.0,38110.0,38110.0,38110.0,45.0,301804.0,11501750440.0,38110.0,35890,143.0,266.5,1,56,سهم,سرمایه گذاریها,بازار پایه فرابورس,بازار پایه زرد فرابورس,0.0,143.0,0.0,1040000000.0,,2187653.0,35160.0,37320.0,10750.0,37320.0,2026-10-04,39634400000000.0,291804.0,19,11120650440.0,10000.0,1,381100000.0,269342.0,19,10264623620.0,32462.0,1,1237126820.0,585297391.5789474,540243348.4210526,1.083,856026820.0,41,387634,38110.0,0.0,0,0,3,35940,38100.0,0.0,0,0,1,5000,38000.0,0.0,0,0,2,30000,37100.0,0.0,0,0,4,94200,37000.0,0.0,0,0,صف خرید,,,,,,,,,,,,,,,
35425587644337450,فملی,ملی صنایع مس ایران,2026-10-04T09:29:48+03:30,28960.0,2.99,28740.0,2.2,28120.0,28860.0,28170.0,28960.0,19045.0,213019992.0,6122074384070.0,28960.0,27280,1411.0,20.4,1,27,سهم,فلزات اساسی,بازار بورس,بازار اول (تابلوی اصلی) بورس,15.2,1411.0,3822.8433,1440000000000.0,34.0,481086312.0,26600.0,28210.0,6880.0,28210.0,2026-10-04,4.13856e+16,173030427.0,7922,4972894471980.0,39864372.0,31,1145702051280.0,172481386.0,4395,4957115033640.0,40413413.0,34,1161481489620.0,627732197.927291,1127898756.232082,0.557,15779438340.0,706,31772381,28960.0,0.0,0,0,310,4120571,28950.0,0.0,0,0,137,1038220,28940.0,0.0,0,0,32,216154,28930.0,0.0,0,0,15,73552,28920.0,0.0,0,0,صف خرید,,,,,,,,,,,,,,,
35445515321658835,فماک,ماداکتو استیل کرد,2026-10-04T09:25:57+03:30,31450.0,-2.99,31450.0,-2.99,32420.0,31450.0,31450.0,31450.0,30.0,163889.0,5154309050.0,33390.0,31450,2086.0,15.1,1,27,سهم,فلزات اساسی,بازار فرابورس,بازار نوآفرین - رشد,8.66,2086.0,24969.035,405000000.0,,3173409.0,32320.0,34900.0,8690.0,34900.0,2026-10-04,12737250000000.0,91889.0,20,2889909050.0,72000.0,1,2264400000.0,163889.0,1,5154309050.0,0.0,0,0.0,144495452.5,5154309050.0,0.028,-2264400000.0,0,0,0.0,31450.0,1206335,68,0,0,0.0,31460.0,222,1,0,0,0.0,31470.0,333,1,0,0,0.0,31480.0,444,1,0,0,0.0,31490.0,555,1,صف فروش,,,,,,,,,,,,,,,
35543935713999309,تاتمس,کارخانجات صنعتی وتولیدی اتمسفر,2026-10-04T09:15:06+03:30,11900.0,-2.94,11900.0,-2.94,12260.0,11900.0,11900.0,11900.0,2.0,12000.0,142800000.0,12620.0,11900,248.0,48.0,1,29,سهم,ماشین آلات و تجهیزات,بازار پایه فرابورس,بازار پایه زرد فرابورس,0.0,248.0,2060.3245,2400000000.0,,215430.0,12180.0,12960.0,10410.0,207050.0,2026-10-04,28560000000000.0,12000.0,2,142800000.0,0.0,0,0.0,12000.0,1,142800000.0,0.0,0,0.0,71400000.0,142800000.0,0.5,0.0,0,0,0.0,11900.0,1286801,19,0,0,0.0,12620.0,141879,5,0,0,0.0,12960.0,20000,1,0,0,0.0,13310.0,30000,1,0,0,0.0,15300.0,3000,3,صف فروش,,,,,,,,,,,,,,,
35669480110084448,سپاها,سیمانسپاهان,2026-10-04T09:29:41+03:30,21460.0,-2.98,21590.0,-2.4,22120.0,21900.0,21460.0,22220.0,232.0,1862554.0,40212419520.0,22780.0,21460,2433.0,8.9,1,53,سهم,سیمان، آهک و گچ,بازار بورس,بازار اول (تابلوی اصلی) بورس,7.6,2433.0,7749.1987,6750000000.0,35.0,12609217.0,20510.0,22400.0,8850.0,22500.0,2026-10-04,145732500000000.0,1161954.0,126,25086586860.0,700000.0,1,15113000000.0,1861954.0,51,40199586860.0,0.0,0,0.0,199099895.71428573,788227193.3333334,0.253,-15113000000.0,1,4717,21120.0,21460.0,5849619,77,0,0,0.0,21520.0,2214,1,0,0,0.0,21530.0,26684,7,0,0,0.0,21540.0,10000,1,0,0,0.0,21550.0,10000,1,,,,,,,,,,,,,,,,
35697082110863308,ضخود9058,اختیارخ خودرو-1000-1405/09/04,2026-10-04T09:22:10+03:30,50.0,6.38,43.0,-8.51,47.0,41.0,40.0,55.0,8.0,1481.0,62991000.0,100000.0,1,0.0,,1.0,34,اختیار معامله,,,,,,,,,,,,,,,,1481.0,4,63683.0,0.0,0,0.0,67.0,1,2881.0,1414.0,1,60802.0,15920.75,2881.0,5.526,60802.0,2,2000,40.0,49.0,100,1,1,52,38.0,50.0,6416,14,1,200,37.0,54.0,1000,1,2,1500,36.0,55.0,5,1,2,1700,31.0,56.0,5,1,,,,,,خودرو,65883838195688438,716,1000,1000,1405/06/07,1405/09/04,52,خرید,317427,1052991000.0
35700344742885862,کگل,معدنی و صنعتی گل گهر,2026-10-04T09:29:48+03:30,3050.0,-1.93,3030.0,-2.57,3110.0,3080.0,3020.0,3110.0,2581.0,213128446.0,645099221650.0,3200.0,3020,241.0,12.6,1,13,سهم,استخراج کانه های فلزی,بازار بورس,بازار اول (تابلوی اصلی) بورس,15.53,241.0,2055.4167,655000000000.0,23.0,798595487.0,3000.0,3220.0,1820.0,3310.0,2026-10-04,1984650000000000.0,136223908.0,754,412758441240.0,76600000.0,5,232098000000.0,200323908.0,408,606981441240.0,12500000.0,2,37875000000.0,547424988.3819629,1487699610.882353,0.368,-194223000000.0,4,119972,3060.0,3070.0,332379,9,1,166641,3050.0,3080.0,3290000,7,1,2000,3040.0,3090.0,2370000,9,13,1305224,3030.0,3100.0,2931001,12,48,6400801,3020.0,3110.0,4209473,25,,,,,,,,,,,,,,,,
35701243539400255,ضخود1315,اختیارخ خودرو-450-1405/10/09,2026-10-04T09:25:40+03:30,329.0,32800.0,327.0,32600.0,1.0,325.0,325.0,329.0,3.0,1915.0,626375000.0,100000.0,1,0.0,,1.0,34,اختیار معامله,,,,,,,,,,,,,,,,1915.0,2,626205.0,0.0,0,0.0,0.0,0,0.0,1915.0,1,626205.0,313102.5,,,626205.0,1,20,305.0,329.0,944,1,1,20,300.0,355.0,1000,1,2,300,250.0,0.0,0,0,2,1100,200.0,0.0,0,0,1,100,111.0,0.0,0,0,,,,,,خودرو,65883838195688438,716,450,1000,1405/07/11,1405/10/09,87,خرید,1915,1371140000.0
35796086458096255,شیران,س. صنایعشیمیاییایران,2026-10-04T09:28:47+03:30,11400.0,-1.64,11360.0,-1.98,11590.0,11710.0,11250.0,11710.0,433.0,7407989.0,84174190000.0,11930.0,11250,1359.0,8.4,1,44,سهم,محصولات شیمیایی,بازار بورس,بازار اول (تابلوی فرعی) بورس,10.14,1359.0,5944.677,54433650000.0,14.0,39159383.0,11200.0,12240.0,4729.0,12450.0,2026-10-04,618366264000000.0,5592156.0,125,63526892160.0,1815833.0,2,20627862880.0,6543884.0,130,74338522240.0,864105.0,3,9816232800.0,508215137.28,571834786.4615384,0.889,-10811630080.0,2,12556,11410.0,11450.0,84799,2,4,36000,11400.0,11470.0,23000,2,3,5195,11390.0,11480.0,66719,2,2,100648,11380.0,11490.0,10000,1,1,9000,11370.0,11500.0,223782,7,,,,,,,,,,,,,,,,
35831329532779850,نارنج اهرم,ص.س. اهرمی نارنج-س,2026-10-04T09:29:52+03:30,69188.0,0.54,67551.0,-1.84,68815.0,66440.0,66313.0,69200.0,3382.0,35805295.0,2418679566937.0,71567.0,66063,0.0,,1,68,صندوق,صندوق سرمایه گذاری قابل معامله,بازار فرابورس,-',1048.07,,0.0,2500000000.0,,102713603.0,64316.0,71178.0,14043.0,71178.0,2026-10-04,168877500000000.0,35074928.0,1080,2369346461328.0,290996.0,6,19657070796.0,35141766.0,837,2373861435066.0,224158.0,5,15142097058.0,2193839316.0444446,2836154641.655914,0.774,-4514973738.0,2,53830,69010.0,69188.0,8976,1,2,9670,69008.0,69198.0,1500,1,1,5000,69005.0,69200.0,80000,3,2,10100,69003.0,69218.0,4000,1,7,23313,69002.0,69250.0,500,1,,84867.0,86128.0,2026-10-04T09:23:06+03:30,-20.4,,,,,,,,,,,
35873466277081287,ضذوب8034,اختیارخ ذوب-800-1405/08/20,2026-10-04T09:29:25+03:30,69.0,18.97,57.0,-1.72,58.0,45.0,45.0,69.0,2.0,2.0,114000.0,100000.0,1,0.0,,1.0,27,اختیار معامله,,,,,,,,,,,,,,,,2.0,3,114.0,0.0,0,0.0,2.0,3,114.0,0.0,0,0.0,38.0,38.0,1.0,0.0,1,1000,48.0,69.0,56,10,1,1000,46.0,76.0,1000,1,2,1070,45.0,77.0,401,4,1,1000,42.0,78.0,3000,3,1,1000,31.0,80.0,1000,1,,,,,,ذوب,71483646978964608,656,800,1000,1405/06/21,1405/08/20,38,خرید,172457,656000.0
35875049744666675,ضهرم9026,اختیارخ اهرم-56000-1405/09/25,2026-10-04T09:18:19+03:30,25995.0,6.2,23216.0,-5.15,24477.0,24144.0,23000.0,25995.0,4.0,33.0,766134000.0,500000.0,1,0.0,,1.0,68,اختیار معامله,,,,,,,,,,,,,,,,33.0,3,766128.0,0.0,0,0.0,33.0,3,766128.0,0.0,0,0.0,255376.0,255376.0,1.0,0.0,1,2,22057.0,25800.0,3,1,2,55,22055.0,25994.0,6,1,1,20,18300.0,35255.0,3,2,1,150,18100.0,0.0,0,0,2,70,18006.0,0.0,0,0,,,,,,اهرم,17914401175772326,72311,56000,1000,1405/06/28,1405/09/25,73,خرید,455,2362701000.0
35918290953066290,ضملت8075,اختیارخ وبملت-1500-1405/08/20,2026-10-04T09:29:48+03:30,130.0,-3.7,126.0,-6.67,135.0,136.0,120.0,138.0,521.0,201162.0,25300764000.0,100000.0,1,0.0,,1.0,57,اختیار معامله,,,,,,,,,,,,,,,,199606.0,91,25150356.0,0.0,0,0.0,80120.0,39,10095120.0,119486.0,3,15055236.0,276377.53846153844,258849.23076923075,1.068,15055236.0,3,2056,130.0,134.0,2902,3,5,2328,129.0,135.0,1119,3,3,1250,128.0,137.0,4080,5,2,2000,127.0,138.0,9604,10,4,1500,126.0,139.0,9050,10,,,,,,وبملت,778253364357513,1459,1500,1000,1405/05/24,1405/08/20,38,خرید,2024217,275327890000.0
35948133957468680,سرچشمه,سرمایه گذاری مس سرچشمه,2026-10-04T09:29:51+03:30,8150.0,-0.49,7980.0,-2.56,8190.0,7980.0,7950.0,8140.0,840.0,18814762.0,150141454620.0,8430.0,7950,1231.0,6.5,1,56,سهم,سرمایه گذاریها,بازار فرابورس,بازار اول فرابورس,8.88,1231.0,0.0,15000000000.0,,84229428.0,7880.0,8420.0,2877.0,8420.0,2026-10-04,119700000000000.0,17709783.0,417,141324068340.0,1070374.0,2,8541584520.0,16792977.0,180,134007956460.0,1987180.0,3,15857696400.0,338906638.705036,744488647.0,0.455,7316111880.0,13,167361,8140.0,8150.0,46091,3,6,44179,8100.0,8160.0,139015,6,2,10930,8090.0,8170.0,310700,3,4,226548,8080.0,8180.0,206660,4,1,5000,8060.0,8190.0,1700,2,,,,,,,,,,,,,,,,
35964395659427029,قشکر,شکر,2026-10-04T09:29:18+03:30,5100.0,-2.49,5090.0,-2.68,5230.0,5090.0,5080.0,5340.0,143.0,4668602.0,23786255620.0,5380.0,5080,-473.0,-10.8,1,38,سهم,قند و شکر,بازار بورس,بازار دوم (تابلوی فرعی) بورس,9.86,-473.0,7583.032,2460093000.0,36.0,13175414.0,5130.0,5520.0,2280.0,6220.0,2026-10-04,12521873370000.0,4668602.0,63,23763184180.0,0.0,0,0.0,4668602.0,57,23763184180.0,0.0,0,0.0,377193399.6825397,416897968.0701754,0.905,0.0,2,90153,5100.0,5190.0,215315,5,3,108514,5090.0,5200.0,393473,5,15,465723,5080.0,5240.0,4500,1,1,1010,4980.0,5250.0,51200,2,1,1600,4850.0,5290.0,134602,1,,,,,,,,,,,,,,,,
36002472163498476,همسنگ,صندوق س. شاخصی هم وزن همسنگ-س,2026-10-04T09:29:37+03:30,22000.0,-0.57,21817.0,-1.4,22126.0,22130.0,21720.0,22130.0,795.0,5531546.0,120680922987.0,22789.0,21463,0.0,,1,68,صندوق,صندوق سرمایه گذاری قابل معامله,بازار فرابورس,بازار ابزارهاي نوين مالي فرابورس,1048.07,,0.0,2000000000.0,,30840444.0,21259.0,22670.0,9374.0,22670.0,2026-10-04,43634000000000.0,3278421.0,296,71525310957.0,2043875.0,4,44591220875.0,4729567.0,313,103184963239.0,592729.0,4,12931568593.0,241639564.0439189,329664419.2939297,0.733,-31659652282.0,1,16832,22001.0,22026.0,18442,4,5,76390,22000.0,22033.0,61872,3,4,5938,21994.0,22070.0,95521,9,1,100,21916.0,22080.0,3000,1,1,8000,21905.0,22097.0,1000,1,,21915.0,22129.0,2026-10-04T09:24:08+03:30,-0.45,,,,,,,,,,,
36235343945196457,وفردا,بیمه هوشمند فردا,2026-10-04T09:27:30+03:30,1909.0,2.97,1909.0,2.97,1854.0,1909.0,1899.0,1909.0,86.0,19301523.0,36840048997.0,1909.0,1799,-10.0,-190.9,1,66,سهم,بیمه وصندوق بازنشستگی به جزتامین اجتماعی,بازار پایه فرابورس,بازار پایه زرد فرابورس,0.0,-10.0,0.0,3769116678.0,,5427718.0,1854.0,1854.0,1265.0,2434.0,2026-10-04,7195243738302.0,19301523.0,22,36846607407.0,0.0,0,0.0,4221316.0,25,8058492244.0,15080207.0,2,28788115163.0,1674845791.2272727,322339689.76000005,5.196,28788115163.0,11,4066546,1909.0,2289.0,5344,3,1,99000,1851.0,2422.0,2961,1,2,1100000,1850.0,2423.0,24666,2,1,40284,1816.0,2434.0,541906,1,2,1152359,1799.0,0.0,0,0,,,,,,,,,,,,,,,,
36236701370110884,کپرسپولیس,مجتمع کاشی و سنگ پرسپولیس یزد,2026-10-04T09:29:52+03:30,9790.0,2.94,9740.0,2.42,9510.0,9760.0,9550.0,9790.0,680.0,14374555.0,139977371090.0,9790.0,9230,966.0,10.1,1,49,سهم,کاشی و سرامیک,بازار فرابورس,بازار دوم فرابورس,10.37,966.0,5852.906,6700000000.0,,20719912.0,8990.0,9520.0,5870.0,9520.0,2026-10-04,65258000000000.0,14373184.0,174,139994812160.0,0.0,0,0.0,9639184.0,363,93885652160.0,4734000.0,3,46109160000.0,804567885.9770114,258638160.2203857,3.111,46109160000.0,39,4332188,9790.0,0.0,0,0,12,241002,9780.0,0.0,0,0,4,7151,9770.0,0.0,0,0,3,39367,9760.0,0.0,0,0,3,18522,9730.0,0.0,0,0,صف خرید,,,,,,,,,,,,,,,
36248702773456944,اخزا212,اسناد خزانه-م12بودجه02-050916,2026-10-04T09:06:34+03:30,939130.0,0.06,939130.0,0.06,938550.0,939120.0,939120.0,939130.0,3.0,4482.0,4209177830.0,966700.0,910400,0.0,,1.0,69,اوراق بدهی,,,,,,,,,,,,,,,,4482.0,3,4209180660.0,0.0,0,0.0,0.0,0,0.0,4482.0,2,4209180660.0,1403060220.0,,,4209180660.0,2,1817,939120.0,943980.0,745,1,1,400,939100.0,943990.0,200,1,1,1000,928190.0,944000.0,5370,1,1,1400,928180.0,947870.0,400,1,1,19787,927900.0,947880.0,261,1,,,,,,,,,,,,,,,,
36255121262639515,مسگون,صندوق س.بخشی گستره فیروزه4-ب,2026-10-04T09:29:50+03:30,16350.0,1.26,16159.0,0.08,16146.0,16400.0,15800.0,16400.0,1225.0,14173520.0,229026967877.0,16630.0,15662,0.0,,1,68,صندوق,صندوق سرمایه گذاری قابل معامله,بازار فرابورس,بازار ابزارهاي نوين مالي فرابورس,1048.07,,0.0,2000000000.0,,51186881.0,15127.0,16410.0,9741.0,16410.0,2026-10-04,32318000000000.0,12573159.0,467,203169676281.0,1431546.0,2,23132351814.0,13558809.0,315,219096794631.0,445896.0,3,7205233464.0,435052840.00214136,695545379.7809525,0.625,-15927118350.0,3,502140,16330.0,16340.0,45509,1,2,14035,16319.0,16350.0,283611,3,2,12234,16310.0,16360.0,687045,3,2,6621,16300.0,16362.0,41855,1,1,1000,16290.0,16363.0,374740,3,,16411.0,16579.0,2026-10-04T09:24:13+03:30,-1.54,,,,,,,,,,,
36280682812510362,ضخود8059,اختیارخ خودرو-600-1405/08/06,2026-10-04T09:29:49+03:30,152.0,11.76,141.0,3.68,136.0,136.0,127.0,155.0,2043.0,818311.0,115605113000.0,100000.0,1,0.0,,1.0,34,اختیار معامله,,,,,,,,,,,,,,,,793732.0,239,111916212.0,10575.0,2,1491075.0,788179.0,244,111133239.0,16128.0,4,2274048.0,468268.6694560669,455464.0942622951,1.028,782973.0,1,54,152.0,153.0,11698,16,8,7500,151.0,154.0,11335,13,19,14763,150.0,155.0,5698,8,4,2640,149.0,156.0,4500,7,3,2100,148.0,158.0,2654,7,,,,,,خودرو,65883838195688438,716,600,1000,1405/05/10,1405/08/06,24,خرید,8221286,525088624000.0
36282416082320053,والماس,س. الماس حکمت ایرانیان,2026-10-04T09:28:30+03:30,2823.0,-1.19,2780.0,-2.7,2857.0,2772.0,2772.0,2827.0,76.0,2917423.0,8111425696.0,2942.0,2772,462.0,6.0,1,56,سهم,سرمایه گذاریها,بازار فرابورس,بازار اول فرابورس,8.88,462.0,0.0,6600000000.0,,38598926.0,2840.0,2998.0,1533.0,3132.0,2026-10-04,18348000000000.0,1814277.0,20,5043690060.0,1103146.0,1,3066745880.0,2617158.0,33,7275699240.0,300265.0,1,834736700.0,252184503.00000003,220475734.54545453,1.144,-2232009180.0,1,38104,2794.0,2821.0,35725,1,3,23338,2792.0,2823.0,24545,1,1,35701,2791.0,2824.0,125000,2,1,20000,2789.0,2825.0,56438,3,1,20000,2787.0,2827.0,12623,1,,,,,,,,,,,,,,,,
36364047230781495,ضستا8058,اختیارخ شستا-3000-1405/08/13,2026-10-04T09:26:49+03:30,780.0,-11.06,782.0,-10.83,877.0,850.0,770.0,850.0,25.0,4656.0,3641920000.0,100000.0,1,0.0,,1.0,39,اختیار معامله,,,,,,,,,,,,,,,,4656.0,9,3640992.0,0.0,0,0.0,771.0,6,602922.0,3885.0,1,3038070.0,404554.6666666667,100487.0,4.026,3038070.0,1,50,790.0,791.0,304,1,1,65,782.0,810.0,100,1,2,110,781.0,811.0,100,1,1,1000,780.0,839.0,1000,1,2,450,776.0,840.0,1000,1,,,,,,شستا,2400322364771558,3580,3000,1000,1405/05/17,1405/08/13,31,خرید,145324,16621920000.0
36592972482259020,آسام,صندوق س.آرمان سپهر آتی-م,2026-10-04T09:27:18+03:30,66480.0,1.32,66004.0,0.6,65612.0,66001.0,66000.0,66480.0,17.0,45736.0,3018759940.0,67580.0,63644,0.0,,1,68,صندوق,صندوق سرمایه گذاری قابل معامله,بازار فرابورس,بازار ابزارهاي نوين مالي فرابورس,1048.22,,0.0,450000000.0,,770275.0,64781.0,67010.0,35800.0,67010.0,2026-10-04,29701800000000.0,659.0,4,43496636.0,45077.0,1,2975262308.0,45736.0,9,3018758944.0,0.0,0,0.0,10874159.0,335417660.4444444,0.032,-2975262308.0,2,8213,66000.0,66400.0,1200,2,1,22,65425.0,66485.0,5200,3,1,33620,65424.0,66490.0,850,1,1,27754,65335.0,66590.0,10000,1,1,18547,65241.0,66663.0,200,1,,67434.0,67880.0,2026-10-04T09:24:01+03:30,-2.12,,,,,,,,,,,
36671655475498480,قشرین,قند شیرین خراسان,2026-10-04T09:29:28+03:30,3500.0,1.16,3460.0,0.0,3460.0,3380.0,3370.0,3550.0,78.0,4055079.0,13977569840.0,3560.0,3360,-45.0,-76.9,20252132,38,سهم,قند و شکر,بازار پایه فرابورس,بازار پایه زرد فرابورس,0.0,-45.0,1486.569,10338868550.0,,23728412.0,3260.0,3630.0,1775.0,3630.0,2026-10-04,35772485183000.0,3905079.0,14,13511573340.0,150000.0,1,519000000.0,3955079.0,32,13684573340.0,100000.0,1,346000000.0,965112381.4285713,427642916.875,2.257,-173000000.0,1,200000,3460.0,3500.0,300000,1,1,24308,3430.0,3510.0,190942,2,1,40000,3420.0,3530.0,182215,2,1,50000,3390.0,3540.0,361750,4,2,80000,3380.0,3550.0,380628,3,,,,,,,,,,,,,,,,
36773155987365094,اعتلا,شرکت سرمایه گذاری اعتلاء البرز,2026-10-04T09:29:12+03:30,2361.0,0.98,2361.0,0.98,2338.0,2377.0,2338.0,2377.0,13.0,613736.0,1448920650.0,2408.0,2268,377.0,6.3,1,56,سهم,سرمایه گذاریها,بازار فرابورس,بازار دوم فرابورس,8.88,377.0,0.0,7600000000.0,,15474714.0,2257.0,2377.0,1478.0,2582.0,2026-10-04,17943600000000.0,613736.0,4,1449030696.0,0.0,0,0.0,613736.0,8,1449030696.0,0.0,0,0.0,362257674.0,181128837.0,2.0,0.0,2,31559,2338.0,2362.0,9657,2,1,200000,2321.0,2364.0,100000,1,2,93186,2320.0,2365.0,3000,1,1,173700,2319.0,2369.0,125552,3,1,100000,2281.0,2370.0,102500,2,,,,,,,,,,,,,,,,
36844527173896115,زفجر,کشاورزی و دامپروری فجر اصفهان,2026-10-04T09:29:29+03:30,54170.0,-2.99,54170.0,-2.99,55840.0,54170.0,54170.0,54170.0,122.0,455737.0,24687273290.0,57510.0,54170,7903.0,6.9,1,01,سهم,زراعت و خدمات وابسته,بازار فرابورس,بازار اول فرابورس,8.76,7903.0,0.0,900000000.0,,2262297.0,55730.0,58950.0,14790.0,58950.0,2026-10-04,48753000000000.0,455737.0,98,24687273290.0,0.0,0,0.0,395737.0,8,21437073290.0,60000.0,1,3250200000.0,251910951.93877548,2679634161.25,0.094,3250200000.0,1,200,48490.0,54170.0,1426425,127,1,2000,44840.0,54200.0,72,1,0,0,0.0,54300.0,72,1,0,0,0.0,54500.0,1000,1,0,0,0.0,54870.0,17000,1,,,,,,,,,,,,,,,,
36899214178084525,شفا,سرمایه گذاری شفادارو,2026-10-04T09:27:34+03:30,72560.0,3.0,72560.0,3.0,70450.0,72560.0,72560.0,72560.0,55.0,189952.0,13782917120.0,72560.0,68340,2066.0,35.1,1,43,سهم,مواد و محصولات دارویی,بازار بورس,بازار دوم (تابلوی اصلی) بورس,14.67,2066.0,0.0,2712000000.0,9.0,5227388.0,66410.0,70450.0,9680.0,70450.0,2026-10-04,196782720000000.0,189952.0,8,13782917120.0,0.0,0,0.0,189882.0,17,13777837920.0,70.0,1,5079200.0,1722864640.0,810461054.117647,2.126,5079200.0,611,13354898,72560.0,0.0,0,0,2,1449,72500.0,0.0,0,0,1,98,72000.0,0.0,0,0,1,500,71500.0,0.0,0,0,2,4400,70550.0,0.0,0,0,صف خرید,,,,,,,,,,,,,,,
36995197800118822,سنوین,سرمایه گذاری اقتصاد نوین,2026-10-04T09:12:32+03:30,3520.0,2.33,3520.0,2.33,3440.0,3520.0,3520.0,3520.0,2.0,15000.0,52800000.0,3540.0,3340,612.0,5.8,1,56,سهم,سرمایه گذاریها,بازار پایه فرابورس,بازار پایه زرد فرابورس,0.0,612.0,0.0,2000000000.0,,9643587.0,3480.0,3720.0,2185.0,5450.0,2026-10-03,7040000000000.0,15000.0,1,52800000.0,0.0,0,0.0,15000.0,2,52800000.0,0.0,0,0.0,52800000.0,26400000.0,2.0,0.0,1,15000,3360.0,3470.0,1361726,7,2,115000,3350.0,3490.0,210776,2,10,1418250,3340.0,3500.0,101530,2,0,0,0.0,3520.0,473000,6,0,0,0.0,3530.0,230000,2,,,,,,,,,,,,,,,,
37028614515926436,آفرین,صندوق س رشدآفرین سرمایه-مختلط,2026-10-04T09:21:41+03:30,20900.0,-0.7,20900.0,-0.7,21047.0,20900.0,20900.0,20900.0,2.0,17100.0,357390000.0,21678.0,20416,0.0,,1,68,صندوق,صندوق سرمایه گذاری قابل معامله,بازار بورس,بازار صندوق های قابل معامله,0.0,,0.0,100000000.0,,585396.0,19157.0,20749.0,11950.0,22301.0,2026-10-03,2090000000000.0,17100.0,1,357390000.0,0.0,0,0.0,5000.0,1,104500000.0,12100.0,1,252890000.0,357390000.0,104500000.0,3.42,252890000.0,1,507,20557.0,21674.0,10000,1,1,1007,20547.0,21675.0,17100,1,1,2007,20537.0,21677.0,5000,1,1,3007,20527.0,21678.0,39762,4,1,4007,20517.0,21798.0,2486,1,,,,,,,,,,,,,,,,
37073830945037165,آفاق,صندوق س نوع دوم افق آتی-ثابت,2026-10-04T09:29:35+03:30,12015.0,0.12,12015.0,0.12,12000.0,12015.0,12015.0,12016.0,126.0,31194418.0,374801120191.0,12360.0,11640,0.0,,1,68,صندوق,صندوق سرمایه گذاری قابل معامله,بازار بورس,بازار صندوق های قابل معامله,0.0,,0.0,4000000000.0,,139343692.0,11970.0,12001.0,10011.0,12001.0,2026-10-04,48060000000000.0,447516.0,12,5376904740.0,30746902.0,1,369424027530.0,19118644.0,65,229710507660.0,12075774.0,2,145090424610.0,448075395.0,3534007810.153846,0.127,-224333602920.0,4,999257098,12015.0,12016.0,29935317,30,1,1000000,12014.0,12017.0,1005708,2,1,1000000,12013.0,12018.0,1000000,1,1,1000000,12012.0,12019.0,1000000,1,1,1000000,12011.0,12020.0,2000000,2,,12017.0,12028.0,2026-10-04T09:23:12+03:30,-0.02,,,,,,,,,,,
37089148943784077,خبنیان,بنیان دیزل,2026-10-04T09:29:45+03:30,1804.0,-2.38,1794.0,-2.92,1848.0,1794.0,1793.0,1840.0,249.0,42992101.0,77122531367.0,1903.0,1793,10.0,179.4,1,34,سهم,خودرو و ساخت قطعات,بازار پایه فرابورس,بازار پایه زرد فرابورس,0.0,10.0,182.84862,9851997000.0,,67740129.0,1778.0,1900.0,1181.0,2453.0,2026-10-04,17674482618000.0,42942101.0,106,77038129194.0,0.0,0,0.0,42942101.0,79,77038129194.0,0.0,0,0.0,726774803.7169812,975166192.329114,0.745,0.0,1,300000,1803.0,1804.0,585000,1,2,441782,1795.0,1839.0,606155,1,6,1322952,1794.0,1840.0,547274,1,4,2052928,1793.0,1846.0,388989,1,1,400000,1790.0,1848.0,49000,1,,,,,,,,,,,,,,,,
37118058361762279,مالک آتیه,ص.س.املاک و مستغلات مالک آتیه,2026-10-04T09:29:48+03:30,12754.0,3.0,12753.0,2.99,12383.0,12754.0,12521.0,12754.0,377.0,10517658.0,134129836241.0,12754.0,12012,0.0,,1,68,صندوق,صندوق سرمایه گذاری قابل معامله,بازار فرابورس,-',1056.4,,0.0,500000000.0,,38952874.0,11900.0,12624.0,10600.0,15649.0,2026-10-04,6376500000000.0,10424258.0,112,132940562274.0,0.0,0,0.0,9642823.0,143,122974921719.0,781435.0,1,9965640555.0,1186969306.017857,859964487.5454545,1.38,9965640555.0,3,55198,12751.0,12753.0,500,1,2,66445,12750.0,12754.0,123204,1,2,140000,12746.0,12790.0,360732,2,1,100000,12743.0,12886.0,389,1,2,5080,12740.0,12939.0,100,1,,14079.0,14079.0,2026-03-20T09:00:00+03:30,-9.42,,,,,,,,,,,
37120336886630649,بانکا,صندوق س صنایع آگاه4-بخشی,2026-10-04T09:29:18+03:30,21244.0,-0.12,21014.0,-1.2,21269.0,20782.0,20644.0,21697.0,75.0,186220.0,3913262896.0,21907.0,20631,0.0,,1,68,صندوق,صندوق سرمایه گذاری قابل معامله,بازار بورس,بازار صندوق های قابل معامله,0.0,,0.0,1000000000.0,,5496778.0,20879.0,22297.0,8980.0,23311.0,2026-10-04,21014000000000.0,173720.0,26,3650552080.0,12500.0,1,262675000.0,173720.0,30,3650552080.0,12500.0,1,262675000.0,140405849.23076925,121685069.33333334,1.154,0.0,4,30077,21010.0,21243.0,11501,3,2,5077,21008.0,21244.0,9927,2,3,52085,20999.0,21248.0,7000,1,4,9750,20900.0,21249.0,4817,1,2,6760,20795.0,21257.0,1200,1,,20916.0,21129.0,2026-10-04T09:24:30+03:30,0.47,,,,,,,,,,,
37204371816016200,وصندوق,سرمایهگذاریصندوقبازنشستگی,2026-10-04T09:29:32+03:30,28920.0,2.7,28830.0,2.38,28160.0,28950.0,27320.0,29000.0,765.0,17394204.0,501428918150.0,29000.0,27320,3357.0,8.6,1,39,سهم,شرکتهای چند رشته ای صنعتی,بازار بورس,بازار اول (تابلوی فرعی) بورس,11.41,3357.0,0.0,40770000000.0,18.0,32722554.0,26550.0,28160.0,14070.0,28160.0,2026-10-04,1175399100000000.0,11965299.0,247,344959570170.0,5428905.0,5,156515331150.0,17155558.0,179,494594737140.0,238646.0,1,6880164180.0,1396597450.0809717,2763099090.167598,0.505,-149635166970.0,1,20000,28740.0,28920.0,8438,1,2,105000,28730.0,28930.0,5000,1,2,2000,28720.0,28940.0,136503,2,2,4137,28710.0,28950.0,132708,3,4,66999,28700.0,28970.0,89311,1,,,,,,,,,,,,,,,,
37281199178613855,سیدکو,سرمایه گذاری توسعه صنایع سیمان,2026-10-04T09:28:58+03:30,12410.0,2.99,12410.0,2.99,12050.0,12410.0,12400.0,12410.0,442.0,13946890.0,173079558630.0,12410.0,11690,1733.0,7.2,1,53,سهم,سیمان، آهک و گچ,بازار بورس,بازار دوم (تابلوی اصلی) بورس,7.57,1733.0,0.0,24000000000.0,9.0,1755118.0,11720.0,12070.0,11720.0,48880.0,2026-10-04,297840000000000.0,5271417.0,113,65418284970.0,8675473.0,2,107662619930.0,3596678.0,62,44634773980.0,10350212.0,3,128446130920.0,578922875.8407079,719915709.3548387,0.804,20783510990.0,26,971005,12410.0,0.0,0,0,3,102016,12400.0,0.0,0,0,1,2434,12390.0,0.0,0,0,2,11600,12380.0,0.0,0,0,1,3000,12360.0,0.0,0,0,صف خرید,,,,,,,,,,,,,,,
37284308569715577,فسبزوار,پارس فولاد سبزوار,2026-10-04T09:29:48+03:30,86230.0,2.94,85980.0,2.64,83770.0,85500.0,84000.0,86280.0,792.0,3868349.0,332596463920.0,86280.0,81260,14489.0,5.9,1,27,سهم,فلزات اساسی,بازار بورس,بازار اول (تابلوی اصلی) بورس,15.2,14489.0,60949.2,4000000000.0,20.0,7219199.0,78220.0,84400.0,37000.0,84400.0,2026-10-04,343920000000000.0,2279865.0,181,196022792700.0,1579224.0,5,135781679520.0,3729694.0,330,320679090120.0,129395.0,4,11125382100.0,1082998854.6961327,971754818.5454546,1.114,-124656297420.0,3,12580,86240.0,86280.0,102918,7,8,19606,86230.0,0.0,0,0,4,36805,86010.0,0.0,0,0,1,19000,86000.0,0.0,0,0,1,100,85520.0,0.0,0,0,,,,,,,,,,,,,,,,
37297472492769191,فهامون,آلیاژ گستر هامون,2026-10-04T09:29:49+03:30,4610.0,-2.54,4610.0,-2.54,4730.0,4740.0,4590.0,4750.0,844.0,14496456.0,66849105110.0,4870.0,4590,596.0,7.7,1,27,سهم,فلزات اساسی,بازار فرابورس,بازار دوم فرابورس,8.7,596.0,6136.32,3350000000.0,,49584597.0,4690.0,4940.0,3911.0,5540.0,2026-10-04,15443500000000.0,13364088.0,250,61608445680.0,1122841.0,3,5176297010.0,14486929.0,382,66784742690.0,0.0,0,0.0,246433782.72,174829169.34554973,1.41,-5176297010.0,5,70607,4610.0,4710.0,50000,1,3,57357,4600.0,4720.0,301500,2,25,684214,4590.0,4730.0,77456,5,1,1150,4500.0,4740.0,301828,5,1,1202,4150.0,4750.0,159211,7,,,,,,,,,,,,,,,,
37389789764168256,توریل,توکاریل,2026-10-04T09:29:40+03:30,3570.0,2.29,3580.0,2.58,3490.0,3590.0,3530.0,3590.0,275.0,10074702.0,36041495190.0,3590.0,3390,616.0,5.8,1,60,سهم,حمل ونقل، انبارداری و ارتباطات,بازار فرابورس,بازار دوم فرابورس,7.93,616.0,0.0,14400000000.0,,38923421.0,3290.0,3500.0,2182.0,4490.0,2026-10-04,51552000000000.0,10010511.0,53,35837629380.0,0.0,0,0.0,8638464.0,92,30925701120.0,1372047.0,2,4911928260.0,676181686.4150944,336148925.2173913,2.012,4911928260.0,1,5597,3560.0,3570.0,3589,2,3,26808,3550.0,3580.0,388039,5,2,102315,3540.0,3590.0,1623531,19,1,32080,3530.0,3660.0,2000,1,3,438670,3520.0,0.0,0,0,,,,,,,,,,,,,,,,
37410990525917550,نیلی2,صندوق س. نوع دوم نیلی دماوند-د,2026-10-04T09:12:33+03:30,1.0,-99.99,1.0,-99.99,10231.0,1.0,1.0,1.0,40.0,335000000.0,335000000.0,1.0,1,0.0,,1,68,صندوق,صندوق سرمایه گذاری قابل معامله,بازار فرابورس,بازار ابزارهاي نوين مالي فرابورس,1048.35,,0.0,9000000000.0,,73500000.0,1.0,1.0,1.0,1.0,2026-10-04,9000000000.0,0.0,0,0.0,335000000.0,1,335000000.0,0.0,0,0.0,335000000.0,1,335000000.0,,,,0.0,0,0,0.0,0.0,0,0,,,,,,,,,,,,,,,,,,,,,,,,,,,,,,,,,,,,,,,,
37614886280396031,وساپا,سرمایهگذاری سایپا,2026-10-04T09:29:48+03:30,9540.0,1.6,9220.0,-1.81,9390.0,9170.0,9110.0,9560.0,1374.0,63157767.0,582313607050.0,9670.0,9110,2887.0,3.2,1,56,سهم,سرمایه گذاریها,بازار بورس,بازار دوم (تابلوی فرعی) بورس,7.53,2887.0,0.0,26000000000.0,34.0,261290527.0,9200.0,9780.0,4770.0,10090.0,2026-10-04,239720000000000.0,58116987.0,475,535838620140.0,4739340.0,1,43696714800.0,59989732.0,336,553105329040.0,2866595.0,4,26430005900.0,1128081305.5578947,1646146812.6190476,0.685,-17266708900.0,3,82678,9540.0,9560.0,210860,4,3,61683,9520.0,9570.0,284300,8,1,37696,9490.0,9580.0,701902,10,1,10900,9450.0,9590.0,1674999,9,2,799890,9440.0,9600.0,65138,10,,,,,,,,,,,,,,,,
37631109616997982,قشهد,شهد,2026-10-04T09:29:18+03:30,3750.0,-2.34,3790.0,-1.3,3840.0,3840.0,3750.0,3900.0,66.0,1003116.0,3803005320.0,3950.0,3730,416.0,9.1,1,38,سهم,قند و شکر,بازار بورس,بازار دوم (تابلوی اصلی) بورس,9.86,416.0,2532.0637,13153948000.0,18.0,20130886.0,3720.0,3940.0,2626.0,17400.0,2026-10-04,49853462920000.0,1003116.0,31,3801809640.0,0.0,0,0.0,1003116.0,27,3801809640.0,0.0,0,0.0,122639020.6451613,140807764.44444445,0.871,0.0,6,616743,3740.0,3780.0,208833,2,33,925523,3730.0,3790.0,162490,1,3,4452,3710.0,3800.0,17539,2,0,0,0.0,3810.0,55000,2,0,0,0.0,3820.0,5000,1,,,,,,,,,,,,,,,,
37646566407737289,طخود8059,اختیارف خودرو-600-1405/08/06,2026-10-04T09:28:24+03:30,11.0,-21.43,13.0,-7.14,14.0,14.0,10.0,16.0,360.0,170695.0,2242655000.0,100000.0,1,0.0,,1.0,34,اختیار معامله,,,,,,,,,,,,,,,,170695.0,54,2219035.0,0.0,0,0.0,158695.0,53,2063035.0,12000.0,1,156000.0,41093.240740740745,38925.188679245286,1.056,156000.0,10,7797,10.0,11.0,6000,6,7,5496,9.0,12.0,9563,10,5,5000,8.0,13.0,21383,22,7,7000,7.0,14.0,9500,10,11,11000,6.0,15.0,21500,22,,,,,,خودرو,65883838195688438,716,600,1000,1405/05/10,1405/08/06,24,فروش,935290,117838564000.0
37661500521100963,آبادا,تولید نیروی برق آبادان,2026-10-04T09:29:48+03:30,11080.0,-2.98,11170.0,-2.19,11420.0,11390.0,11080.0,11390.0,188.0,395451.0,4416688820.0,11760.0,11080,272.0,41.1,1,40,سهم,عرضه برق، گاز، بخاروآب گرم,بازار بورس,بازار دوم (تابلوی فرعی) بورس,6.87,272.0,5190.5137,2500000000.0,10.0,3714276.0,11200.0,11760.0,6120.0,11840.0,2026-10-04,27925000000000.0,395355.0,29,4416115350.0,0.0,0,0.0,395355.0,100,4416115350.0,0.0,0,0.0,152279839.6551724,44161153.5,3.448,0.0,6,241285,11080.0,11090.0,238,5,1,2000,10950.0,11100.0,96,2,1,10000,10700.0,11130.0,48,1,0,0,0.0,11140.0,891,6,0,0,0.0,11150.0,96,2,,,,,,,,,,,,,,,,
37816934175055015,ضستا7050,اختیارخ شستا-1400-1405/07/15,2026-10-04T09:26:32+03:30,2249.0,-1.06,2250.0,-1.01,2273.0,2252.0,2245.0,2252.0,4.0,320.0,719900000.0,100000.0,1,0.0,,1.0,39,اختیار معامله,,,,,,,,,,,,,,,,320.0,3,720000.0,0.0,0,0.0,320.0,3,720000.0,0.0,0,0.0,240000.0,240000.0,1.0,0.0,1,20,2161.0,2290.0,100,1,1,100,2160.0,2400.0,50,1,2,51,2150.0,2517.0,8,1,1,20,2103.0,2595.0,10,1,1,10,2102.0,2599.0,50,1,,,,,,شستا,2400322364771558,3580,1400,1000,1405/04/10,1405/07/15,3,خرید,5230,1142400000.0
37825519876941602,طخود8052,اختیارف خودرو-340-1405/08/06,2026-10-04T09:25:42+03:30,1.0,0.0,2.0,100.0,1.0,2.0,1.0,2.0,5.0,1533.0,2534000.0,100000.0,1,0.0,,1.0,34,اختیار معامله,,,,,,,,,,,,,,,,1533.0,2,3066.0,0.0,0,0.0,1533.0,2,3066.0,0.0,0,0.0,1533.0,1533.0,1.0,0.0,22,21468,1.0,2.0,2998,3,0,0,0.0,3.0,12051,14,0,0,0.0,10.0,25,1,0,0,0.0,0.0,0,0,0,0,0.0,0.0,0,0,,,,,,خودرو,65883838195688438,716,340,1000,1405/05/10,1405/08/06,24,فروش,81538,1097628000.0
37828981835497620,پتروآگاه,صندوق س صنایع آگاه1-بخشی,2026-10-04T09:29:35+03:30,42219.0,-0.27,41709.0,-1.48,42334.0,41900.0,41352.0,42285.0,77.0,170220.0,7099775008.0,43604.0,41064,0.0,,1,68,صندوق,صندوق سرمایه گذاری قابل معامله,بازار بورس,بازار صندوق های قابل معامله,0.0,,0.0,2000000000.0,,3648104.0,40503.0,43587.0,18340.0,43587.0,2026-10-04,83418000000000.0,170220.0,38,7099705980.0,0.0,0,0.0,128960.0,32,5378792640.0,41260.0,2,1720913340.0,186834367.89473686,168087270.0,1.112,1720913340.0,2,8200,41626.0,42215.0,9717,1,1,1900,41621.0,42216.0,8600,1,2,155,41620.0,42218.0,5000,1,2,631,41614.0,42280.0,2293,1,3,80744,41613.0,42496.0,6937,1,,41888.0,42295.0,2026-10-04T09:24:35+03:30,-0.43,,,,,,,,,,,
37842793167868642,غویتا,ویتانا,2026-10-04T09:29:45+03:30,6980.0,2.95,6980.0,2.95,6780.0,6980.0,6980.0,6980.0,128.0,4591170.0,32046366600.0,6980.0,6580,1338.0,5.2,1,42,سهم,محصولات غذایی و آشامیدنی به جز قند و شکر,بازار فرابورس,بازار دوم فرابورس,7.7,1338.0,5156.8115,7000000000.0,,38564153.0,6400.0,6780.0,2002.0,6870.0,2026-10-04,48860000000000.0,4263912.0,16,29762105760.0,300000.0,1,2094000000.0,4563912.0,99,31856105760.0,0.0,0,0.0,1860131610.0,321778846.06060606,5.781,-2094000000.0,340,40870204,6980.0,0.0,0,0,2,8500,6910.0,0.0,0,0,3,2725,6900.0,0.0,0,0,4,13000,6880.0,0.0,0,0,6,22276,6870.0,0.0,0,0,صف خرید,,,,,,,,,,,,,,,
37920364612147195,هوشمند,صندوق س شاخصی شفق رابین,2026-10-04T09:25:57+03:30,20725.0,-0.39,20725.0,-0.39,20807.0,20725.0,20725.0,20725.0,1.0,250.0,5181250.0,21431.0,20183,0.0,,1,68,صندوق,صندوق سرمایه گذاری قابل معامله,بازار بورس,بازار صندوق های قابل معامله,0.0,,0.0,250000000.0,,1990783.0,18890.0,20586.0,8970.0,20586.0,2026-10-03,5181250000000.0,250.0,1,5181250.0,0.0,0,0.0,0.0,0,0.0,250.0,1,5181250.0,5181250.0,,,5181250.0,1,100000,20700.0,20810.0,100000,1,1,100000,20568.0,21033.0,100000,1,1,100000,20298.0,21148.0,100000,1,1,100000,20297.0,21300.0,100000,1,1,100000,20196.0,21412.0,100000,1,,,,,,,,,,,,,,,,
38077930358111496,ضذوب7048,اختیارخ ذوب-900-1405/07/22,2026-10-04T09:26:27+03:30,1.0,0.0,1.0,0.0,1.0,1.0,1.0,1.0,14.0,5843.0,5843000.0,100000.0,1,0.0,,1.0,27,اختیار معامله,,,,,,,,,,,,,,,,5813.0,3,5813.0,30.0,1,30.0,5843.0,2,5843.0,0.0,0,0.0,1937.6666666666667,2921.5,0.663,-30.0,0,0,0.0,1.0,64157,65,0,0,0.0,2.0,92950,94,0,0,0.0,3.0,6508,7,0,0,0.0,4.0,2000,2,0,0,0.0,5.0,1000,1,صف فروش,,,,,ذوب,71483646978964608,656,900,1000,1405/06/25,1405/07/22,10,خرید,918575,3813984000.0
38084304113529336,خدیزل,بهمن دیزل,2026-10-04T09:29:50+03:30,1791.0,-2.98,1791.0,-2.98,1846.0,1793.0,1791.0,1793.0,120.0,9518838.0,17049682538.0,1901.0,1791,348.0,5.1,1,34,سهم,خودرو و ساخت قطعات,بازار فرابورس,بازار دوم فرابورس,6.13,348.0,3049.8027,72000000000.0,,63516252.0,1821.0,1928.0,1336.0,1996.0,2026-10-04,128952000000000.0,9478838.0,72,16976598858.0,0.0,0,0.0,9478838.0,15,16976598858.0,0.0,0,0.0,235786095.25,1131773257.2,0.208,0.0,1,100000,1783.0,1791.0,22403441,44,1,4003,1684.0,1796.0,60000,1,1,3571,1674.0,1800.0,80000,1,2,6148,1655.0,1833.0,103382,5,1,3658,1634.0,1843.0,300000,1,,,,,,,,,,,,,,,,
38356837895042988,ضمان,صندوق تضمین ا.سرمایه کاریزما-م,2026-10-04T09:29:48+03:30,48991.0,0.82,48880.0,0.59,48594.0,48930.0,48651.0,48993.0,11.0,14083.0,688379044.0,50051.0,47137,0.0,,1,68,صندوق,صندوق سرمایه گذاری قابل معامله,بازار فرابورس,بازار ابزارهاي نوين مالي فرابورس,1048.42,,0.0,500000000.0,,1147975.0,47944.0,49390.0,23401.0,49390.0,2026-10-04,24440000000000.0,9193.0,6,449353840.0,0.0,0,0.0,9193.0,7,449353840.0,0.0,0,0.0,74892306.66666667,64193405.71428571,1.167,0.0,1,700,48800.0,48991.0,5110,1,1,24,48777.0,48992.0,10000,1,2,402,48652.0,48993.0,10200,1,1,1000,48651.0,48994.0,7589,1,3,15000,48650.0,48998.0,2200,2,,49567.0,49854.0,2026-10-04T09:23:42+03:30,-1.39,,,,,,,,,,,
38396586348371840,طذوب7043,اختیارف ذوب-600-1405/07/22,2026-10-04T09:29:46+03:30,11.0,0.0,12.0,9.09,11.0,13.0,9.0,16.0,84.0,34062.0,412489000.0,100000.0,1,0.0,,1.0,27,اختیار معامله,,,,,,,,,,,,,,,,30965.0,16,371580.0,0.0,0,0.0,30963.0,17,371556.0,2.0,1,24.0,23223.75,21856.235294117647,1.063,24.0,2,1500,8.0,11.0,4530,6,1,1000,7.0,13.0,6289,8,2,2000,6.0,14.0,11150,12,3,2500,5.0,15.0,1000,1,3,2500,4.0,16.0,7100,8,,,,,,ذوب,71483646978964608,656,600,1000,1405/04/21,1405/07/22,10,فروش,600549,11369792000.0
38428194580055973,شیلد,صندوق س مشترک پارس-مختلط,2026-10-04T09:29:31+03:30,19330.0,0.18,19285.0,-0.06,19296.0,19399.0,19250.0,19399.0,38.0,464952.0,8966759120.0,19874.0,18718,0.0,,1,68,صندوق,صندوق سرمایه گذاری قابل معامله,بازار بورس,بازار صندوق های قابل معامله,0.0,,0.0,1000000000.0,,10608636.0,19204.0,19495.0,13670.0,19510.0,2026-10-04,19285000000000.0,22059.0,5,425407815.0,442893.0,1,8541191505.0,464952.0,24,8966599320.0,0.0,0,0.0,85081563.0,373608305.0,0.228,-8541191505.0,1,52325,19330.0,19380.0,456560,1,1,46555,19320.0,19381.0,36333,2,1,63585,19310.0,19382.0,357995,1,1,45254,19300.0,19384.0,89713,3,1,123654,19290.0,19385.0,29402,8,,19286.0,19426.0,2026-10-04T09:24:15+03:30,-0.01,,,,,,,,,,,
38431420463744448,ضهرم8034,اختیارخ اهرم-80000-1405/08/27,2026-10-04T09:29:45+03:30,8983.0,-2.64,8301.0,-10.04,9227.0,8025.0,7800.0,8990.0,2953.0,179219.0,1487613526000.0,500000.0,1,0.0,,1.0,68,اختیار معامله,,,,,,,,,,,,,,,,178367.0,445,1480624467.0,298.0,2,2473698.0,178465.0,316,1481437965.0,200.0,2,1660200.0,3327245.993258427,4688094.825949367,0.71,-813498.0,1,300,8870.0,8900.0,30,1,4,23,8864.0,8918.0,10,1,2,61,8860.0,8933.0,100,1,1,58,8850.0,8981.0,100,1,1,1,8832.0,8983.0,137,5,,,,,,اهرم,17914401175772326,72311,80000,1000,1405/05/31,1405/08/27,45,خرید,436454,12238526882000.0
38437201078089290,کرماشا,صنایع پتروشیمی کرمانشاه,2026-10-04T09:29:48+03:30,27280.0,-2.95,27280.0,-2.95,28110.0,27270.0,27270.0,27580.0,743.0,11438635.0,312006100170.0,28950.0,27270,3386.0,8.1,1,44,سهم,محصولات شیمیایی,بازار بورس,بازار اول (تابلوی اصلی) بورس,10.14,3386.0,8690.802,20892788000.0,26.0,32942404.0,28020.0,30190.0,19840.0,57250.0,2026-10-04,569955256640000.0,4855812.0,289,132466551360.0,6577824.0,6,179443038720.0,7409996.0,194,202144690880.0,4023640.0,5,109764899200.0,458361769.41176474,1041982942.6804123,0.44,-69678139520.0,5,155703,27280.0,27300.0,17911,3,33,313022,27270.0,27500.0,3000,1,3,15500,27110.0,27540.0,58663,3,0,0,0.0,27550.0,95200,4,0,0,0.0,27570.0,20855,2,,,,,,,,,,,,,,,,
38438940539354722,ضذوب8021,اختیارخ ذوب-300-1405/08/20,2026-10-04T09:20:35+03:30,332.0,-14.21,332.0,-14.21,387.0,331.0,331.0,334.0,7.0,222.0,73812000.0,100000.0,1,0.0,,1.0,27,اختیار معامله,,,,,,,,,,,,,,,,222.0,5,73704.0,0.0,0,0.0,222.0,3,73704.0,0.0,0,0.0,14740.8,24568.0,0.6,0.0,3,919,332.0,416.0,50,1,1,978,331.0,417.0,50,1,1,100,301.0,448.0,20,1,1,100,266.0,449.0,50,1,1,100,1.0,499.0,125,2,,,,,,ذوب,71483646978964608,656,300,1000,1405/05/24,1405/08/20,38,خرید,75161,145632000.0
38547060135156069,فاذر,صنایع آذرآب,2026-10-04T09:29:40+03:30,1795.0,2.98,1795.0,2.98,1743.0,1795.0,1795.0,1795.0,167.0,16435620.0,29501937900.0,1795.0,1691,60.0,29.9,1,28,سهم,ساخت محصولات فلزی,بازار بورس,بازار دوم (تابلوی فرعی) بورس,7.71,60.0,0.0,18126475000.0,66.0,228378447.0,1602.0,1743.0,816.0,1796.0,2026-10-04,32537022625000.0,16432809.0,18,29496892155.0,0.0,0,0.0,16432809.0,109,29496892155.0,0.0,0,0.0,1638716230.8333335,270613689.4954128,6.056,0.0,386,270305325,1795.0,1796.0,21744,4,2,1185494,1793.0,0.0,0,0,2,42590,1770.0,0.0,0,0,8,2637067,1743.0,0.0,0,0,3,500000,1740.0,0.0,0,0,,,,,,,,,,,,,,,,
38555056423456635,شتوکا,توکا رنگ فولاد سپاهان,2026-10-04T09:23:15+03:30,13830.0,2.98,13830.0,2.98,13430.0,13830.0,13830.0,13830.0,180.0,5703615.0,78880995450.0,13830.0,13030,1545.0,9.0,1,44,سهم,محصولات شیمیایی,بازار فرابورس,بازار اول فرابورس,8.81,1545.0,5212.3574,1712500000.0,,12955804.0,12120.0,13620.0,5460.0,13620.0,2026-10-04,23683875000000.0,5703615.0,53,78880995450.0,0.0,0,0.0,4921149.0,42,68059490670.0,782466.0,1,10821504780.0,1488320668.8679247,1620464063.5714285,0.918,10821504780.0,131,10211277,13830.0,0.0,0,0,3,58468,13600.0,0.0,0,0,1,100000,13450.0,0.0,0,0,1,2000,13430.0,0.0,0,0,2,21000,13100.0,0.0,0,0,صف خرید,,,,,,,,,,,,,,,
38568786927478796,شیراز,پتروشیمیشیراز,2026-10-04T09:29:45+03:30,68680.0,-2.44,68370.0,-2.88,70400.0,68290.0,68290.0,69700.0,228.0,1147821.0,78476367580.0,72510.0,68290,9681.0,7.1,1,44,سهم,محصولات شیمیایی,بازار بورس,بازار اول (تابلوی فرعی) بورس,10.13,9681.0,34151.637,15300000000.0,12.0,9359330.0,69000.0,74000.0,34200.0,89520.0,2026-10-04,1046061000000000.0,277605.0,98,18979853850.0,869216.0,4,59428297920.0,1064428.0,54,72774942360.0,82393.0,1,5633209410.0,193671978.0612245,1347684117.777778,0.144,-53795088510.0,4,19303,68670.0,68680.0,10061,2,1,28246,68660.0,68720.0,6140,3,3,15032,68470.0,69400.0,36236,1,1,10000,68450.0,69500.0,500,1,1,145,68430.0,69550.0,10000,1,,,,,,,,,,,,,,,,
38628771709301941,کیسون,شرکت کیسون,2026-10-04T09:29:38+03:30,1761.0,-2.49,1756.0,-2.77,1806.0,1780.0,1752.0,1780.0,487.0,47422224.0,83293519288.0,1860.0,1752,166.0,10.6,1,74,سهم,خدمات فنی و مهندسی,بازار فرابورس,بازار دوم فرابورس,2.39,166.0,0.0,28000000000.0,,168093362.0,1735.0,1857.0,1121.0,2081.0,2026-10-04,49168000000000.0,47352384.0,221,83150786304.0,0.0,0,0.0,46913002.0,102,82379231512.0,439382.0,1,771554792.0,376247901.8280543,807639524.6274511,0.466,771554792.0,2,866281,1762.0,1771.0,1047448,2,4,1145338,1761.0,1772.0,111000,1,3,48322,1760.0,1774.0,735443,2,1,145578,1759.0,1776.0,524247,2,1,152678,1758.0,1777.0,5000,1,,,,,,,,,,,,,,,,
38665886526453342,ضتاص8011,اختیارخ تاصیکو-56000-05/08/06,2026-10-04T09:25:44+03:30,555.0,-51.91,557.0,-51.73,1154.0,1240.0,500.0,1240.0,11.0,95.0,52902000.0,100000.0,1,0.0,,1.0,13,اختیار معامله,,,,,,,,,,,,,,,,95.0,7,52915.0,0.0,0,0.0,95.0,3,52915.0,0.0,0,0.0,7559.285714285714,17638.333333333336,0.429,0.0,1,500,555.0,987.0,5,1,2,101,551.0,988.0,20,1,2,56,550.0,1000.0,103,1,3,60,520.0,1340.0,15,1,1,10,505.0,1384.0,15,1,,,,,,تاصیکو,23293437377896568,37890,56000,1000,1405/07/11,1405/08/06,24,خرید,917,3599550000.0
38713440086361985,ثهام,صندوق س ثروت هامرز-سهام,2026-10-04T09:29:23+03:30,110937.0,-0.0,110950.0,0.01,110938.0,112648.0,110937.0,112648.0,23.0,102849.0,11411114545.0,114266.0,107610,0.0,,1,68,صندوق,صندوق سرمایه گذاری قابل معامله,بازار بورس,بازار صندوق های قابل معامله,0.0,,0.0,400000000.0,,370534.0,106181.0,111974.0,39370.0,111974.0,2026-10-04,44380000000000.0,20074.0,11,2227210300.0,82775.0,1,9183886250.0,102849.0,4,11411096550.0,0.0,0,0.0,202473663.63636366,2852774137.5,0.071,-9183886250.0,1,300,110937.0,112000.0,15296,1,4,10352,110901.0,112648.0,614,2,1,12555,110316.0,113255.0,50333,1,1,15555,110003.0,114260.0,3655,2,1,13333,110002.0,0.0,0,0,,110143.0,111282.0,2026-10-04T09:24:12+03:30,0.73,,,,,,,,,,,
38738476064699383,آرمان,بیمه آرمان,2026-10-04T09:00:42+03:30,1900.0,1.44,1900.0,1.44,1873.0,1900.0,1900.0,1900.0,2.0,52441.0,99637900.0,1929.0,1817,15.0,126.7,1,66,سهم,بیمه وصندوق بازنشستگی به جزتامین اجتماعی,بازار پایه فرابورس,بازار پایه زرد فرابورس,0.0,15.0,0.0,14000000000.0,,7316577.0,1791.0,1899.0,1122.0,2413.0,2026-10-04,26600000000000.0,52441.0,1,99637900.0,0.0,0,0.0,52441.0,2,99637900.0,0.0,0,0.0,99637900.0,49818950.0,2.0,0.0,1,30000,1820.0,1900.0,504594,2,1,275750,1819.0,1901.0,10000,1,5,3564067,1817.0,1908.0,65821,1,1,36000,1408.0,1909.0,200000,1,0,0,0.0,0.0,0,0,,,,,,,,,,,,,,,,
38845574746937458,ستاره,ص.س.ستاره پایدارسپهر-د,2026-10-04T09:24:45+03:30,22076.0,0.12,22076.0,0.12,22049.0,22076.0,22076.0,22077.0,28.0,2059124.0,45457222444.0,22710.0,21388,0.0,,1,68,صندوق,صندوق سرمایه گذاری قابل معامله,بازار فرابورس,بازار ابزارهاي نوين مالي فرابورس,1067.75,,0.0,5500000000.0,,166826786.0,21991.0,22050.0,16080.0,22050.0,2026-10-04,121418000000000.0,453140.0,7,10003518640.0,1605984.0,1,35453702784.0,1617522.0,18,35708415672.0,441602.0,1,9748805752.0,1429074091.4285715,1983800870.6666665,0.72,-25704897032.0,4,298746780,22076.0,22077.0,175361530,7,1,5000000,22075.0,22078.0,500000,1,1,5000000,22074.0,22079.0,500000,1,1,5000000,22073.0,22080.0,500000,1,1,76,13744.0,22117.0,233,1,,22062.0,22090.0,2026-10-04T09:23:23+03:30,0.06,,,,,,,,,,,
38882531202857576,ضتاص8006,اختیارخ تاصیکو-34000-05/08/06,2026-10-04T09:27:55+03:30,8700.0,0.22,8508.0,-1.99,8681.0,9020.0,7999.0,10000.0,82.0,1309.0,11137122000.0,100000.0,1,0.0,,1.0,13,اختیار معامله,,,,,,,,,,,,,,,,1309.0,27,11136972.0,0.0,0,0.0,934.0,13,7946472.0,375.0,3,3190500.0,412480.44444444444,611267.0769230769,0.675,3190500.0,1,2,8080.0,8888.0,4,1,1,5,8060.0,8900.0,3,1,1,1,7858.0,8970.0,100,1,1,1,7857.0,9399.0,7,1,1,1,7856.0,9500.0,1,1,,,,,,تاصیکو,23293437377896568,37890,34000,1000,1405/07/11,1405/08/06,24,خرید,1678,49522230000.0
38905734298726117,ضهمن7033,اختیارخ خبهمن-2400-1405/07/29,2026-10-04T09:26:44+03:30,300.0,6.76,297.0,5.69,281.0,197.0,197.0,300.0,2.0,1025.0,304925000.0,100000.0,1,0.0,,1.0,34,اختیار معامله,,,,,,,,,,,,,,,,1025.0,2,304425.0,0.0,0,0.0,0.0,0,0.0,1025.0,2,304425.0,152212.5,,,304425.0,1,150,201.0,302.0,1000,1,1,1000,200.0,304.0,1000,1,1,1000,197.0,306.0,1000,1,1,20,196.0,308.0,1000,1,1,60,195.0,310.0,1000,1,,,,,,خبهمن,26824673819862694,2554,2400,1000,1405/05/27,1405/07/29,17,خرید,19451,2610675000.0
39092664506765325,ضملت9036,اختیارخ وبملت-1000-1405/09/18,2026-10-04T09:27:09+03:30,599.0,3.1,559.0,-3.79,581.0,541.0,541.0,599.0,21.0,1422.0,794764000.0,100000.0,1,0.0,,1.0,57,اختیار معامله,,,,,,,,,,,,,,,,1422.0,11,794898.0,0.0,0,0.0,1332.0,5,744588.0,90.0,1,50310.0,72263.45454545454,148917.59999999998,0.485,50310.0,1,50,555.0,601.0,311,3,1,80,551.0,610.0,100,1,1,40,550.0,619.0,1,1,2,110,542.0,620.0,1,1,3,147,541.0,621.0,600,1,,,,,,وبملت,778253364357513,1459,1000,1000,1405/06/21,1405/09/18,66,خرید,210432,2074698000.0
39116664428676213,شلعاب,لعابیران,2026-10-04T09:29:48+03:30,1398.0,0.0,1361.0,-2.65,1398.0,1396.0,1357.0,1398.0,230.0,23125791.0,31484179743.0,1439.0,1357,70.0,19.4,1,44,سهم,محصولات شیمیایی,بازار بورس,بازار دوم (تابلوی اصلی) بورس,10.14,70.0,1400.0757,7857486000.0,52.0,56746321.0,1307.0,1423.0,691.0,1423.0,2026-10-04,10694038446000.0,15589461.0,73,21217256421.0,7511330.0,1,10222920130.0,23100791.0,65,31440176551.0,0.0,0,0.0,290647348.2328767,483695023.8615384,0.601,-10222920130.0,2,855000,1378.0,1398.0,5,1,2,805000,1377.0,1402.0,20000,3,1,20000,1376.0,1403.0,10000,1,2,813078,1375.0,1410.0,2009125,4,1,31600,1374.0,1418.0,10000,1,,,,,,,,,,,,,,,,
39347857718383381,ضصاد7047,اختیارخ وبصادر-1100-1405/07/22,2026-10-04T09:23:08+03:30,6.0,-33.33,6.0,-33.33,9.0,6.0,5.0,9.0,28.0,8772.0,56050000.0,100000.0,1,0.0,,1.0,57,اختیار معامله,,,,,,,,,,,,,,,,8772.0,9,52632.0,0.0,0,0.0,8772.0,5,52632.0,0.0,0,0.0,5848.0,10526.400000000001,0.556,0.0,2,1195,5.0,6.0,7598,8,4,1555,4.0,7.0,4299,5,9,7455,3.0,8.0,1000,1,12,10555,2.0,9.0,1241,2,35,33200,1.0,12.0,8526,9,,,,,,وبصادر,28320293733348826,909,1100,1000,1405/06/04,1405/07/22,10,خرید,437196,7964976000.0
39453972158399542,تداوم,صندوق تداوم اطمینان تمدن-ثابت,2026-10-04T09:29:24+03:30,26772.0,0.13,26771.0,0.13,26736.0,26771.0,26771.0,26772.0,290.0,46677660.0,1249617865592.0,27538.0,25934,0.0,,1,68,صندوق,صندوق سرمایه گذاری قابل معامله,بازار بورس,بازار صندوق های قابل معامله,0.0,,0.0,15000000000.0,,698082400.0,26666.0,26737.0,19367.0,26737.0,2026-10-04,401565000000000.0,14355246.0,73,384304290666.0,32322414.0,1,865303345194.0,35472465.0,146,949633360515.0,11205195.0,6,299974275345.0,5264442337.890411,6504338085.719178,0.809,-565329069849.0,2,492938911,26771.0,26772.0,315293515,22,1,1000000,26770.0,26773.0,1000000,1,1,1000000,26769.0,26774.0,1000000,1,1,1000000,26768.0,26775.0,1000000,1,1,1000000,26767.0,26776.0,1000000,1,,26739.0,26768.0,2026-10-04T09:24:10+03:30,0.12,,,,,,,,,,,
39481233087768672,نیرو,نیرو سرمایه,2026-10-04T09:28:23+03:30,12810.0,2.89,12810.0,2.89,12450.0,12820.0,12100.0,12820.0,81.0,1185204.0,15184971680.0,12820.0,12080,531.0,24.1,1,31,سهم,ماشین آلات و دستگاههای برقی,بازار پایه فرابورس,بازار پایه زرد فرابورس,0.0,531.0,0.0,300000000.0,,1621646.0,12450.0,12450.0,5540.0,13590.0,2026-10-04,3843000000000.0,1185204.0,31,15182463240.0,0.0,0,0.0,1022895.0,34,13103284950.0,162309.0,3,2079178290.0,489756878.70967746,385390733.8235294,1.271,2079178290.0,1,1207,12790.0,12810.0,458,1,1,4000,12780.0,0.0,0,0,1,6500,12190.0,0.0,0,0,1,4150,12180.0,0.0,0,0,1,5000,12150.0,0.0,0,0,,,,,,,,,,,,,,,,
39485921411827022,لبن,صنایع دامپروری و لبنی رضوی,2026-10-04T09:29:52+03:30,12310.0,2.93,12310.0,2.93,11960.0,12310.0,12310.0,12310.0,7554.0,6340266.0,78048674460.0,12310.0,11610,1283.0,9.6,1,01,سهم,زراعت و خدمات وابسته,بازار فرابورس,بازار دوم فرابورس,8.72,1283.0,0.0,12500000000.0,,66141556.0,11290.0,11960.0,9510.0,11960.0,2026-10-04,153875000000000.0,5971284.0,131,73506506040.0,150000.0,3,1846500000.0,3718955.0,7338,45780336050.0,2402329.0,7,29572669990.0,561118366.7175572,6238802.950395203,89.94,27726169990.0,7089,236563344,12310.0,0.0,0,0,10,71041,12300.0,0.0,0,0,1,2000,12290.0,0.0,0,0,5,33472,12260.0,0.0,0,0,2,1500,12250.0,0.0,0,0,صف خرید,,,,,,,,,,,,,,,
39547351123710395,حآفرینح,ح . ریل پرداز نو آفرین,2026-10-04T09:08:04+03:30,1555.0,2.98,1555.0,2.98,1510.0,1555.0,1555.0,1555.0,109.0,93002160.0,144618358800.0,1555.0,1465,0.0,,1,60,سهم,حمل ونقل، انبارداری و ارتباطات,بازار فرابورس,-',7.85,,0.0,703000000.0,,4350027.0,1510.0,1515.0,520.0,1515.0,2026-10-04,1093165000000.0,93002160.0,24,144618358800.0,0.0,0,0.0,0.0,0,0.0,93002160.0,1,144618358800.0,6025764950.0,,,144618358800.0,0,0,0.0,0.0,0,0,0,0,0.0,0.0,0,0,0,0,0.0,0.0,0,0,0,0,0.0,0.0,0,0,0,0,0.0,0.0,0,0,,,,,,,,,,,,,,,,
39610074039667804,قرن,پدیده شیمی قرن,2026-10-04T09:29:45+03:30,24810.0,-2.97,24810.0,-2.97,25570.0,24810.0,24810.0,24810.0,84.0,360507.0,8944178670.0,26330.0,24810,2371.0,10.5,1,44,سهم,محصولات شیمیایی,بازار بورس,بازار اول (تابلوی اصلی) بورس,10.14,2371.0,13909.957,17000000000.0,22.0,7131429.0,25050.0,26250.0,9430.0,26690.0,2026-10-04,421770000000000.0,208097.0,65,5162886570.0,152000.0,2,3771120000.0,360097.0,9,8934006570.0,0.0,0,0.0,79429024.15384616,992667396.6666667,0.08,-3771120000.0,1,10,9490.0,24810.0,1176487,48,0,0,0.0,25400.0,100000,1,0,0,0.0,25500.0,100000,1,0,0,0.0,25570.0,384,1,0,0,0.0,25700.0,201139,3,,,,,,,,,,,,,,,,
39710474979238367,سها,صندوق س مشترک مبین سرمایه-سهام,2026-10-04T09:22:10+03:30,1518170.0,3.0,1518170.0,3.0,1473953.0,1518170.0,1518170.0,1518170.0,1.0,1.0,1518170.0,1518171.0,1429735,0.0,,1,68,صندوق,صندوق سرمایه گذاری قابل معامله,بازار بورس,بازار صندوق های قابل معامله,0.0,,0.0,20000000.0,,725.0,1440000.0,1514160.0,590000.0,1523537.0,2026-10-03,30363400000000.0,1.0,1,1518170.0,0.0,0,0.0,1.0,1,1518170.0,0.0,0,0.0,1518170.0,1518170.0,1.0,0.0,1,500,1465000.0,1518170.0,62,1,1,1000,1450000.0,1518171.0,22,1,5,6,1429735.0,0.0,0,0,0,0,0.0,0.0,0,0,0,0,0.0,0.0,0,0,,,,,,,,,,,,,,,,
39751275523025334,اتکای,بیمه اتکایی ایرانیان,2026-10-04T09:26:21+03:30,3500.0,2.04,3410.0,-0.58,3430.0,3440.0,3340.0,3500.0,43.0,3247656.0,11074490860.0,3530.0,3330,612.0,5.6,1,66,سهم,بیمه وصندوق بازنشستگی به جزتامین اجتماعی,بازار فرابورس,بازار دوم فرابورس,18.58,612.0,0.0,27000000000.0,,37896396.0,3350.0,3510.0,1808.0,3510.0,2026-10-04,92070000000000.0,441136.0,7,1504273760.0,2806520.0,2,9570233200.0,2672656.0,12,9113756960.0,575000.0,2,1960750000.0,214896251.42857143,759479746.6666667,0.283,-7609483200.0,1,281770,3440.0,3510.0,300145,2,2,500000,3430.0,3520.0,871153,6,1,10000,3350.0,3530.0,5267625,23,1,300000,3340.0,0.0,0,0,8,276502,3330.0,0.0,0,0,,,,,,,,,,,,,,,,
39807886630843041,بمپنا,تولید برق عسلویه مپنا,2026-10-04T09:28:36+03:30,7360.0,-2.9,7360.0,-2.9,7580.0,7360.0,7360.0,7360.0,27.0,510751.0,3759127360.0,7800.0,7360,576.0,12.8,1,40,سهم,عرضه برق، گاز، بخاروآب گرم,بازار فرابورس,بازار دوم فرابورس,10.26,576.0,1602.1058,15700000000.0,,20451958.0,7420.0,7910.0,3993.0,9390.0,2026-10-04,115552000000000.0,510751.0,23,3759127360.0,0.0,0,0.0,510751.0,2,3759127360.0,0.0,0,0.0,163440320.0,1879563680.0,0.087,0.0,1,3000,5250.0,7360.0,5721821,40,1,3000,4430.0,7490.0,15719,2,0,0,0.0,7690.0,5000,1,0,0,0.0,7740.0,5000,1,0,0,0.0,7770.0,1000,1,,,,,,,,,,,,,,,,
39836901208599515,ضجار8025,اختیارخ وتجارت-541-1405/08/20,2026-10-04T09:22:27+03:30,330.0,-7.04,330.0,-7.04,355.0,330.0,330.0,330.0,1.0,100.0,33000000.0,100000.0,1,0.0,,1.0,57,اختیار معامله,,,,,,,,,,,,,,,,100.0,1,33000.0,0.0,0,0.0,100.0,1,33000.0,0.0,0,0.0,33000.0,33000.0,1.0,0.0,1,1,344.0,440.0,370,1,1,50,340.0,490.0,300,1,1,200,335.0,500.0,10,1,1,100,201.0,540.0,300,1,1,20,200.0,0.0,0,0,,,,,,وتجارت,63917421733088077,899,541,1000,1405/04/21,1405/08/20,38,خرید,15143,89800000.0
39884565732277052,کیمیاتک,آریان کیمیا تک,2026-10-04T09:29:35+03:30,23190.0,2.98,23190.0,2.98,22520.0,23190.0,23190.0,23190.0,63.0,204654.0,4745926260.0,23190.0,21850,1968.0,11.8,1,44,سهم,محصولات شیمیایی,بازار بورس,بازار دوم (تابلوی اصلی) بورس,10.14,1968.0,10357.25,15000000000.0,19.0,11092391.0,20560.0,22520.0,6360.0,22520.0,2026-10-04,347850000000000.0,204654.0,3,4745926260.0,0.0,0,0.0,88481.0,58,2051874390.0,116173.0,1,2694051870.0,1581975420.0,35377144.655172415,44.717,2694051870.0,486,36354489,23190.0,0.0,0,0,1,600,23000.0,0.0,0,0,1,8816,22600.0,0.0,0,0,6,175868,22520.0,0.0,0,0,2,2000,22500.0,0.0,0,0,صف خرید,,,,,,,,,,,,,,,
39928553103949304,ضدرو7010,اختیارخ دارونو-56000-05/07/15,2026-10-04T09:29:41+03:30,12.0,-60.0,12.0,-60.0,30.0,9.0,9.0,9.0,2.0,57.0,663000.0,500000.0,1,0.0,,1.0,68,اختیار معامله,,,,,,,,,,,,,,,,7.0,1,84.0,0.0,0,0.0,7.0,1,84.0,0.0,0,0.0,84.0,84.0,1.0,0.0,1,10,11.0,12.0,100,1,2,110,10.0,18.0,50,1,1,631,9.0,19.0,13,1,1,400,8.0,20.0,138,3,4,3100,7.0,29.0,100,1,,,,,,دارونو,34074071043606558,41987,56000,1000,1405/06/14,1405/07/15,3,خرید,89314,293748000.0
40030273081894426,ثروین,صندوق س.موج گستر ثروت-س,2026-10-04T09:24:57+03:30,20000.0,-0.63,20311.0,0.91,20127.0,20422.0,19827.0,20422.0,5.0,6300.0,127961900.0,20730.0,19524,0.0,,1,68,صندوق,صندوق سرمایه گذاری قابل معامله,بازار فرابورس,بازار ابزارهاي نوين مالي فرابورس,1049.21,,0.0,150000000.0,,884421.0,19411.0,20492.0,9059.0,20492.0,2026-10-04,3046650000000.0,6100.0,3,123897100.0,200.0,1,4062200.0,1200.0,3,24373200.0,5100.0,2,103586100.0,41299033.33333333,8124400.0,5.083,99523900.0,1,2918,19828.0,20104.0,4309,1,2,57,19827.0,20105.0,103,2,1,6898,19679.0,20108.0,5100,2,1,30602,19671.0,20253.0,6830,1,1,30000,19524.0,20261.0,30670,1,,20003.0,20197.0,2026-10-04T09:23:21+03:30,1.54,,,,,,,,,,,
40043919653526083,وثخوز,سرمایه گذاری و توسعه خوزستان,2026-10-04T09:29:45+03:30,5260.0,-1.31,5380.0,0.94,5330.0,5440.0,5220.0,5440.0,15.0,1338402.0,7203490670.0,5480.0,5180,-109.0,-49.4,1,70,سهم,انبوه سازی، املاک و مستغلات,بازار پایه فرابورس,بازار پایه زرد فرابورس,0.0,-109.0,0.0,1105290000.0,,5754944.0,5090.0,5390.0,4400.0,8250.0,2026-10-04,5946460200000.0,1328402.0,9,7146802760.0,0.0,0,0.0,1328402.0,7,7146802760.0,0.0,0,0.0,794089195.5555556,1020971822.8571429,0.778,0.0,1,10000,5240.0,5260.0,40000,1,2,100000,5230.0,5300.0,218000,1,2,226907,5220.0,5350.0,50000,1,2,109999,5210.0,5380.0,64700,2,1,19161,5200.0,5390.0,300165,2,,,,,,,,,,,,,,,,
40126421241992147,سورنافود,صندوق س.بخشی صنایع سورنا2-ب,2026-10-04T09:29:26+03:30,36400.0,-1.08,36776.0,-0.05,36796.0,37006.0,36400.0,37006.0,25.0,218236.0,8025882523.0,37899.0,35693,0.0,,1,68,صندوق,صندوق سرمایه گذاری قابل معامله,بازار فرابورس,بازار ابزارهاي نوين مالي فرابورس,1049.35,,0.0,500000000.0,,3233662.0,33825.0,37126.0,10597.0,37126.0,2026-10-04,18388000000000.0,173775.0,10,6390749400.0,44461.0,2,1635097736.0,113361.0,10,4168964136.0,104875.0,2,3856883000.0,639074940.0,416896413.6,1.533,2221785264.0,1,24957,36400.0,36900.0,30000,2,1,255,35945.0,36984.0,8000,2,1,100000,35944.0,36985.0,14000,2,1,200000,35848.0,36990.0,6900,2,1,1394,35777.0,37000.0,9000,3,,36622.0,37016.0,2026-10-04T09:25:04+03:30,0.42,,,,,,,,,,,
40262275031537922,دروز,داروسازی روزدارو,2026-10-04T09:28:01+03:30,32250.0,2.97,32250.0,2.97,31320.0,32250.0,32250.0,32250.0,24.0,75995.0,2450838750.0,32250.0,30390,164.0,196.6,1,43,سهم,مواد و محصولات دارویی,بازار بورس,بازار دوم (تابلوی اصلی) بورس,14.67,164.0,9827.203,1399680000.0,20.0,1615523.0,28880.0,31410.0,8380.0,31410.0,2026-10-04,45139680000000.0,75995.0,3,2450838750.0,0.0,0,0.0,75995.0,15,2450838750.0,0.0,0,0.0,816946250.0,163389250.0,5.0,0.0,53,541184,32250.0,0.0,0,0,2,1000,32000.0,0.0,0,0,1,500,31830.0,0.0,0,0,2,4500,31730.0,0.0,0,0,2,7500,31630.0,0.0,0,0,صف خرید,,,,,,,,,,,,,,,
40324210299377662,ضذوب8038,اختیارخ ذوب-1200-1405/08/20,2026-10-04T09:28:19+03:30,10.0,-58.33,10.0,-58.33,24.0,6.0,6.0,10.0,2.0,1140.0,10840000.0,100000.0,1,0.0,,1.0,27,اختیار معامله,,,,,,,,,,,,,,,,1140.0,2,11400.0,0.0,0,0.0,1140.0,2,11400.0,0.0,0,0.0,5700.0,5700.0,1.0,0.0,2,1200,7.0,13.0,1000,1,2,1160,6.0,16.0,1000,1,1,1000,4.0,48.0,1000,1,1,240,2.0,49.0,300,1,2,1100,1.0,0.0,0,0,,,,,,ذوب,71483646978964608,656,1200,1000,1405/06/25,1405/08/20,38,خرید,24280,91840000.0
40351833055127283,ضملت7048,اختیارخ وبملت-1854-1405/07/22,2026-10-04T09:29:40+03:30,4.0,-20.0,3.0,-40.0,5.0,4.0,2.0,4.0,1416.0,692911.0,2236375000.0,100000.0,1,0.0,,1.0,57,اختیار معامله,,,,,,,,,,,,,,,,690911.0,45,2072733.0,0.0,0,0.0,690911.0,43,2072733.0,0.0,0,0.0,46060.73333333334,48203.09302325582,0.956,0.0,51,47032,3.0,4.0,172993,177,494,485310,2.0,5.0,47400,49,527,523265,1.0,6.0,60400,64,0,0,0.0,7.0,86040,89,0,0,0.0,8.0,44387,46,,,,,,وبملت,778253364357513,1459,1854,1000,1405/04/27,1405/07/22,10,خرید,6930672,956543744000.0
40374861063260484,اکتان,صندوق س صنایع مفید4-بخشی,2026-10-04T09:29:18+03:30,31400.0,-1.93,31158.0,-2.69,32018.0,31812.0,31058.0,31812.0,434.0,1885219.0,58739865649.0,32978.0,31058,0.0,,1,68,صندوق,صندوق سرمایه گذاری قابل معامله,بازار بورس,بازار صندوق های قابل معامله,0.0,,0.0,1000000000.0,,10453524.0,30333.0,32817.0,14190.0,32817.0,2026-10-04,31158000000000.0,1616853.0,183,50377905774.0,268366.0,3,8361747828.0,1448723.0,133,45139311234.0,436496.0,2,13600342368.0,275289102.59016395,339393317.5488722,0.811,5238594540.0,1,32,31400.0,31440.0,13253,2,5,41379,31399.0,31499.0,2000,1,1,22896,31335.0,31500.0,500,1,1,20935,31320.0,31600.0,3212,2,2,1491,31316.0,31615.0,2000,2,,30515.0,30814.0,2026-10-04T09:24:06+03:30,2.11,,,,,,,,,,,
40411537531154482,قصفها,قنداصفهان,2026-10-04T09:29:49+03:30,2283.0,-1.85,2281.0,-1.93,2326.0,2350.0,2260.0,2350.0,180.0,11170159.0,25480513855.0,2395.0,2257,264.0,8.6,1,38,سهم,قند و شکر,بازار بورس,بازار اول (تابلوی فرعی) بورس,9.93,264.0,2823.8704,30190976755.0,30.0,54881480.0,2314.0,2461.0,1034.0,2607.0,2026-10-04,68865617978155.0,10538733.0,82,24038849973.0,629226.0,1,1435264506.0,11067959.0,64,25246014479.0,100000.0,1,228100000.0,293156706.9878049,394468976.234375,0.743,-1207164506.0,1,10000,2283.0,2285.0,451050,3,1,2617,2279.0,2289.0,925000,5,1,200000,2272.0,2290.0,1100000,2,2,108000,2270.0,2300.0,1000000,1,2,13866,2269.0,2310.0,645620,7,,,,,,,,,,,,,,,,
40422084765096890,فارما کیان,صندوق س. بخشی کیان1-ب,2026-10-04T09:29:35+03:30,42970.0,-0.85,42091.0,-2.88,43338.0,42113.0,42038.0,42988.0,948.0,12982697.0,546457544847.0,44638.0,42038,0.0,,1,68,صندوق,صندوق سرمایه گذاری قابل معامله,بازار فرابورس,بازار ابزارهاي نوين مالي فرابورس,1049.35,,0.0,2000000000.0,,25475398.0,41830.0,44416.0,9853.0,44416.0,2026-10-04,84182000000000.0,5999460.0,449,252523270860.0,6982787.0,6,293912487617.0,12744560.0,298,536431274960.0,237687.0,2,10004483517.0,562412629.9777284,1800104949.5302014,0.312,-283908004100.0,1,93460,42720.0,42964.0,51172,1,3,5668,42702.0,42965.0,6554,2,6,52845,42700.0,42968.0,600,1,1,700,42650.0,42970.0,18278,2,3,2333,42500.0,42971.0,49975,1,,42023.0,42446.0,2026-10-04T09:23:27+03:30,0.16,,,,,,,,,,,
40473515538481093,سمان,صندوق سرمایه گذاری قلک1-بخشی,2026-10-04T09:28:14+03:30,46100.0,0.07,46182.0,0.25,46066.0,46990.0,46100.0,46990.0,17.0,34381.0,1587798310.0,47447.0,44685,0.0,,1,68,صندوق,صندوق سرمایه گذاری قابل معامله,بازار بورس,بازار صندوق های قابل معامله,0.0,,0.0,1000000000.0,,3149143.0,44051.0,46366.0,20610.0,46899.0,2026-10-03,46182000000000.0,29771.0,10,1374884322.0,4610.0,1,212899020.0,34381.0,7,1587783342.0,0.0,0,0.0,137488432.2,226826191.7142857,0.606,-212899020.0,2,22316,46100.0,46860.0,370000,1,1,436,45820.0,46960.0,12500,3,1,570,45590.0,46980.0,6700,1,1,111,45183.0,46987.0,43606,5,1,119,45182.0,46988.0,5000,1,,45594.0,46053.0,2026-10-04T09:25:14+03:30,1.29,,,,,,,,,,,
40491493724563689,ضخود8053,اختیارخ خودرو-360-1405/08/06,2026-10-04T09:23:43+03:30,360.0,0.84,355.0,-0.56,357.0,348.0,340.0,360.0,9.0,3730.0,1323940000.0,100000.0,1,0.0,,1.0,34,اختیار معامله,,,,,,,,,,,,,,,,350.0,1,124250.0,3380.0,1,1199900.0,3730.0,4,1324150.0,0.0,0,0.0,124250.0,331037.5,0.375,-1199900.0,1,27,365.0,379.0,20,1,1,1000,360.0,380.0,944,1,1,16,358.0,390.0,1000,1,1,100,355.0,400.0,300,2,2,350,287.0,401.0,100,1,,,,,,خودرو,65883838195688438,716,360,1000,1405/05/10,1405/08/06,24,خرید,35157,2655760000.0
40505767672724777,رانفور,خدماتانفورماتیک,2026-10-04T09:29:14+03:30,4850.0,-1.02,4890.0,-0.2,4900.0,4900.0,4850.0,4920.0,75.0,1983380.0,9688978970.0,5040.0,4760,154.0,31.8,1,72,سهم,رایانه و فعالیتهای وابسته به آن,بازار بورس,بازار اول (تابلوی فرعی) بورس,18.68,154.0,0.0,60000000000.0,14.0,20782016.0,4800.0,5180.0,2526.0,5950.0,2026-10-04,293400000000000.0,459528.0,23,2247091920.0,1523852.0,1,7451636280.0,1983380.0,38,9698728200.0,0.0,0,0.0,97699648.69565217,255229689.4736842,0.383,-7451636280.0,2,126201,4850.0,4860.0,81309,2,3,153500,4840.0,4890.0,17114,3,1,3000,4800.0,4900.0,249975,5,3,9000,4790.0,4910.0,247233,3,3,10000,4780.0,4920.0,5000,1,,,,,,,,,,,,,,,,
40553302624764543,وکغدیر,بین المللی توسعه ص. معادن غدیر,2026-10-04T09:29:40+03:30,7640.0,2.96,7630.0,2.83,7420.0,7600.0,7500.0,7640.0,2230.0,173268255.0,1322281266360.0,7640.0,7200,563.0,13.6,1,39,سهم,شرکتهای چند رشته ای صنعتی,بازار بورس,بازار دوم (تابلوی اصلی) بورس,11.42,563.0,0.0,100000000000.0,10.0,209774613.0,6840.0,7430.0,2612.0,7430.0,2026-10-04,763000000000000.0,165226023.0,632,1260674555490.0,7740647.0,4,59061136610.0,47763216.0,273,364433338080.0,125203454.0,9,955302354020.0,1994738220.7120252,1334920652.3076923,1.494,896241217410.0,13,1024888,7640.0,0.0,0,0,9,167782,7630.0,0.0,0,0,3,11546,7610.0,0.0,0,0,5,20570,7600.0,0.0,0,0,6,102678,7590.0,0.0,0,0,صف خرید,,,,,,,,,,,,,,,
40582128123330360,آسال,ص.س.درآمد ثابت آسال-د,2026-10-04T09:27:08+03:30,10999.0,0.13,10999.0,0.13,10985.0,10999.0,10999.0,11000.0,23.0,1117811.0,12294968183.0,11314.0,10656,0.0,,1,68,صندوق,صندوق سرمایه گذاری قابل معامله,بازار فرابورس,بازار ابزارهاي نوين مالي فرابورس,1067.75,,0.0,2000000000.0,,61132055.0,10952.0,10986.0,10000.0,10986.0,2026-10-04,21998000000000.0,503705.0,9,5540251295.0,614106.0,1,6754551894.0,674206.0,12,7415591794.0,443605.0,1,4879211395.0,615583477.2222222,617965982.8333334,0.996,-1875340499.0,2,200000000,10999.0,11000.0,20000000,2,1,1000000,10998.0,11001.0,100000,1,1,1000000,10997.0,11002.0,100000,1,1,1000000,10996.0,11003.0,100000,1,1,1000000,10995.0,11004.0,100000,1,,10953.0,10959.0,2026-10-04T09:23:26+03:30,0.42,,,,,,,,,,,
40611478183231802,شدوص,دوده صنعتی پارس,2026-10-04T09:26:55+03:30,7990.0,2.96,7990.0,2.96,7760.0,7990.0,7870.0,7990.0,597.0,38365994.0,306447537420.0,7990.0,7530,1044.0,7.7,1,44,سهم,محصولات شیمیایی,بازار بورس,بازار دوم (تابلوی اصلی) بورس,10.14,1044.0,7089.4043,5593500000.0,19.0,22605459.0,7330.0,7760.0,3945.0,7890.0,2026-10-04,44692065000000.0,38287994.0,264,305921072060.0,78000.0,2,623220000.0,37680994.0,139,301071142060.0,685000.0,2,5473150000.0,1158791939.6212122,2165979439.2805753,0.535,4849930000.0,179,23218974,7990.0,0.0,0,0,1,1000,7980.0,0.0,0,0,1,10000,7940.0,0.0,0,0,2,20000,7930.0,0.0,0,0,1,10000,7920.0,0.0,0,0,صف خرید,,,,,,,,,,,,,,,
40808043719554948,فولاژ,فولاد آلیاژی ایران,2026-10-04T09:29:40+03:30,6490.0,-2.99,6510.0,-2.69,6690.0,6590.0,6490.0,6590.0,294.0,14021996.0,91280876700.0,6890.0,6490,541.0,12.0,1,27,سهم,فلزات اساسی,بازار بورس,بازار اول (تابلوی فرعی) بورس,15.21,541.0,9401.054,58000000000.0,21.0,33471066.0,6470.0,7000.0,3028.0,7000.0,2026-10-04,377580000000000.0,7712996.0,107,50211603960.0,6300000.0,3,41013000000.0,12512996.0,83,81459603960.0,1500000.0,1,9765000000.0,469267326.728972,981441011.5662651,0.478,-31248000000.0,1,782,6500.0,6530.0,23211,2,6,390927,6490.0,6540.0,10400,3,1,40000,6160.0,6550.0,587018,3,1,835,5990.0,6560.0,210000,1,2,1717,5840.0,6570.0,4000,1,,,,,,,,,,,,,,,,
40912525017440979,آبنوس,صندوق س.سهامی سهام نگر کیمیا-س,2026-10-04T09:26:32+03:30,36320.0,-1.09,36336.0,-1.05,36721.0,36600.0,36320.0,36600.0,7.0,43215.0,1570255930.0,37822.0,35620,0.0,,1,68,صندوق,صندوق سرمایه گذاری قابل معامله,بازار فرابورس,بازار ابزارهاي نوين مالي فرابورس,1049.38,,0.0,500000000.0,,1910233.0,34404.0,37390.0,13755.0,37390.0,2026-10-04,18168000000000.0,6785.0,2,246539760.0,36430.0,1,1323720480.0,38565.0,4,1401297840.0,4650.0,1,168962400.0,123269880.0,350324460.0,0.352,-1154758080.0,1,65900,36430.0,36500.0,55000,1,1,77480,36420.0,36510.0,85000,1,1,65880,36410.0,36540.0,45800,1,1,101000,36400.0,36550.0,101000,1,1,10000,36351.0,36580.0,125000,1,,36465.0,36819.0,2026-10-04T09:25:04+03:30,-0.35,,,,,,,,,,,
41048299027409941,رتاپ,تجارت الکترونیک پارسیان,2026-10-04T09:28:35+03:30,9440.0,1.07,9410.0,0.75,9340.0,9340.0,9340.0,9460.0,57.0,1238770.0,11658595760.0,9620.0,9060,806.0,11.7,1,72,سهم,رایانه و فعالیتهای وابسته به آن,بازار بورس,بازار دوم (تابلوی اصلی) بورس,18.68,806.0,0.0,10000000000.0,18.0,20066775.0,8890.0,9370.0,1790.0,9900.0,2026-10-04,94100000000000.0,217462.0,11,2046317420.0,1021308.0,4,9610508280.0,1238770.0,28,11656825700.0,0.0,0,0.0,186028856.36363637,416315203.5714286,0.447,-9610508280.0,1,85294,9430.0,9440.0,320414,5,1,80000,9420.0,9450.0,60105,6,2,190000,9410.0,9460.0,705498,4,3,115737,9400.0,9480.0,46529,2,1,99400,9390.0,9490.0,2500,1,,,,,,,,,,,,,,,,
41097317742112941,ضستا7057,اختیارخ شستا-2200-1405/07/15,2026-10-04T09:28:26+03:30,1470.0,-1.61,1446.0,-3.21,1494.0,1351.0,1351.0,1470.0,6.0,186.0,269046000.0,100000.0,1,0.0,,1.0,39,اختیار معامله,,,,,,,,,,,,,,,,186.0,4,268956.0,0.0,0,0.0,186.0,5,268956.0,0.0,0,0.0,67239.0,53791.200000000004,1.25,0.0,1,10,1383.0,1494.0,100,1,1,1000,1382.0,1495.0,200,1,1,10,1361.0,1500.0,10,1,2,12,1360.0,1535.0,100,1,1,50,1350.0,1549.0,100,1,,,,,,شستا,2400322364771558,3580,2200,1000,1405/04/10,1405/07/15,3,خرید,47971,410550000.0
41122066907413786,چخزر,صنایع چوب خزر کاسپین,2026-10-04T09:29:30+03:30,229000.0,2.97,229000.0,2.97,222400.0,229000.0,229000.0,229000.0,164.0,120466.0,27586714000.0,229000.0,215800,20671.0,11.1,1,20,سهم,محصولات چوبی,بازار فرابورس,بازار اول فرابورس,11.08,20671.0,127014.62,200000000.0,,650374.0,209800.0,222400.0,42550.0,222400.0,2026-10-04,45800000000000.0,100466.0,18,23006714000.0,20000.0,2,4580000000.0,35901.0,121,8221329000.0,84565.0,2,19365385000.0,1278150777.7777777,67944867.76859504,18.812,14785385000.0,596,2303909,229000.0,0.0,0,0,3,798,222900.0,0.0,0,0,22,22229,222400.0,0.0,0,0,1,1000,222300.0,0.0,0,0,1,50,217200.0,0.0,0,0,صف خرید,,,,,,,,,,,,,,,
41227201752535311,سفار,سیمانفارس,2026-10-04T09:29:24+03:30,225700.0,-2.97,226000.0,-2.84,232600.0,238000.0,225700.0,238000.0,73.0,87579.0,19789036500.0,239500.0,225700,19436.0,11.6,1,53,سهم,سیمان، آهک و گچ,بازار بورس,بازار دوم (تابلوی اصلی) بورس,7.57,19436.0,71696.125,233000000.0,8.0,168705.0,232400.0,245100.0,163660.0,267400.0,2026-10-04,52658000000000.0,28625.0,39,6469250000.0,58954.0,2,13323604000.0,87579.0,11,19792854000.0,0.0,0,0.0,165878205.12820512,1799350363.6363637,0.092,-13323604000.0,3,1389,225700.0,225900.0,500,1,0,0,0.0,229800.0,145,2,0,0,0.0,229900.0,1000,1,0,0,0.0,230000.0,6723,2,0,0,0.0,232300.0,1300,1,,,,,,,,,,,,,,,,
41284516796232939,سهگمت,سیمانهگمتان,2026-10-04T09:27:07+03:30,152100.0,-1.62,151400.0,-2.07,154600.0,152000.0,151100.0,152100.0,82.0,114424.0,17323498200.0,159200.0,150000,27300.0,5.5,1,53,سهم,سیمان، آهک و گچ,بازار بورس,بازار اول (تابلوی اصلی) بورس,7.57,27300.0,55725.867,728789000.0,30.0,1231487.0,151400.0,160600.0,102080.0,188490.0,2026-10-04,110338654600000.0,27711.0,30,4195445400.0,86713.0,2,13128348200.0,114424.0,25,17323793600.0,0.0,0,0.0,139848180.0,692951744.0,0.202,-13128348200.0,3,5321,151200.0,153000.0,1013,2,3,5922,151100.0,153300.0,5100,2,4,6155,151000.0,154000.0,200,1,2,234,150300.0,154100.0,200,1,5,11294,150200.0,154600.0,10600,3,,,,,,,,,,,,,,,,
41286608288791633,وبازار,صندوق س شاخصی بازارآشنا,2026-10-04T09:27:22+03:30,62100.0,-1.56,63021.0,-0.1,63086.0,62100.0,62100.0,64976.0,18.0,42051.0,2650101936.0,64978.0,61194,0.0,,1,68,صندوق,صندوق سرمایه گذاری قابل معامله,بازار بورس,بازار صندوق های قابل معامله,0.0,,0.0,150000000.0,,698365.0,60399.0,64471.0,21160.0,64471.0,2026-10-04,9453150000000.0,33641.0,7,2120089461.0,8410.0,1,530006610.0,26525.0,10,1671632025.0,15526.0,1,978464046.0,302869923.0,167163202.5,1.812,448457436.0,3,50830,62101.0,63499.0,3185,1,1,10081,62100.0,63500.0,5000,1,1,20401,62050.0,64499.0,6144,1,1,19500,62040.0,64500.0,9540,3,1,19500,62029.0,64970.0,100,1,,62566.0,63183.0,2026-10-04T09:25:30+03:30,0.73,,,,,,,,,,,
41302553376174581,فجر,فولاد امیرکبیرکاشان,2026-10-04T09:29:48+03:30,8490.0,2.91,8490.0,2.91,8250.0,8490.0,8490.0,8490.0,359.0,35267662.0,299422450380.0,8490.0,8010,1065.0,8.0,1,27,سهم,فلزات اساسی,بازار بورس,بازار اول (تابلوی اصلی) بورس,15.22,1065.0,6632.8105,20000000000.0,34.0,78476893.0,7610.0,8250.0,2089.0,8250.0,2026-10-04,169800000000000.0,29742927.0,107,252517450230.0,5519735.0,12,46862550150.0,3512662.0,53,29822500380.0,31750000.0,3,269557500000.0,2359976170.373832,562688686.4150944,4.194,222694949850.0,706,150782824,8490.0,0.0,0,0,3,154710,8400.0,0.0,0,0,1,4000,8260.0,0.0,0,0,11,91746,8250.0,0.0,0,0,3,41845,8100.0,0.0,0,0,صف خرید,,,,,,,,,,,,,,,
41350070322027412,آمیتیس,صندوق س.سهامی درخشان آمیتیس-س,2026-10-04T09:29:02+03:30,34200.0,-0.23,34075.0,-0.6,34279.0,34040.0,33980.0,34200.0,18.0,296395.0,10099641057.0,35307.0,33251,0.0,,1,68,صندوق,صندوق سرمایه گذاری قابل معامله,بازار فرابورس,بازار ابزارهاي نوين مالي فرابورس,1049.43,,0.0,500000000.0,,1371860.0,32800.0,34554.0,11900.0,34554.0,2026-10-04,17037500000000.0,4860.0,1,165604500.0,291535.0,3,9934055125.0,291535.0,6,9934055125.0,4860.0,1,165604500.0,165604500.0,1655675854.1666665,0.1,-9768450625.0,1,293,34000.0,34200.0,66834,5,2,100300,33800.0,34300.0,89300,1,1,100000,33700.0,35306.0,466548,1,1,160,33601.0,35307.0,5904,2,1,100000,33600.0,0.0,0,0,,34027.0,34375.0,2026-10-04T09:24:11+03:30,0.14,,,,,,,,,,,
41379697187196382,وشهر,بانک شهر,2026-10-04T09:26:55+03:30,3490.0,2.95,3410.0,0.59,3390.0,3490.0,3490.0,3490.0,84.0,13030681.0,45477076690.0,3490.0,3290,533.0,6.4,53160555,57,سهم,بانکها و موسسات اعتباری,بازار پایه فرابورس,بازار پایه زرد فرابورس,0.0,533.0,0.0,550616078318.0,,44534147.0,3370.0,3470.0,2257.0,3470.0,2026-10-04,1877600827064380.0,12430681.0,40,42388622210.0,600000.0,2,2046000000.0,3030681.0,35,10334622210.0,10000000.0,1,34100000000.0,1059715555.2500001,295274920.28571427,3.589,32054000000.0,1746,509853525,3490.0,0.0,0,0,1,14644,3470.0,0.0,0,0,1,15000,3390.0,0.0,0,0,3,64500,3290.0,0.0,0,0,0,0,0.0,0.0,0,0,صف خرید,,,,,,,,,,,,,,,
41480981133648877,عمارت دی,صندوق س دی-املاک,2026-10-04T09:29:03+03:30,14490.0,0.53,14464.0,0.35,14413.0,14440.0,14430.0,14518.0,48.0,1442654.0,20866606727.0,14845.0,13981,0.0,,1,68,صندوق,صندوق سرمایه گذاری قابل معامله,بازار بورس,بازار صندوق های قابل معامله,0.0,,0.0,3882985000.0,,23453271.0,14300.0,14544.0,10000.0,14730.0,2026-10-04,56163495040000.0,590880.0,16,8546488320.0,851774.0,2,12320059136.0,983171.0,13,14220585344.0,459483.0,1,6645962112.0,534155520.0,1093891180.3076923,0.488,-5674097024.0,1,4000,14442.0,14489.0,32676,1,3,23000,14441.0,14490.0,94801,2,1,53671,14440.0,14499.0,29500,3,1,54217,14435.0,14500.0,51636,1,2,68044,14430.0,14516.0,2400,1,,14985.0,14985.0,2026-07-19T10:53:08+03:30,-3.48,,,,,,,,,,,
41529644566373651,هانیکو,هامون نایزه,2026-10-04T09:29:05+03:30,7630.0,2.97,7630.0,2.97,7410.0,7630.0,7630.0,7630.0,358.0,5611773.0,42817827990.0,7630.0,7190,661.0,11.5,1,28,سهم,ساخت محصولات فلزی,بازار فرابورس,بازار دوم فرابورس,6.71,661.0,7079.384,7550000000.0,,19373950.0,7070.0,7490.0,6680.0,10790.0,2026-10-04,57606500000000.0,5611773.0,14,42817827990.0,0.0,0,0.0,5611773.0,289,42817827990.0,0.0,0,0.0,3058416285.0,148158574.35986158,20.643,0.0,192,11035606,7630.0,0.0,0,0,3,41310,7530.0,0.0,0,0,2,11000,7490.0,0.0,0,0,2,8637,7470.0,0.0,0,0,2,10800,7430.0,0.0,0,0,صف خرید,,,,,,,,,,,,,,,
41549354947422432,پتروفارس,صندوق س.بخشی خبره خلیج فارس-ب,2026-10-04T09:26:30+03:30,32300.0,-1.48,32328.0,-1.39,32785.0,33090.0,32300.0,33090.0,14.0,52229.0,1688442530.0,33768.0,31802,0.0,,1,68,صندوق,صندوق سرمایه گذاری قابل معامله,بازار فرابورس,بازار ابزارهاي نوين مالي فرابورس,1049.43,,0.0,1000000000.0,,1610858.0,31480.0,33149.0,14000.0,33149.0,2026-10-04,32328000000000.0,52229.0,12,1688459112.0,0.0,0,0.0,52229.0,5,1688459112.0,0.0,0,0.0,140704926.0,337691822.4,0.417,0.0,1,31,32301.0,32796.0,98000,1,2,58424,32300.0,32798.0,9,1,1,200000,32129.0,32800.0,17632,1,1,200000,32128.0,33000.0,103100,2,1,200000,32127.0,33060.0,8397,1,,33038.0,33368.0,2026-10-04T09:25:08+03:30,-2.15,,,,,,,,,,,
41625340598198551,بساما,بیمه سامان,2026-10-04T09:28:33+03:30,15090.0,0.13,15090.0,0.13,15070.0,15070.0,15070.0,15320.0,8.0,62833.0,948057840.0,15520.0,14620,-290.0,-52.0,1,66,سهم,بیمه وصندوق بازنشستگی به جزتامین اجتماعی,بازار فرابورس,بازار دوم فرابورس,18.62,-290.0,0.0,12000000000.0,,3363899.0,14590.0,15320.0,8330.0,15990.0,2026-10-04,181080000000000.0,3661.0,2,55244490.0,59172.0,1,892905480.0,62833.0,5,948149970.0,0.0,0,0.0,27622245.0,189629994.0,0.146,-892905480.0,4,18019,15090.0,15200.0,56732,3,4,20349,15080.0,15240.0,84000,1,4,26796,15070.0,15250.0,100000,1,2,24000,15060.0,15260.0,105000,2,2,20000,15000.0,15290.0,1573,2,,,,,,,,,,,,,,,,
41713045190742691,وسدید,گروه صنعتیسدید,2026-10-04T09:27:21+03:30,2397.0,-2.99,2397.0,-2.99,2471.0,2397.0,2397.0,2397.0,56.0,5610176.0,13447591872.0,2545.0,2397,34.0,70.5,1,27,سهم,فلزات اساسی,بازار پایه فرابورس,بازار پایه زرد فرابورس,0.0,34.0,0.0,29989176054.0,,102684202.0,2410.0,2600.0,1398.0,2600.0,2026-10-04,71884055001438.0,5110176.0,42,12249091872.0,500000.0,1,1198500000.0,5610176.0,6,13447591872.0,0.0,0,0.0,291645044.5714286,2241265312.0,0.13,-1198500000.0,1,30000,1831.0,2397.0,71763147,188,1,150000,1545.0,2398.0,157500,1,0,0,0.0,2400.0,72000,2,0,0,0.0,2449.0,25000,1,0,0,0.0,2471.0,1250000,4,,,,,,,,,,,,,,,,
41746336706469006,پیروز,صندوق س.سهامی امین نهایت نگر-س,2026-10-04T09:16:37+03:30,29199.0,-0.03,29199.0,-0.03,29207.0,29200.0,29199.0,29200.0,8.0,109428.0,3195239265.0,30083.0,28331,0.0,,1,68,صندوق,صندوق سرمایه گذاری قابل معامله,بازار فرابورس,بازار ابزارهاي نوين مالي فرابورس,1086.91,,0.0,1000000000.0,,1189411.0,27955.0,29521.0,11124.0,29521.0,2026-10-03,29199000000000.0,0.0,0,0.0,109428.0,2,3195188172.0,33974.0,2,992006826.0,75454.0,2,2203181346.0,,496003413.0,,-992006826.0,1,500,29200.0,29699.0,990,1,1,131665,29199.0,29700.0,1000,1,1,162938,29023.0,29825.0,2664,1,1,500,29015.0,29875.0,186612,1,1,837062,29014.0,29884.0,813388,1,,29605.0,29910.0,2026-10-04T09:25:21+03:30,-1.37,,,,,,,,,,,
41781090739318251,تلیسه,دامداری تلیسه نمونه,2026-10-04T09:29:47+03:30,10520.0,-2.95,10520.0,-2.95,10840.0,10520.0,10520.0,10650.0,529.0,12184164.0,128204991530.0,11160.0,10520,1266.0,8.3,1,01,سهم,زراعت و خدمات وابسته,بازار فرابورس,بازار اول فرابورس,8.75,1266.0,0.0,4993940000.0,,22396337.0,10360.0,10990.0,3222.0,10990.0,2026-10-04,52536248800000.0,5953599.0,211,62631861480.0,6122054.0,4,64404008080.0,12075653.0,142,127035869560.0,0.0,0,0.0,296833466.7298578,894618799.7183099,0.332,-64404008080.0,14,406290,10520.0,10530.0,201699,4,3,2040,10360.0,10550.0,78699,1,1,505,10050.0,10560.0,23860,1,3,1663,9760.0,10600.0,127725,3,2,2600,9480.0,10650.0,53660,4,,,,,,,,,,,,,,,,
41796741644273824,وملی,گروه صنعتی ملی (هلدینگ,2026-10-04T09:29:40+03:30,279600.0,-0.57,275500.0,-2.03,281200.0,278500.0,272800.0,283700.0,183.0,162333.0,44718484900.0,289600.0,272800,3197.0,86.2,1,19,سهم,دباغی، پرداخت چرم و ساخت انواع پاپوش,بازار بورس,بازار اول (تابلوی فرعی) بورس,86.14,3197.0,0.0,247360140.0,17.0,565889.0,271500.0,295600.0,159740.0,319700.0,2026-10-04,68147718570000.0,86483.0,83,23826066500.0,75492.0,1,20798046000.0,160796.0,63,44299298000.0,1179.0,1,324814500.0,287061042.1686747,703163460.3174603,0.408,-20473231500.0,4,6945,274500.0,279600.0,3324,2,2,2141,274400.0,284000.0,1203,3,1,2141,274200.0,284400.0,44,1,1,20,274100.0,284500.0,18,1,2,1131,274000.0,284600.0,140,1,,,,,,,,,,,,,,,,
41852696098219729,طملی8095,اختیارف فملی-26000-1405/08/06,2026-10-04T09:24:33+03:30,1401.0,-6.6,1401.0,-6.6,1500.0,1401.0,1401.0,1401.0,8.0,1000.0,1401000000.0,100000.0,1,0.0,,1.0,27,اختیار معامله,,,,,,,,,,,,,,,,1000.0,1,1401000.0,0.0,0,0.0,1000.0,4,1401000.0,0.0,0,0.0,1401000.0,350250.0,4.0,0.0,1,202,1300.0,1798.0,1100,2,1,2,1200.0,1800.0,200,1,1,3,1100.0,2000.0,25,1,1,5,1000.0,2250.0,20,1,2,53,600.0,2568.0,100,1,,,,,,فملی,35425587644337450,28740,26000,1000,1405/07/07,1405/08/06,24,فروش,1267,28660000000.0
41878501030513152,ضستا7062,اختیارخ شستا-3250-1405/07/15,2026-10-04T09:29:48+03:30,463.0,-7.03,419.0,-15.86,498.0,421.0,359.0,475.0,1532.0,490249.0,205186438000.0,100000.0,1,0.0,,1.0,39,اختیار معامله,,,,,,,,,,,,,,,,472163.0,173,197836297.0,14598.0,3,6116562.0,477762.0,166,200182278.0,8999.0,4,3770581.0,1143562.4104046242,1205917.3373493976,0.948,-2345981.0,1,1000,461.0,463.0,471,2,4,1549,460.0,466.0,1370,4,1,1000,459.0,467.0,30,2,2,400,458.0,469.0,20,1,3,328,457.0,470.0,1313,4,,,,,,شستا,2400322364771558,3580,3250,1000,1405/04/10,1405/07/15,3,خرید,2839628,1597625120000.0
41927452991671109,توان,صندوق س. اهرمی توان مفید-س,2026-10-04T09:29:52+03:30,71150.0,0.58,69595.0,-1.62,70738.0,68330.0,68200.0,71197.0,3817.0,22748584.0,1583181259413.0,73567.0,67909,0.0,,1,68,صندوق,صندوق سرمایه گذاری قابل معامله,بازار فرابورس,-',1049.44,,0.0,2500000000.0,,66538005.0,66117.0,73390.0,20385.0,75956.0,2026-10-04,173987500000000.0,21861670.0,1507,1521462923650.0,490335.0,6,34124864325.0,22107803.0,1049,1538592549785.0,244202.0,4,16995238190.0,1009597162.3424022,1466723117.049571,0.688,-17129626135.0,1,98004,71134.0,71135.0,30,1,7,128202,71098.0,71150.0,76417,6,5,125721,71000.0,71192.0,32980,1,6,18935,70950.0,71194.0,10171,5,1,1381,70781.0,71197.0,53337,3,,85970.0,87281.0,2026-10-04T09:24:08+03:30,-19.05,,,,,,,,,,,
41935584690956944,پتایر,ایران تایر,2026-10-04T09:29:15+03:30,2739.0,-1.01,2685.0,-2.96,2767.0,2685.0,2684.0,2743.0,468.0,32839771.0,88183324521.0,2850.0,2684,392.0,6.8,1,25,سهم,لاستیک و پلاستیک,بازار بورس,بازار اول (تابلوی اصلی) بورس,8.49,392.0,3976.8228,18800000000.0,30.0,93813681.0,2691.0,2919.0,1410.0,3015.0,2026-10-04,50478000000000.0,21630051.0,252,58076686935.0,11209720.0,2,30098098200.0,32839771.0,84,88174785135.0,0.0,0,0.0,230463043.39285713,1049699823.0357143,0.22,-30098098200.0,3,1098100,2689.0,2739.0,75294,1,3,505000,2688.0,2743.0,397500,1,2,502585,2687.0,2744.0,70000,1,4,524000,2686.0,2745.0,4000,1,6,939056,2685.0,2748.0,8813,1,,,,,,,,,,,,,,,,
41974758296041288,سخوز,سیمان خوزستان,2026-10-04T09:29:04+03:30,95720.0,-0.83,95410.0,-1.15,96520.0,94100.0,94100.0,96000.0,44.0,78322.0,7472355650.0,99410.0,93630,15662.0,6.1,1,53,سهم,سیمان، آهک و گچ,بازار بورس,بازار اول (تابلوی اصلی) بورس,7.57,15662.0,32852.754,1400000000.0,29.0,1603071.0,95260.0,103100.0,65440.0,122120.0,2026-10-04,133574000000000.0,69709.0,22,6650935690.0,8613.0,2,821766330.0,78322.0,19,7472702020.0,0.0,0,0.0,302315258.6363636,393300106.31578946,0.769,-821766330.0,2,25530,95720.0,95750.0,71,1,1,6050,94670.0,95980.0,3240,1,1,400,94600.0,95990.0,5680,1,2,15403,94500.0,96000.0,3000,1,1,600,94460.0,97010.0,2000,1,,,,,,,,,,,,,,,,
42049553761321495,کورز,ورزیران,2026-10-04T09:28:05+03:30,7950.0,2.98,7740.0,0.26,7720.0,7950.0,7950.0,7950.0,7.0,164712.0,1309460400.0,7950.0,7490,133.0,58.2,2107179,54,سهم,سایر محصولات کانی غیرفلزی,بازار پایه فرابورس,بازار پایه زرد فرابورس,0.0,133.0,3573.1904,2000000000.0,,2579413.0,7400.0,7960.0,3608.0,7960.0,2026-10-04,15480000000000.0,164712.0,2,1274870880.0,0.0,0,0.0,164712.0,6,1274870880.0,0.0,0,0.0,637435440.0,212478480.0,3.0,0.0,66,6423015,7950.0,0.0,0,0,1,10000,7860.0,0.0,0,0,1,50000,7850.0,0.0,0,0,0,0,0.0,0.0,0,0,0,0,0.0,0.0,0,0,صف خرید,,,,,,,,,,,,,,,
42053657807681168,ضخود9051,اختیارخ خودرو-550-1405/09/04,2026-10-04T09:26:36+03:30,220.0,9.45,216.0,7.46,201.0,229.0,175.0,229.0,8.0,2112.0,456897000.0,100000.0,1,0.0,,1.0,34,اختیار معامله,,,,,,,,,,,,,,,,1694.0,4,365904.0,418.0,1,90288.0,2112.0,4,456192.0,0.0,0,0.0,91476.0,114048.0,0.802,-90288.0,1,200,196.0,228.0,517,1,1,46,195.0,229.0,100,1,1,1000,190.0,230.0,150,2,1,50,182.0,235.0,100,1,1,1000,181.0,237.0,1000,1,,,,,,خودرو,65883838195688438,716,550,1000,1405/06/07,1405/09/04,52,خرید,204292,1512192000.0
42075223783409640,خاذین,سایپاآذین,2026-10-04T09:29:46+03:30,3290.0,-0.6,3250.0,-1.81,3310.0,3230.0,3220.0,3330.0,116.0,4102158.0,13334847950.0,3400.0,3220,-96.0,-33.9,1,34,سهم,خودرو و ساخت قطعات,بازار بورس,بازار دوم (تابلوی فرعی) بورس,-23.99,-96.0,2309.6565,4455692846.0,48.0,21761604.0,3069.0,3390.0,1481.0,3390.0,2026-10-04,14481001749500.0,3996232.0,39,12987754000.0,99088.0,1,322036000.0,3853190.0,43,12522867500.0,242130.0,1,786922500.0,333019333.3333333,291229476.74418604,1.143,464886500.0,2,34270,3230.0,3250.0,44870,1,7,410866,3220.0,3290.0,260858,1,0,0,0.0,3300.0,211231,1,0,0,0.0,3330.0,315130,2,0,0,0.0,3340.0,5000,1,,,,,,,,,,,,,,,,
42087668448091861,ضذوب9033,اختیارخ ذوب-400-1405/09/18,2026-10-04T09:29:44+03:30,304.0,-4.1,297.0,-6.31,317.0,285.0,285.0,299.0,13.0,1466.0,436126000.0,100000.0,1,0.0,,1.0,27,اختیار معامله,,,,,,,,,,,,,,,,1456.0,8,432432.0,0.0,0,0.0,1431.0,6,425007.0,25.0,2,7425.0,54054.0,70834.5,0.763,7425.0,4,113,291.0,310.0,720,1,2,255,290.0,397.0,40,1,2,78,285.0,398.0,4,1,4,135,250.0,399.0,21,2,1,1000,240.0,400.0,650,1,,,,,,ذوب,71483646978964608,656,400,1000,1405/06/21,1405/09/18,66,خرید,127487,627136000.0
42126711834457037,ضملت7042,اختیارخ وبملت-1254-1405/07/22,2026-10-04T09:29:18+03:30,257.0,-5.51,234.0,-13.97,272.0,246.0,222.0,265.0,160.0,51140.0,11943472000.0,100000.0,1,0.0,,1.0,57,اختیار معامله,,,,,,,,,,,,,,,,51140.0,45,11966760.0,0.0,0,0.0,51140.0,30,11966760.0,0.0,0,0.0,265928.0,398892.0,0.667,0.0,5,5000,254.0,256.0,990,1,2,1967,253.0,257.0,500,1,1,965,252.0,258.0,1000,1,1,1000,249.0,259.0,1000,1,3,1225,245.0,260.0,749,1,,,,,,وبملت,778253364357513,1459,1254,1000,1405/04/27,1405/07/22,10,خرید,5190348,69063224000.0
42211115267174963,طذوب7047,اختیارف ذوب-800-1405/07/22,2026-10-04T09:28:36+03:30,130.0,0.78,131.0,1.55,129.0,152.0,130.0,152.0,7.0,983.0,128437000.0,100000.0,1,0.0,,1.0,27,اختیار معامله,,,,,,,,,,,,,,,,733.0,5,96023.0,250.0,1,32750.0,983.0,3,128773.0,0.0,0,0.0,19204.6,42924.333333333336,0.447,-32750.0,2,400,110.0,128.0,614,1,1,5,101.0,129.0,100,1,1,1000,100.0,145.0,40,1,1,1000,77.0,146.0,287,1,1,100,1.0,147.0,400,1,,,,,,ذوب,71483646978964608,656,800,1000,1405/06/21,1405/07/22,10,فروش,69769,457232000.0
42389510090849997,ضدرو9004,اختیارخ دارونو-30000-05/09/11,2026-10-04T09:28:15+03:30,15500.0,3.82,15550.0,4.15,14930.0,16430.0,15500.0,17760.0,20.0,529.0,8225940000.0,500000.0,1,0.0,,1.0,68,اختیار معامله,,,,,,,,,,,,,,,,529.0,3,8225950.0,0.0,0,0.0,84.0,5,1306200.0,445.0,1,6919750.0,2741983.3333333335,261240.0,10.496,6919750.0,1,8,15000.0,17760.0,1,1,1,9,14750.0,17770.0,2,2,1,10,14500.0,18250.0,2,1,1,11,14250.0,18990.0,2,1,2,22,14000.0,19850.0,2,1,,,,,,دارونو,34074071043606558,41987,30000,1000,1405/06/14,1405/09/11,59,خرید,1604,923494000.0
42470251469508137,غناب,روغن نباتی ناب,2026-10-04T09:29:49+03:30,1147.0,-2.96,1147.0,-2.96,1182.0,1159.0,1147.0,1159.0,73.0,9958586.0,11426720048.0,1217.0,1147,41.0,28.0,1,42,سهم,محصولات غذایی و آشامیدنی به جز قند و شکر,بازار پایه فرابورس,بازار پایه زرد فرابورس,0.0,41.0,0.0,18367442922.0,,62326548.0,1162.0,1248.0,646.0,1254.0,2026-10-04,21067457031534.0,9636736.0,42,11053336192.0,0.0,0,0.0,9636736.0,21,11053336192.0,0.0,0,0.0,263174671.23809522,526349342.47619045,0.5,0.0,2,356757,1147.0,1168.0,46957,1,1,100000,1100.0,1169.0,1065000,2,0,0,0.0,1170.0,344916,1,0,0,0.0,1175.0,200000,1,0,0,0.0,1186.0,50000,1,,,,,,,,,,,,,,,,
42599305106713939,زکوثر,سرمایه گذاری کشاورزی کوثر,2026-10-04T09:29:18+03:30,90390.0,-2.53,90260.0,-2.67,92740.0,93000.0,90020.0,93000.0,94.0,377030.0,34029283660.0,95520.0,89960,6364.0,14.2,1,01,سهم,زراعت و خدمات وابسته,بازار بورس,بازار اول (تابلوی اصلی) بورس,6.8,6364.0,0.0,2750000000.0,21.0,3056604.0,90860.0,96530.0,28930.0,96530.0,2026-10-04,248215000000000.0,373530.0,41,33714817800.0,3500.0,2,315910000.0,70649.0,31,6376778740.0,306381.0,2,27653949060.0,822312629.2682927,205702540.0,3.998,27338039060.0,2,30060,90420.0,92300.0,3599,3,2,31101,90410.0,92390.0,190,1,3,30037,90400.0,92400.0,1480,3,1,7940,90390.0,92490.0,1453,3,1,10000,90380.0,92500.0,10255,3,,,,,,,,,,,,,,,,
42670427020727409,کاج,صندوق س. نوع دوم نو ویرا -د,2026-10-04T09:29:45+03:30,29821.0,0.12,29821.0,0.12,29785.0,29821.0,29821.0,29822.0,57.0,3618036.0,107894118109.0,30678.0,28892,0.0,,1,68,صندوق,صندوق سرمایه گذاری قابل معامله,بازار فرابورس,بازار ابزارهاي نوين مالي فرابورس,1067.75,,0.0,4800000000.0,,160615134.0,29703.0,29786.0,21532.0,29786.0,2026-10-04,143140800000000.0,1128170.0,9,33643157570.0,2486305.0,2,74144101405.0,2978367.0,35,88817882307.0,636108.0,2,18969376668.0,3738128618.888889,2537653780.2,1.473,-55174724737.0,1,119985449,29821.0,29822.0,9537868,12,1,1000000,29820.0,29823.0,100000,1,1,1000000,29819.0,29824.0,100000,1,1,1000000,29818.0,29825.0,100000,1,1,1000000,29817.0,29826.0,100000,1,,29750.0,29767.0,2026-10-04T09:25:28+03:30,0.24,,,,,,,,,,,
42680321661685261,ضملی9040,اختیارخ فملی-18000-1405/09/04,2026-10-04T09:29:23+03:30,12330.0,7.22,12177.0,5.89,11500.0,11510.0,11204.0,12330.0,13.0,155.0,1887426000.0,100000.0,1,0.0,,1.0,27,اختیار معامله,,,,,,,,,,,,,,,,34.0,4,414018.0,121.0,3,1473417.0,141.0,8,1716957.0,14.0,2,170478.0,103504.5,214619.625,0.482,-1302939.0,1,69,12330.0,12365.0,10,1,1,17,11716.0,12369.0,92,1,1,2,11505.0,17300.0,7,2,1,11,11501.0,17400.0,12,2,1,2,11211.0,17499.0,3,1,,,,,,فملی,35425587644337450,28740,18000,1000,1405/05/17,1405/09/04,52,خرید,9588,1576850000.0
42690477960659940,کشرق,صنعتی و معدنی شمال شرق شاهرود,2026-10-04T09:24:26+03:30,131100.0,0.0,132600.0,1.14,131100.0,134900.0,131000.0,134900.0,12.0,1098.0,145626300.0,135000.0,127200,-11338.0,-11.7,1,10,سهم,استخراج زغال سنگ,بازار فرابورس,بازار دوم فرابورس,17.46,-11338.0,36650.895,84000000.0,,90887.0,116400.0,129500.0,64950.0,166100.0,2026-10-03,11138400000000.0,1098.0,3,145594800.0,0.0,0,0.0,1098.0,6,145594800.0,0.0,0,0.0,48531600.0,24265800.0,2.0,0.0,1,69,131200.0,134000.0,129,2,1,2138,131100.0,134800.0,347,1,1,29,131000.0,134900.0,1591,4,1,153,130000.0,135000.0,935,4,2,195,129800.0,136600.0,100,1,,,,,,,,,,,,,,,,
42696242981550091,کصدف,کاشی صدف سرام استقلال آباده,2026-10-04T09:28:51+03:30,8000.0,-1.84,7940.0,-2.58,8150.0,8160.0,7910.0,8160.0,116.0,2992246.0,23759924280.0,8390.0,7910,548.0,14.5,1,49,سهم,کاشی و سرامیک,بازار پایه فرابورس,بازار پایه زرد فرابورس,0.0,548.0,2074.6892,2304000000.0,,8521881.0,7700.0,8220.0,4474.0,9580.0,2026-10-04,18293760000000.0,2992246.0,34,23758433240.0,0.0,0,0.0,2992246.0,53,23758433240.0,0.0,0,0.0,698777448.2352941,448272325.2830189,1.559,0.0,1,3212,7980.0,8000.0,76040,1,4,75629,7910.0,8100.0,238742,4,0,0,0.0,8160.0,306714,2,0,0,0.0,8190.0,88200,1,0,0,0.0,8200.0,605000,3,,,,,,,,,,,,,,,,
42705920381780437,ترمه,صندوق سرمایه گذاری ترمه-سهام,2026-10-04T09:29:23+03:30,48599.0,0.21,48354.0,-0.3,48499.0,48200.0,48200.0,48599.0,4.0,60046.0,2903475554.0,49953.0,47045,0.0,,1,68,صندوق,صندوق سرمایه گذاری قابل معامله,بازار بورس,بازار صندوق های قابل معامله,0.0,,0.0,100000000.0,,965928.0,46015.0,48800.0,18750.0,48800.0,2026-10-04,4835400000000.0,0.0,0,0.0,60046.0,1,2903464284.0,10046.0,1,485764284.0,50000.0,1,2417700000.0,,485764284.0,,-485764284.0,1,210000,47670.0,48600.0,25000,1,1,210000,47570.0,48700.0,25000,1,1,25000,47371.0,48800.0,25000,1,1,210000,47370.0,48900.0,25000,1,1,200000,47270.0,49000.0,25000,1,,48515.0,49007.0,2026-10-04T09:25:44+03:30,-0.33,,,,,,,,,,,
42799209630949274,بهین رو,صندوق س صنایع ویستا1-بخشی,2026-10-04T09:27:53+03:30,19250.0,2.27,18980.0,0.83,18823.0,18900.0,18850.0,19250.0,87.0,1518326.0,28817289346.0,19387.0,18259,0.0,,1,68,صندوق,صندوق سرمایه گذاری قابل معامله,بازار بورس,بازار صندوق های قابل معامله,0.0,,0.0,1300000000.0,,6589143.0,18500.0,19385.0,10880.0,20290.0,2026-10-04,24674000000000.0,36742.0,4,697363160.0,1481584.0,1,28120464320.0,1518326.0,28,28817827480.0,0.0,0,0.0,174340790.0,1029208124.2857143,0.169,-28120464320.0,2,140000,19320.0,19340.0,10000,1,3,190000,19310.0,19357.0,6870,1,1,100000,19305.0,19380.0,529,1,2,140000,19300.0,19387.0,12965,3,1,78991,19290.0,19830.0,1000,1,,19337.0,19534.0,2026-10-04T09:25:21+03:30,-1.85,,,,,,,,,,,
43009306066217458,دامون,ص.س. درآمد ثابت آسمان دامون-د,2026-10-04T09:29:34+03:30,22028.0,0.13,22028.0,0.13,21999.0,22028.0,22028.0,22029.0,83.0,18648935.0,410798776379.0,22658.0,21340,0.0,,1,68,صندوق,صندوق سرمایه گذاری قابل معامله,بازار فرابورس,بازار ابزارهاي نوين مالي فرابورس,1067.75,,0.0,4880000000.0,,191392129.0,21943.0,22000.0,15972.0,22000.0,2026-10-04,107496640000000.0,136964.0,9,3017042992.0,18510090.0,1,407740262520.0,8220005.0,44,181070270140.0,10427049.0,4,229687035372.0,335226999.1111111,4115233412.272727,0.081,-178053227148.0,3,431494833,22028.0,22029.0,39239026,6,1,1000000,22027.0,22030.0,1000000,1,1,1000000,22026.0,22031.0,1000000,1,1,1000000,22025.0,22032.0,1000000,1,1,1000000,22024.0,22033.0,1000000,1,,22032.0,22053.0,2026-10-04T09:25:00+03:30,-0.02,,,,,,,,,,,
43023243844297350,چنوپا,نیوپان 22 بهمن,2026-10-04T09:28:15+03:30,16860.0,2.49,16780.0,2.01,16450.0,16920.0,16360.0,16920.0,134.0,1988678.0,33373210970.0,16940.0,15960,667.0,25.2,1,20,سهم,محصولات چوبی,بازار پایه فرابورس,بازار پایه زرد فرابورس,0.0,667.0,2680.7117,1720000000.0,,7081352.0,15710.0,16540.0,10100.0,29800.0,2026-10-04,28861600000000.0,1988678.0,45,33370016840.0,0.0,0,0.0,1988678.0,49,33370016840.0,0.0,0,0.0,741555929.7777778,681020751.8367347,1.089,0.0,2,12086,16590.0,16860.0,12011,3,1,100000,16580.0,16870.0,105363,6,1,17000,16570.0,16880.0,10000,1,1,98411,16550.0,16890.0,25774,1,2,73583,16540.0,16910.0,71030,1,,,,,,,,,,,,,,,,
43256212620530446,کبافق,معادن بافق,2026-10-04T09:29:37+03:30,42720.0,-3.0,42950.0,-2.48,44040.0,42750.0,42720.0,44870.0,122.0,245438.0,10541325880.0,45360.0,42720,1583.0,27.1,1,13,سهم,استخراج کانه های فلزی,بازار بورس,بازار اول (تابلوی فرعی) بورس,15.48,1583.0,7432.1465,1215000000.0,21.0,2063978.0,43910.0,46610.0,20320.0,48940.0,2026-10-04,52184250000000.0,222779.0,68,9568358050.0,22409.0,1,962466550.0,245188.0,38,10530824600.0,0.0,0,0.0,140711147.79411766,277126963.15789473,0.508,-962466550.0,3,25267,42720.0,42950.0,3000,1,1,118,42680.0,43300.0,24540,2,1,3000,41700.0,43310.0,2388,3,2,834,41440.0,43330.0,9207,1,1,827,40200.0,43350.0,1111,2,,,,,,,,,,,,,,,,
43267179898797137,پاداش,صندوق س. ارزش پاداش-د,2026-10-04T09:29:00+03:30,28879.0,0.13,28879.0,0.13,28842.0,28879.0,28879.0,28880.0,166.0,6562770.0,189526355383.0,29707.0,27977,0.0,,1,68,صندوق,صندوق سرمایه گذاری قابل معامله,بازار فرابورس,بازار ابزارهاي نوين مالي فرابورس,1067.75,,0.0,4650000000.0,,244766822.0,28764.0,28843.0,21034.0,28843.0,2026-10-04,134287350000000.0,1104239.0,49,31889318081.0,5458531.0,2,157636916749.0,5731698.0,91,165525706542.0,831072.0,2,24000528288.0,650802409.8163266,1818963808.153846,0.358,-133636388461.0,3,396002588,28879.0,28880.0,43441489,5,1,1000000,28878.0,28881.0,1000000,1,1,1000000,28877.0,28882.0,1000000,1,1,1000000,28876.0,28883.0,1000000,1,1,1000000,28875.0,28884.0,1001479,2,,28880.0,28912.0,2026-10-04T09:25:18+03:30,-0.0,,,,,,,,,,,
43283802997035462,وسبحان,سرمایه گذاری سبحان,2026-10-04T09:29:52+03:30,3950.0,2.6,3920.0,1.82,3850.0,3950.0,3870.0,3950.0,204.0,9319583.0,36547894950.0,3960.0,3740,956.0,4.1,1,56,سهم,سرمایه گذاریها,بازار فرابورس,بازار اول فرابورس,8.88,956.0,0.0,16000000000.0,,26114240.0,3640.0,3860.0,1487.0,3860.0,2026-10-04,62720000000000.0,9131735.0,90,35796401200.0,24236.0,1,95005120.0,9155971.0,55,35891406320.0,0.0,0,0.0,397737791.1111111,652571024.0,0.609,-95005120.0,7,504645,3940.0,3950.0,552201,4,4,602000,3930.0,3960.0,6265715,48,5,111322,3920.0,0.0,0,0,3,306204,3910.0,0.0,0,0,9,505685,3900.0,0.0,0,0,,,,,,,,,,,,,,,,
43291783149314349,وسرمد,بیمه سرمد,2026-10-04T09:28:49+03:30,1510.0,-2.64,1508.0,-2.77,1551.0,1506.0,1505.0,1520.0,26.0,920825.0,1388567239.0,1597.0,1505,317.0,4.8,1,66,سهم,بیمه وصندوق بازنشستگی به جزتامین اجتماعی,بازار پایه فرابورس,بازار پایه زرد فرابورس,0.0,317.0,0.0,14000000000.0,,23777066.0,1550.0,1671.0,950.0,1787.0,2026-10-04,21112000000000.0,920825.0,14,1388604100.0,0.0,0,0.0,920825.0,13,1388604100.0,0.0,0,0.0,99186007.14285715,106815700.0,0.929,0.0,1,260740,1510.0,1546.0,4000,1,5,186261,1506.0,1547.0,92345,1,9,1559943,1505.0,1548.0,50000,1,0,0,0.0,1549.0,176365,1,0,0,0.0,1550.0,636738,2,,,,,,,,,,,,,,,,
43342306308122676,قمرو,قند مرودشت,2026-10-04T09:29:48+03:30,9790.0,0.31,9750.0,-0.1,9760.0,9890.0,9570.0,9890.0,53.0,397436.0,3873558240.0,10050.0,9470,1450.0,6.7,1,38,سهم,قند و شکر,بازار بورس,بازار دوم (تابلوی اصلی) بورس,9.86,1450.0,7196.206,5000000000.0,28.0,7602596.0,9570.0,10250.0,3370.0,11270.0,2026-10-04,48750000000000.0,382745.0,20,3731763750.0,0.0,0,0.0,334745.0,27,3263763750.0,48000.0,1,468000000.0,186588187.5,120880138.8888889,1.544,468000000.0,2,18472,9790.0,9800.0,334202,8,1,50000,9730.0,9810.0,1000,1,5,7181,9720.0,9820.0,8458,3,3,30151,9710.0,9900.0,13515,4,1,25000,9690.0,9930.0,46863,2,,,,,,,,,,,,,,,,
43358402418932595,آذرین,صندوق س.بخشی فلزات کیمیا-ب,2026-10-04T09:29:15+03:30,47188.0,1.82,46450.0,0.22,46346.0,46589.0,46122.0,47207.0,100.0,3445921.0,160061658259.0,47736.0,44956,0.0,,1,68,صندوق,صندوق سرمایه گذاری قابل معامله,بازار فرابورس,بازار ابزارهاي نوين مالي فرابورس,1049.55,,0.0,2000000000.0,,8084814.0,43410.0,46770.0,13650.0,46770.0,2026-10-04,92900000000000.0,1235157.0,16,57373042650.0,2210764.0,2,102689987800.0,2220608.0,17,103147241600.0,1225313.0,2,56915788850.0,3585815165.625,6067484800.0,0.591,-45774198950.0,1,5000,47209.0,47219.0,5000,1,1,50000,47200.0,47229.0,10000,1,1,80000,47185.0,47239.0,50000,1,1,100000,47160.0,47247.0,424,1,1,150000,47135.0,47259.0,100000,1,,47201.0,47697.0,2026-10-04T09:25:08+03:30,-1.59,,,,,,,,,,,
43362635835198978,های وب,داده گسترعصرنوین-های وب,2026-10-04T09:29:28+03:30,460.0,-1.29,458.0,-1.72,466.0,458.0,454.0,472.0,330.0,87120608.0,39942261491.0,479.0,453,-19.0,-24.1,1,73,سهم,اطلاعات و ارتباطات,بازار بورس,بازار اول (تابلوی فرعی) بورس,8.47,-19.0,0.0,71400000000.0,44.0,681133398.0,452.0,483.0,275.0,499.0,2026-10-04,32701200000000.0,87120608.0,141,39901238464.0,0.0,0,0.0,87120608.0,113,39901238464.0,0.0,0,0.0,282987506.83687943,353108304.99115044,0.801,0.0,1,1696427,461.0,463.0,120933,1,5,3470984,460.0,466.0,913710,3,1,100001,459.0,468.0,38467,2,1,15000,458.0,469.0,486046,3,1,10941,457.0,470.0,3455951,5,,,,,,,,,,,,,,,,
43374709930371268,دحاوی,الحاوی,2026-10-04T09:17:48+03:30,5940.0,2.95,5780.0,0.17,5770.0,5940.0,5940.0,5940.0,4.0,44520.0,264448800.0,5940.0,5600,849.0,6.8,1313722,43,سهم,مواد و محصولات دارویی,بازار پایه فرابورس,بازار پایه زرد فرابورس,0.0,849.0,5171.7754,6480000000.0,,883242.0,5570.0,5880.0,1182.0,5880.0,2026-10-04,37454400000000.0,44520.0,1,257325600.0,0.0,0,0.0,44520.0,4,257325600.0,0.0,0,0.0,257325600.0,64331400.0,4.0,0.0,598,127956622,5940.0,0.0,0,0,1,156919,5900.0,0.0,0,0,10,387956,5880.0,0.0,0,0,1,10866,5800.0,0.0,0,0,1,10000,5780.0,0.0,0,0,صف خرید,,,,,,,,,,,,,,,
43443105991896600,ارزش,صندوق س ارزش آفرین بیدار-سهام,2026-10-04T09:23:44+03:30,60577.0,-1.13,62124.0,1.39,61271.0,62664.0,59803.0,62665.0,26.0,29610.0,1839494688.0,63109.0,59433,0.0,,1,68,صندوق,صندوق سرمایه گذاری قابل معامله,بازار بورس,بازار صندوق های قابل معامله,0.0,,0.0,2000000000.0,,9149650.0,58305.0,62666.0,23520.0,62666.0,2026-10-04,124248000000000.0,28284.0,14,1757115216.0,1326.0,1,82376424.0,29610.0,15,1839491640.0,0.0,0,0.0,125508229.71428572,122632776.0,1.023,-82376424.0,1,4000,60605.0,61898.0,1375,2,1,30000,60578.0,61899.0,1894,1,2,1901,60577.0,62300.0,2,1,1,12000,60170.0,62390.0,1,1,1,10000,60151.0,62666.0,100,1,,61599.0,62211.0,2026-10-04T09:25:45+03:30,0.85,,,,,,,,,,,
43450146028916610,دزاگرس,دارویی و نهاده های زاگرس دارو,2026-10-04T09:29:34+03:30,29560.0,3.0,29560.0,3.0,28700.0,29560.0,29560.0,29560.0,180.0,3821027.0,112949558120.0,29560.0,27840,3000.0,9.9,1,43,سهم,مواد و محصولات دارویی,بازار فرابورس,بازار دوم فرابورس,10.27,3000.0,11624.05,7700000000.0,,36531064.0,27060.0,28700.0,8110.0,46650.0,2026-10-04,227612000000000.0,3819731.0,44,112911248360.0,0.0,0,0.0,739731.0,99,21866448360.0,3080000.0,1,91044800000.0,2566164735.4545455,220873215.75757575,11.618,91044800000.0,2593,197116595,29560.0,0.0,0,0,1,300,29500.0,0.0,0,0,2,110000,29200.0,0.0,0,0,2,120000,28900.0,0.0,0,0,2,120000,28850.0,0.0,0,0,صف خرید,,,,,,,,,,,,,,,
43545527030854340,کویر,تولیدی فولاد سپید فراب کویر,2026-10-04T09:29:36+03:30,2766.0,-2.98,2769.0,-2.88,2851.0,2770.0,2766.0,2799.0,309.0,31163129.0,86283092319.0,2936.0,2766,292.0,9.5,1,27,سهم,فلزات اساسی,بازار بورس,بازار دوم (تابلوی اصلی) بورس,15.23,292.0,4197.7275,72000000000.0,10.0,286744307.0,2802.0,2960.0,1110.0,2960.0,2026-10-04,199368000000000.0,30423129.0,187,84241644201.0,740000.0,2,2049060000.0,31163129.0,78,86290704201.0,0.0,0,0.0,450490075.9411765,1106291079.5,0.407,-2049060000.0,1,20000,2728.0,2766.0,155886594,325,1,1876,2671.0,2775.0,10000,1,2,15000,2570.0,2776.0,20000,1,0,0,0.0,2779.0,9858,2,0,0,0.0,2790.0,258780,1,,,,,,,,,,,,,,,,
43552974795606067,خراسان,پتروشیمی خراسان,2026-10-04T09:29:44+03:30,53810.0,-1.34,54020.0,-0.95,54540.0,54000.0,53670.0,54900.0,218.0,836815.0,45208579400.0,56170.0,52910,7006.0,7.7,1,44,سهم,محصولات شیمیایی,بازار بورس,بازار دوم (تابلوی اصلی) بورس,10.14,7006.0,19033.578,12000000000.0,6.0,4800453.0,53280.0,57000.0,35760.0,287830.0,2026-10-04,648240000000000.0,555437.0,62,30004706740.0,281285.0,3,15195015700.0,712478.0,75,38488061560.0,124244.0,2,6711660880.0,483946882.90322584,513174154.1333333,0.943,-8483354820.0,2,6245,53800.0,53810.0,24713,2,3,28160,53790.0,54000.0,45991,3,2,8300,53760.0,54040.0,35661,3,4,20333,53750.0,54440.0,8600,5,1,1139,53740.0,54450.0,14000,2,,,,,,,,,,,,,,,,
43582896931127122,ضسپا7027,اختیارخ خساپا-500-1405/07/29,2026-10-04T09:26:01+03:30,218.0,4.31,191.0,-8.61,209.0,200.0,180.0,218.0,5.0,2080.0,397490000.0,100000.0,1,0.0,,1.0,34,اختیار معامله,,,,,,,,,,,,,,,,2080.0,4,397280.0,0.0,0,0.0,1580.0,3,301780.0,500.0,1,95500.0,99320.0,100593.33333333333,0.987,95500.0,1,300,211.0,218.0,25,1,1,1000,210.0,232.0,235,1,1,301,201.0,233.0,500,1,1,500,200.0,238.0,500,1,3,3000,181.0,240.0,1000,1,,,,,,خساپا,44891482026867833,686,500,1000,1405/04/27,1405/07/29,17,خرید,546504,1416480000.0
43622578471330344,دسبحا,گروه دارویی سبحان,2026-10-04T09:29:48+03:30,7100.0,-2.87,7120.0,-2.6,7310.0,7340.0,7100.0,7340.0,714.0,40161736.0,285960733430.0,7520.0,7100,189.0,37.7,1,43,سهم,مواد و محصولات دارویی,بازار بورس,بازار دوم (تابلوی اصلی) بورس,14.67,189.0,0.0,14521000000.0,29.0,100964044.0,6990.0,7400.0,2130.0,7400.0,2026-10-04,103389520000000.0,31103275.0,272,221455318000.0,9043905.0,5,64392603600.0,39547180.0,178,281575921600.0,600000.0,1,4272000000.0,814173963.2352941,1581887200.0,0.515,-60120603600.0,1,716,6990.0,7100.0,22247081,139,3,6500,6980.0,7110.0,32071,3,1,738,6790.0,7150.0,300000,1,1,2000,6590.0,7170.0,50000,1,1,808,6410.0,7220.0,1050,1,,,,,,,,,,,,,,,,
43664630566988630,فلزفارابی,صندوق س.بخشی فلز فارابی-ب,2026-10-04T09:28:38+03:30,41850.0,1.16,41583.0,0.51,41370.0,41690.0,40690.0,42487.0,75.0,1012490.0,42102425028.0,42611.0,40129,0.0,,1,68,صندوق,صندوق سرمایه گذاری قابل معامله,بازار فرابورس,بازار ابزارهاي نوين مالي فرابورس,1050.1,,0.0,500000000.0,,1827713.0,40227.0,43339.0,13502.0,44293.0,2026-10-04,20791500000000.0,275178.0,19,11442726774.0,737312.0,2,30659644896.0,782775.0,25,32550132825.0,229715.0,2,9552238845.0,602248777.5789473,1302005313.0,0.463,-21107406051.0,2,1812,41706.0,42428.0,5230,1,1,100000,41705.0,42429.0,2004,2,3,113436,41701.0,42470.0,3692,1,1,2388,41700.0,42480.0,3000,1,1,1197,41688.0,42487.0,9007,2,,44020.0,44462.0,2026-10-04T09:25:03+03:30,-5.54,,,,,,,,,,,
43673729944583518,ضستا7053,اختیارخ شستا-1700-1405/07/15,2026-10-04T09:26:49+03:30,1950.0,-1.12,1950.0,-1.12,1972.0,1950.0,1950.0,1950.0,2.0,100.0,195000000.0,100000.0,1,0.0,,1.0,39,اختیار معامله,,,,,,,,,,,,,,,,1.0,1,1950.0,99.0,1,193050.0,100.0,1,195000.0,0.0,0,0.0,1950.0,195000.0,0.01,-193050.0,1,20,1950.0,1999.0,100,1,1,50,1850.0,2000.0,6,1,1,2,1802.0,2055.0,47,1,2,100,1800.0,2100.0,50,1,1,200,1720.0,2299.0,50,1,,,,,,شستا,2400322364771558,3580,1700,1000,1405/04/10,1405/07/15,3,خرید,16479,357000000.0
43716452378323683,فزرین,زرین معدن آسیا,2026-10-04T09:29:52+03:30,9690.0,-2.91,9710.0,-2.71,9980.0,9980.0,9690.0,9980.0,465.0,13161645.0,127818464980.0,10270.0,9690,1184.0,8.2,1,27,سهم,فلزات اساسی,بازار فرابورس,بازار اول فرابورس,8.7,1184.0,5876.355,4300000000.0,,27732480.0,9360.0,10040.0,2443.0,11080.0,2026-10-04,41753000000000.0,9929022.0,209,96410803620.0,3226926.0,3,31333451460.0,12355948.0,98,119976255080.0,800000.0,2,7768000000.0,461295711.1004785,1224247500.8163266,0.377,-23565451460.0,2,5800,9470.0,9690.0,11752463,60,1,555,9080.0,9750.0,5620,2,1,10000,9040.0,9760.0,5000,1,1,5000,8280.0,9770.0,1550,2,0,0,0.0,9790.0,14000,1,,,,,,,,,,,,,,,,
43781018754867729,شفارس,صنایع شیمیایی فارس,2026-10-04T09:29:44+03:30,2270.0,-0.92,2257.0,-1.48,2291.0,2240.0,2232.0,2319.0,112.0,6445668.0,14548467209.0,2359.0,2223,231.0,9.8,1,44,سهم,محصولات شیمیایی,بازار بورس,بازار اول (تابلوی اصلی) بورس,10.14,231.0,2602.074,11939454000.0,34.0,47320339.0,2200.0,2378.0,1090.0,2477.0,2026-10-04,26947347678000.0,5978987.0,41,13494573659.0,369123.0,1,833110611.0,6348110.0,59,14327684270.0,0.0,0,0.0,329135942.90243906,242842106.27118644,1.355,-833110611.0,3,112500,2251.0,2253.0,79823,1,2,957836,2250.0,2270.0,68887,1,1,2500,2245.0,2280.0,609647,1,2,30000,2240.0,2289.0,8001,3,2,7243,2239.0,2290.0,108000,3,,,,,,,,,,,,,,,,
43913530989262989,سمایه,بانک سرمایه,2026-10-04T09:29:27+03:30,5760.0,2.86,5760.0,2.86,5600.0,5760.0,5760.0,5760.0,33.0,776178.0,4470785280.0,5760.0,5440,-27794.0,-0.2,1,57,سهم,بانکها و موسسات اعتباری,بازار پایه فرابورس,بازار پایه زرد فرابورس,0.0,-27794.0,0.0,4000000000.0,,6889094.0,5090.0,5630.0,3142.0,5630.0,2026-10-04,23040000000000.0,776178.0,4,4470785280.0,0.0,0,0.0,76178.0,21,438785280.0,700000.0,1,4032000000.0,1117696320.0,20894537.14285714,53.492,4032000000.0,40,6840398,5760.0,0.0,0,0,2,96462,5600.0,0.0,0,0,1,50000,5470.0,0.0,0,0,1,50000,5460.0,0.0,0,0,1,50000,5450.0,0.0,0,0,صف خرید,,,,,,,,,,,,,,,
43951910415124966,وگستر,گسترش سرمایه گذاری ایرانیان,2026-10-04T09:29:33+03:30,11570.0,-2.94,11570.0,-2.94,11920.0,11570.0,11570.0,11600.0,141.0,3142483.0,36364373310.0,12270.0,11570,-31.0,-373.2,1,56,سهم,سرمایه گذاریها,بازار فرابورس,بازار دوم فرابورس,8.88,-31.0,0.0,800000000.0,,13214124.0,11600.0,12520.0,4250.0,12520.0,2026-10-04,9256000000000.0,3137483.0,56,36300678310.0,0.0,0,0.0,3137483.0,18,36300678310.0,0.0,0,0.0,648226398.3928572,2016704350.5555558,0.321,0.0,1,1000,8300.0,11570.0,2917052,57,0,0,0.0,11600.0,41000,1,0,0,0.0,11890.0,450,1,0,0,0.0,11900.0,2450,2,0,0,0.0,11920.0,228000,3,,,,,,,,,,,,,,,,
43966385447049549,ودی,بیمه دی,2026-10-04T09:29:52+03:30,6770.0,-2.03,6720.0,-2.75,6910.0,6740.0,6710.0,6900.0,45.0,871759.0,5860663390.0,7110.0,6710,1197.0,5.6,1,66,سهم,بیمه وصندوق بازنشستگی به جزتامین اجتماعی,بازار فرابورس,بازار دوم فرابورس,18.58,1197.0,0.0,20000000000.0,,6456446.0,6620.0,7160.0,3850.0,7160.0,2026-10-04,134400000000000.0,226159.0,21,1519788480.0,640600.0,2,4304832000.0,866759.0,18,5824620480.0,0.0,0,0.0,72370880.0,323590026.6666667,0.224,-4304832000.0,1,50000,6780.0,6870.0,4000,1,1,50504,6770.0,6880.0,5400,2,2,59810,6760.0,6890.0,101000,2,2,49332,6750.0,6900.0,191689,3,2,104912,6740.0,6920.0,1000,1,,,,,,,,,,,,,,,,
44013656953678055,شرانل,نفت ایرانول,2026-10-04T09:29:37+03:30,112000.0,-1.5,110900.0,-2.46,113700.0,114400.0,110300.0,114400.0,470.0,588701.0,65304470200.0,117100.0,110300,13150.0,8.4,1,23,سهم,فراورده های نفتی، کک و سوخت هسته ای,بازار فرابورس,بازار دوم فرابورس,8.64,13150.0,78688.42,6000000000.0,,3618378.0,109000.0,117300.0,33150.0,120700.0,2026-10-04,665400000000000.0,466262.0,244,51708455800.0,120340.0,2,13345706000.0,586602.0,109,65054161800.0,0.0,0,0.0,211919900.81967214,596827172.4770643,0.355,-13345706000.0,3,2720,111100.0,112000.0,6906,1,2,10233,111000.0,112100.0,19125,6,1,24000,110900.0,112200.0,5649,3,3,6349,110800.0,112600.0,1000,1,7,14028,110500.0,112700.0,5000,1,,,,,,,,,,,,,,,,
44052047028305231,پشاهن,تولیدی پلاستیک شاهین,2026-10-04T09:29:17+03:30,131200.0,2.98,127500.0,0.08,127400.0,131200.0,131200.0,131200.0,3.0,176.0,23091200.0,131200.0,123600,7250.0,17.6,12737,25,سهم,لاستیک و پلاستیک,بازار پایه فرابورس,بازار پایه زرد فرابورس,0.0,7250.0,0.0,60292960.0,,13065.0,126500.0,128600.0,55850.0,128600.0,2026-10-04,7687352400000.0,176.0,1,22440000.0,0.0,0,0.0,176.0,3,22440000.0,0.0,0,0.0,22440000.0,7480000.0,3.0,0.0,19,63395,131200.0,0.0,0,0,2,935,128600.0,0.0,0,0,1,391,128000.0,0.0,0,0,0,0,0.0,0.0,0,0,0,0,0.0,0.0,0,0,صف خرید,,,,,,,,,,,,,,,
44153164692325703,شگل,گلتاش,2026-10-04T09:29:31+03:30,3280.0,-1.8,3250.0,-2.69,3340.0,3400.0,3240.0,3400.0,231.0,11737419.0,38120408770.0,3440.0,3240,339.0,9.6,1,44,سهم,محصولات شیمیایی,بازار بورس,بازار دوم (تابلوی اصلی) بورس,10.14,339.0,3593.6997,17000000000.0,27.0,37139692.0,3300.0,3441.0,2507.0,4520.0,2026-10-04,55250000000000.0,10950393.0,98,35588777250.0,787026.0,1,2557834500.0,11737419.0,70,38146611750.0,0.0,0,0.0,363150788.2653061,544951596.4285713,0.666,-2557834500.0,4,372432,3260.0,3280.0,118539,1,6,326026,3250.0,3290.0,180914,6,22,2566076,3240.0,3310.0,674900,3,1,10,1360.0,3320.0,393513,2,0,0,0.0,3340.0,4500,1,,,,,,,,,,,,,,,,
44296315953738727,فاهواز,نورد و لوله اهواز,2026-10-04T09:29:40+03:30,7420.0,0.95,7420.0,0.95,7350.0,7420.0,7420.0,7420.0,3.0,62757.0,465656940.0,7420.0,7280,1119.0,6.6,1,27,سهم,فلزات اساسی,بازار پایه فرابورس,بازار پایه قرمز فرابورس,0.0,1119.0,0.0,5649000000.0,,4433893.0,7220.0,7360.0,5760.0,7360.0,2026-10-04,41915580000000.0,12757.0,1,94656940.0,0.0,0,0.0,12757.0,2,94656940.0,0.0,0,0.0,94656940.0,47328470.0,2.0,0.0,25,5373481,7420.0,0.0,0,0,1,300000,7400.0,0.0,0,0,1,300000,7370.0,0.0,0,0,2,350000,7360.0,0.0,0,0,1,300000,7350.0,0.0,0,0,صف خرید,,,,,,,,,,,,,,,
44384450315448120,تاپکیشح,ح.تجارت الکترونیک پارسیان کیش,2026-10-04T09:26:57+03:30,1125.0,2.93,1125.0,2.93,1093.0,1121.0,1071.0,1125.0,50.0,10303058.0,11587035792.0,1125.0,1061,0.0,,1,72,سهم,رایانه و فعالیتهای وابسته به آن,بازار فرابورس,بازار دوم فرابورس,9.48,,0.0,4834000000.0,,47054942.0,1027.0,1094.0,1027.0,1550.0,2026-10-04,5438250000000.0,10303058.0,6,11590940250.0,0.0,0,0.0,10303058.0,30,11590940250.0,0.0,0,0.0,1931823375.0,386364675.0,5.0,0.0,13,7931099,1125.0,1222.0,100000,1,1,4555,1098.0,1284.0,100000,1,1,1000000,1097.0,1285.0,700000,3,1,10000,1095.0,1286.0,1100000,3,1,10000,1082.0,1304.0,4999,1,,,,,,,,,,,,,,,,
44494279919732388,ضذوب8030,اختیارخ ذوب-600-1405/08/20,2026-10-04T09:29:49+03:30,119.0,0.0,109.0,-8.4,119.0,119.0,102.0,119.0,130.0,36119.0,3929914000.0,100000.0,1,0.0,,1.0,27,اختیار معامله,,,,,,,,,,,,,,,,33085.0,32,3606265.0,2824.0,1,307816.0,11909.0,11,1298081.0,24000.0,1,2616000.0,112695.78125,118007.36363636365,0.955,2308184.0,1,749,120.0,123.0,5,1,1,122,119.0,128.0,250,1,1,310,118.0,129.0,520,2,1,895,117.0,130.0,1323,4,1,351,113.0,135.0,1050,2,,,,,,ذوب,71483646978964608,656,600,1000,1405/05/24,1405/08/20,38,خرید,898583,16575808000.0
44513683363984575,طملت8076,اختیارف وبملت-1600-1405/08/20,2026-10-04T09:12:30+03:30,197.0,0.0,197.0,0.0,197.0,197.0,197.0,197.0,1.0,20.0,3940000.0,100000.0,1,0.0,,1.0,57,اختیار معامله,,,,,,,,,,,,,,,,20.0,1,3940.0,0.0,0,0.0,20.0,1,3940.0,0.0,0,0.0,3940.0,3940.0,1.0,0.0,1,100,161.0,199.0,99,1,1,23,160.0,200.0,3,1,2,368,155.0,0.0,0,0,1,1000,151.0,0.0,0,0,1,135,140.0,0.0,0,0,,,,,,وبملت,778253364357513,1459,1600,1000,1405/05/24,1405/08/20,38,فروش,7842,29260000.0
44549439964296944,کالا,بورس کالای ایران,2026-10-04T09:29:45+03:30,12970.0,2.94,12910.0,2.46,12600.0,12870.0,12560.0,12970.0,1975.0,54842883.0,707937851710.0,12970.0,12230,885.0,14.6,1,67,سهم,فعالیتهای کمکی به نهادهای مالی واسط,بازار بورس,بازار اول (تابلوی اصلی) بورس,6.35,885.0,0.0,62000000000.0,94.0,129811182.0,11910.0,12620.0,6380.0,12620.0,2026-10-04,800420000000000.0,45047116.0,534,581558267560.0,9770767.0,9,126140601970.0,39610014.0,507,511365280740.0,15207869.0,10,196333588790.0,1089060426.142322,1008610021.183432,1.08,70192986820.0,509,43949049,12970.0,0.0,0,0,10,70591,12960.0,0.0,0,0,5,239769,12950.0,0.0,0,0,1,7699,12940.0,0.0,0,0,3,111200,12910.0,0.0,0,0,صف خرید,,,,,,,,,,,,,,,
44558786393585356,ثابت اکسیژن,ص.س.درآمد ثابت اکسیژن-د,2026-10-04T09:26:44+03:30,19815.0,0.12,19815.0,0.12,19791.0,19815.0,19815.0,19816.0,18.0,235133.0,4659161295.0,20384.0,19198,0.0,,1,68,صندوق,صندوق سرمایه گذاری قابل معامله,بازار فرابورس,بازار ابزارهاي نوين مالي فرابورس,1067.75,,0.0,500000000.0,,16822931.0,19742.0,19792.0,14344.0,19792.0,2026-10-04,9907500000000.0,6444.0,6,127687860.0,228689.0,1,4531472535.0,235133.0,13,4659160395.0,0.0,0,0.0,21281310.0,358396953.4615385,0.059,-4531472535.0,2,39772027,19815.0,19816.0,20284909,4,1,1000000,19814.0,19817.0,200000,1,1,1000000,19813.0,19818.0,200000,1,1,1000000,19812.0,19819.0,200000,1,1,1000000,19811.0,19820.0,200000,1,,19791.0,19809.0,2026-10-04T09:25:19+03:30,0.12,,,,,,,,,,,
44604318643489231,بیدار,صندوق س سهامی بیدار-اهرمی,2026-10-04T09:29:49+03:30,64983.0,3.4,63548.0,1.11,62848.0,62800.0,61611.0,65354.0,3888.0,53929128.0,3427087309666.0,65361.0,60335,0.0,,1,68,صندوق,صندوق سرمایه گذاری قابل معامله,بازار بورس,بازار صندوق های قابل معامله,0.0,,0.0,3000000000.0,,75269085.0,57974.0,62969.0,13190.0,65138.0,2026-10-04,190644000000000.0,50873087.0,1137,3232882932676.0,3012834.0,8,191459575032.0,52687183.0,814,3348165105284.0,1198738.0,8,76177402424.0,2843344707.718558,4113224945.066339,0.691,-115282172608.0,1,75111,64900.0,65000.0,40006,3,3,2154,64886.0,65100.0,30000,1,4,156650,64885.0,65110.0,112,1,5,17072,64884.0,65219.0,10000,1,1,903,64883.0,65220.0,100000,1,,79057.0,80539.0,2026-10-04T09:26:04+03:30,-19.62,,,,,,,,,,,
44625249840480397,حآسا,آسیا سیر ارس,2026-10-04T09:29:11+03:30,4440.0,-1.55,4410.0,-2.22,4510.0,4440.0,4390.0,4440.0,41.0,742832.0,3276795950.0,4640.0,4380,152.0,29.0,1,60,سهم,حمل ونقل، انبارداری و ارتباطات,بازار فرابورس,بازار اول فرابورس,7.84,152.0,0.0,3800000000.0,,10069938.0,4470.0,4730.0,2987.0,5240.0,2026-10-04,16758000000000.0,675649.0,15,2979612090.0,67183.0,1,296277030.0,742832.0,18,3275889120.0,0.0,0,0.0,198640806.00000003,181993840.0,1.091,-296277030.0,2,2387,4440.0,4460.0,2086,1,2,3872,4430.0,4480.0,69154,1,1,9834,4420.0,4500.0,15414,2,2,38000,4390.0,4540.0,4506,2,18,474944,4380.0,4580.0,305000,2,,,,,,,,,,,,,,,,
44665761767777759,گکیش,توریستی ورفاهی آبادگران کیش,2026-10-04T09:26:33+03:30,9590.0,-2.94,9590.0,-2.94,9880.0,9590.0,9590.0,9600.0,14.0,120705.0,1157616500.0,10170.0,9590,60.0,159.8,1,55,سهم,هتل و رستوران,بازار پایه فرابورس,بازار پایه زرد فرابورس,0.0,60.0,0.0,409600000.0,,1943788.0,9860.0,10460.0,5560.0,10480.0,2026-10-04,3928064000000.0,120705.0,8,1157560950.0,0.0,0,0.0,66181.0,4,634675790.0,54524.0,1,522885160.0,144695118.75,158668947.5,0.912,522885160.0,0,0,0.0,9590.0,630772,8,0,0,0.0,9860.0,550,1,0,0,0.0,9890.0,3531,1,0,0,0.0,10100.0,25000,1,0,0,0.0,10150.0,15600,1,صف فروش,,,,,,,,,,,,,,,
44846320603450383,فروسیل,فروسیلیسیم خمین,2026-10-04T09:29:25+03:30,15580.0,-1.45,15430.0,-2.4,15810.0,15780.0,15340.0,15780.0,125.0,1653842.0,25524214270.0,16280.0,15340,1620.0,9.5,1,27,سهم,فلزات اساسی,بازار فرابورس,بازار دوم فرابورس,8.66,1620.0,9560.562,1600000000.0,,6560580.0,14650.0,16300.0,6600.0,16460.0,2026-10-04,24688000000000.0,1499113.0,45,23131313590.0,154729.0,1,2387468470.0,1593139.0,27,24582134770.0,60703.0,1,936647290.0,514029190.88888884,910449435.9259259,0.565,-1450821180.0,1,40508,15630.0,15670.0,1200,1,1,4912,15590.0,15680.0,1000,1,1,3500,15550.0,15690.0,20000,1,1,323,15540.0,15700.0,20000,1,1,22000,15510.0,15720.0,15000,1,,,,,,,,,,,,,,,,
44850033148208596,غچین,کشت و صنعت چین چین,2026-10-04T09:28:58+03:30,5280.0,2.33,5190.0,0.58,5160.0,5290.0,5020.0,5300.0,123.0,4310401.0,22379978190.0,5310.0,5010,682.0,7.6,1,42,سهم,محصولات غذایی و آشامیدنی به جز قند و شکر,بازار بورس,بازار دوم (تابلوی فرعی) بورس,9.48,682.0,7037.2607,4500000000.0,40.0,19841014.0,4900.0,5260.0,2251.0,5260.0,2026-10-04,23355000000000.0,4127401.0,39,21421211190.0,183000.0,1,949770000.0,3838650.0,58,19922593500.0,471751.0,1,2448387690.0,549261825.3846154,343492991.37931037,1.599,1498617690.0,1,34807,5270.0,5280.0,56000,3,3,252072,5250.0,5290.0,600000,2,1,100000,5200.0,5300.0,495060,7,1,183000,5190.0,5310.0,2408555,41,2,305000,5160.0,0.0,0,0,,,,,,,,,,,,,,,,
44868747354952121,ضخود8061,اختیارخ خودرو-700-1405/08/06,2026-10-04T09:29:48+03:30,91.0,9.64,84.0,1.2,83.0,82.0,74.0,93.0,5251.0,2257797.0,189747456000.0,100000.0,1,0.0,,1.0,34,اختیار معامله,,,,,,,,,,,,,,,,2238560.0,447,188039040.0,8569.0,2,719796.0,2218827.0,368,186381468.0,28302.0,3,2377368.0,420668.9932885906,506471.3804347826,0.831,1657572.0,24,19894,90.0,91.0,8030,9,28,25251,89.0,92.0,28155,38,8,7555,88.0,93.0,15779,24,15,10134,87.0,94.0,14806,22,15,13740,86.0,95.0,17863,29,,,,,,خودرو,65883838195688438,716,700,1000,1405/05/10,1405/08/06,24,خرید,13861918,1436384784000.0
44891482026867833,خساپا,سایپا,2026-10-04T09:29:48+03:30,706.0,2.62,686.0,-0.29,688.0,675.0,668.0,706.0,3979.0,1510902442.0,1036827090588.0,708.0,668,-154.0,-4.5,1,34,سهم,خودرو و ساخت قطعات,بازار بورس,بازار دوم (تابلوی فرعی) بورس,-24.01,-154.0,453.02325,1621144826000.0,20.0,5961802761.0,666.0,713.0,415.0,788.0,2026-10-04,1112105350636000.0,1428497216.0,1152,979949090176.0,46494260.0,5,31895062360.0,1188862295.0,977,815559534370.0,286129181.0,4,196284618166.0,850650251.888889,834758991.1668372,1.019,164389555806.0,1,10000,706.0,707.0,78813251,76,8,4499567,705.0,708.0,548328210,535,14,3008596,704.0,710.0,1614444,3,17,18779509,703.0,711.0,25000,1,9,5418685,702.0,712.0,7100,1,,,,,,,,,,,,,,,,
44912513668081584,ضستا8049,اختیارخ شستا-1600-1405/08/13,2026-10-04T09:18:44+03:30,2140.0,3.93,2140.0,3.93,2059.0,2140.0,2140.0,2140.0,2.0,10.0,21400000.0,100000.0,1,0.0,,1.0,39,اختیار معامله,,,,,,,,,,,,,,,,10.0,1,21400.0,0.0,0,0.0,10.0,2,21400.0,0.0,0,0.0,21400.0,10700.0,2.0,0.0,3,251,1980.0,2349.0,20,1,1,100,1820.0,2350.0,75,1,1,9,299.0,2400.0,50,1,1,25,25.0,2600.0,75,1,1,100,1.0,2720.0,55,2,,,,,,شستا,2400322364771558,3580,1600,1000,1405/05/17,1405/08/13,31,خرید,15541,3570000.0
44967158778304588,قثابت,قند ثابت خراسان,2026-10-04T09:29:03+03:30,4200.0,2.94,4200.0,2.94,4080.0,4190.0,4080.0,4200.0,318.0,15037150.0,63084394720.0,4200.0,3960,150.0,28.0,1,38,سهم,قند و شکر,بازار بورس,بازار دوم (تابلوی فرعی) بورس,9.86,150.0,2475.314,6462809000.0,74.0,29019151.0,3760.0,4120.0,1650.0,4470.0,2026-10-04,27143797800000.0,15037150.0,42,63156030000.0,0.0,0,0.0,14737150.0,136,61896030000.0,300000.0,1,1260000000.0,1503715000.0,455117867.6470588,3.304,1260000000.0,26,2755334,4200.0,4230.0,10000,1,1,71654,4170.0,4260.0,6974,2,2,190090,4160.0,4320.0,29000,2,2,193440,4150.0,4340.0,3000,1,2,2526,4100.0,4350.0,29774,6,,,,,,,,,,,,,,,,
45050389997905274,وسینا,بانک سینا,2026-10-04T09:27:44+03:30,3280.0,-2.67,3280.0,-2.67,3370.0,3390.0,3270.0,3390.0,211.0,19267812.0,63224743720.0,3470.0,3270,584.0,5.6,1,57,سهم,بانکها و موسسات اعتباری,بازار بورس,بازار اول (تابلوی اصلی) بورس,5.22,584.0,0.0,78134333000.0,26.0,158826173.0,3300.0,3500.0,1911.0,3705.0,2026-10-04,256280612240000.0,3519688.0,60,11544576640.0,15748124.0,4,51653846720.0,10967812.0,31,35974423360.0,8300000.0,2,27224000000.0,192409610.66666666,1160465269.6774194,0.166,-24429846720.0,3,155000,3300.0,3310.0,487922,4,5,1186628,3280.0,3320.0,300000,1,10,1392646,3270.0,3330.0,300000,1,1,3000,3180.0,3340.0,565180,1,0,0,0.0,3350.0,145049,1,,,,,,,,,,,,,,,,
45066064863062755,ثنظام,س. ساختمانی نظام مهندسی ایران,2026-10-04T09:09:37+03:30,77510.0,2.99,77510.0,2.99,75260.0,77510.0,77510.0,77510.0,5.0,9260.0,717742600.0,77510.0,73010,-469.0,-165.3,1,70,سهم,انبوه سازی، املاک و مستغلات,بازار پایه فرابورس,بازار پایه زرد فرابورس,0.0,-469.0,0.0,74530360.0,,104170.0,71000.0,75260.0,45150.0,83500.0,2026-10-04,5776848203600.0,9260.0,3,717742600.0,0.0,0,0.0,9260.0,3,717742600.0,0.0,0,0.0,239247533.3333333,239247533.3333333,1.0,0.0,2,3000,75260.0,76510.0,601,1,1,5000,74000.0,77500.0,400,2,1,716,73010.0,77510.0,15929,5,0,0,0.0,0.0,0,0,0,0,0.0,0.0,0,0,,,,,,,,,,,,,,,,
45088067148320823,ضملی1000,اختیارخ فملی-16000-1405/10/09,2026-10-04T09:28:35+03:30,14672.0,-7.12,14872.0,-5.85,15796.0,15222.0,14000.0,15222.0,17.0,221.0,3286697000.0,100000.0,1,0.0,,1.0,27,اختیار معامله,,,,,,,,,,,,,,,,221.0,12,3286712.0,0.0,0,0.0,163.0,3,2424136.0,58.0,2,862576.0,273892.6666666667,808045.3333333334,0.339,862576.0,1,1,14300.0,14672.0,49,1,3,8,14250.0,16900.0,2,1,1,30,14201.0,17000.0,211,3,1,1,14200.0,0.0,0,0,2,100,14000.0,0.0,0,0,,,,,,فملی,35425587644337450,28740,16000,1000,1405/07/11,1405/10/09,87,خرید,463,6307400000.0
45163193710509637,طملت7043,اختیارف وبملت-1354-1405/07/22,2026-10-04T09:29:40+03:30,10.0,11.11,14.0,55.56,9.0,14.0,9.0,17.0,519.0,196686.0,2846157000.0,100000.0,1,0.0,,1.0,57,اختیار معامله,,,,,,,,,,,,,,,,168889.0,40,2364446.0,27051.0,3,378714.0,195940.0,50,2743160.0,0.0,0,0.0,59111.15000000001,54863.200000000004,1.077,-378714.0,5,4996,9.0,10.0,746,1,4,2149,8.0,11.0,8733,15,12,11050,7.0,12.0,7100,8,7,6500,6.0,13.0,300,1,8,8000,2.0,14.0,100,1,,,,,,وبملت,778253364357513,1459,1354,1000,1405/04/27,1405/07/22,10,فروش,1452302,270323520000.0
45174198424472334,ولساپا,لیزینگ رایان سایپا,2026-10-04T09:28:47+03:30,1745.0,2.95,1745.0,2.95,1695.0,1745.0,1745.0,1745.0,124.0,14749655.0,25738147975.0,1745.0,1645,335.0,5.2,1,58,سهم,سایر واسطه گریهای مالی,بازار بورس,بازار اول (تابلوی فرعی) بورس,10.84,335.0,0.0,19629000000.0,47.0,160484845.0,1566.0,1695.0,585.0,1695.0,2026-10-04,34252605000000.0,14749655.0,12,25738147975.0,0.0,0,0.0,14699655.0,90,25650897975.0,50000.0,1,87250000.0,2144845664.5833335,285009977.5,7.526,87250000.0,291,230948334,1745.0,0.0,0,0,2,6000,1740.0,0.0,0,0,2,1023000,1724.0,0.0,0,0,3,1220000,1700.0,0.0,0,0,7,543614,1695.0,0.0,0,0,صف خرید,,,,,,,,,,,,,,,
45205530868811305,صایند,صندوق س. گنجینه آینده روشن-د,2026-10-04T09:27:32+03:30,31266.0,0.12,31266.0,0.12,31228.0,31266.0,31266.0,31267.0,39.0,2657853.0,83100528216.0,32164.0,30292,0.0,,1,68,صندوق,صندوق سرمایه گذاری قابل معامله,بازار فرابورس,بازار ابزارهاي نوين مالي فرابورس,1067.75,,0.0,2000000000.0,,18827717.0,31146.0,31229.0,23024.0,31229.0,2026-10-04,62532000000000.0,433220.0,10,13545056520.0,2224633.0,1,69555375378.0,1049041.0,24,32799315906.0,1608812.0,2,50301115992.0,1354505652.0,1366638162.75,0.991,-19254259386.0,2,48733522,31266.0,31267.0,10014336,6,5,603878,31265.0,31268.0,100000,1,1,500000,31264.0,31269.0,100000,1,1,500000,31263.0,31270.0,100000,1,1,500000,31262.0,31271.0,100000,1,,30973.0,31004.0,2026-10-04T08:35:55+03:30,0.95,,,,,,,,,,,
45284811973404357,یارا,صندوق س. آریا-د,2026-10-04T09:26:12+03:30,36021.0,0.14,36021.0,0.14,35972.0,36022.0,36021.0,36022.0,40.0,952937.0,34326162311.0,37051.0,34893,0.0,,1,68,صندوق,صندوق سرمایه گذاری قابل معامله,بازار فرابورس,بازار ابزارهاي نوين مالي فرابورس,1067.75,,0.0,1000000000.0,,51616161.0,35860.0,36055.0,25998.0,36055.0,2026-10-04,36021000000000.0,731639.0,18,26354368419.0,221298.0,1,7971375258.0,937811.0,19,33780890031.0,15126.0,2,544853646.0,1464131578.8333333,1777941580.5789473,0.823,-7426521612.0,103,100000944,36021.0,36022.0,388874,2,1,100000,36020.0,36023.0,50000,1,1,100000,36019.0,36024.0,50000,1,1,100000,36018.0,36025.0,50000,1,1,100000,36017.0,36026.0,50000,1,,36732.0,36774.0,2026-10-04T09:25:40+03:30,-1.94,,,,,,,,,,,
45292762906823004,کلید,صندوق س خانه آگاه-املاک,2026-10-04T09:29:48+03:30,17639.0,1.99,17576.0,1.63,17294.0,17550.0,17461.0,17630.0,1169.0,20912754.0,367558901921.0,17812.0,16776,0.0,,1,68,صندوق,صندوق سرمایه گذاری قابل معامله,بازار بورس,بازار صندوق های قابل معامله,0.0,,0.0,462593307.0,,66514123.0,16600.0,17708.0,10220.0,18296.0,2026-10-04,8130539963832.0,20471961.0,258,359815186536.0,426772.0,2,7500944672.0,20642697.0,230,362816042472.0,256036.0,1,4500088736.0,1394632505.9534883,1577461054.2260869,0.884,-3000855936.0,4,76222,17639.0,17648.0,2258,1,3,130500,17638.0,17649.0,5246,3,2,23278,17631.0,17650.0,12335,2,1,60,17630.0,17657.0,12300,3,1,29361,17625.0,17658.0,30300,2,,17801.0,17804.0,2026-10-04T09:26:08+03:30,-1.26,,,,,,,,,,,
45353845483523901,کیانا,گروه مالی کیان,2026-10-04T09:29:00+03:30,7370.0,-2.64,7350.0,-2.91,7570.0,7500.0,7350.0,7500.0,83.0,1260399.0,9266018080.0,7790.0,7350,804.0,9.1,1,56,سهم,سرمایه گذاریها,بازار بورس,بازار دوم (تابلوی اصلی) بورس,7.54,804.0,0.0,10000000000.0,9.0,6759602.0,7380.0,7860.0,5520.0,20900.0,2026-10-04,73500000000000.0,1260399.0,34,9263932650.0,0.0,0,0.0,1260399.0,41,9263932650.0,0.0,0,0.0,272468607.35294116,225949576.8292683,1.206,0.0,4,291747,7370.0,7380.0,9850,6,1,300000,7360.0,7450.0,6574,2,18,1300838,7350.0,7490.0,4708,3,0,0,0.0,7500.0,46704,6,0,0,0.0,7570.0,1579,2,,,,,,,,,,,,,,,,
45381850756793927,ضذوب9034,اختیارخ ذوب-450-1405/09/18,2026-10-04T09:19:49+03:30,253.0,-7.66,255.0,-6.93,274.0,255.0,253.0,255.0,6.0,1099.0,280049000.0,100000.0,1,0.0,,1.0,27,اختیار معامله,,,,,,,,,,,,,,,,1099.0,2,280245.0,0.0,0,0.0,1099.0,2,280245.0,0.0,0,0.0,140122.5,140122.5,1.0,0.0,1,100,255.0,260.0,72,1,2,110,254.0,271.0,1,1,1,903,253.0,710.0,100,1,1,10,252.0,0.0,0,0,1,2,251.0,0.0,0,0,,,,,,ذوب,71483646978964608,656,450,1000,1405/06/21,1405/09/18,66,خرید,9475,657312000.0
45507655586782998,فجهان,جهان فولاد سیرجان,2026-10-04T09:29:29+03:30,3410.0,-2.29,3420.0,-2.01,3490.0,3560.0,3390.0,3560.0,443.0,27533222.0,94224800480.0,3590.0,3390,171.0,20.0,1,27,سهم,فلزات اساسی,بازار فرابورس,بازار دوم فرابورس,8.7,171.0,5307.2944,170000000000.0,,106699502.0,3160.0,3490.0,1451.0,3490.0,2026-10-04,581400000000000.0,17973846.0,135,61470553320.0,9559376.0,5,32693065920.0,20277826.0,122,69350164920.0,7255396.0,4,24813454320.0,455337432.0,568443974.7540984,0.801,-7879611600.0,1,51597,3420.0,3430.0,384912,3,3,297700,3410.0,3440.0,636469,4,10,979494,3400.0,3450.0,319061,2,12,1473039,3390.0,3460.0,35831,9,1,5000,3300.0,3470.0,307600,2,,,,,,,,,,,,,,,,
45518744711972166,غپآذر,شیر پگاه آذربایجان شرقی,2026-10-04T09:29:21+03:30,32280.0,2.7,31760.0,1.05,31430.0,31510.0,30500.0,32370.0,150.0,1197587.0,38039191770.0,32370.0,30490,3220.0,9.9,1,42,سهم,محصولات غذایی و آشامیدنی به جز قند و شکر,بازار فرابورس,بازار اول فرابورس,7.7,3220.0,77012.49,1000000000.0,,7512482.0,30320.0,33030.0,8800.0,33030.0,2026-10-04,31760000000000.0,1197587.0,34,38035363120.0,0.0,0,0.0,1197587.0,64,38035363120.0,0.0,0,0.0,1118687150.5882354,594302548.75,1.882,0.0,3,27928,32260.0,32280.0,7000,1,2,41660,32250.0,32350.0,30000,1,2,21540,32200.0,32360.0,187400,9,3,64020,32100.0,32370.0,219256,14,3,39849,32000.0,33030.0,315,2,,,,,,,,,,,,,,,,
45519261544951819,سپید,سپید ماکیان,2026-10-04T09:29:48+03:30,46930.0,-1.74,46450.0,-2.74,47760.0,48050.0,46330.0,48050.0,1319.0,8175876.0,379747334630.0,49190.0,46330,9010.0,5.2,1,01,سهم,زراعت و خدمات وابسته,بازار بورس,بازار دوم (تابلوی اصلی) بورس,6.8,9010.0,47367.195,9000000000.0,31.0,25063839.0,45800.0,48580.0,6620.0,50220.0,2026-10-04,418050000000000.0,6637950.0,446,308332777500.0,1537168.0,8,71401453600.0,6963474.0,240,323453367300.0,1211644.0,3,56280863800.0,691329097.5336323,1347722363.75,0.513,-15120589800.0,1,8475,46900.0,46930.0,56065,3,4,51200,46800.0,47000.0,26000,2,4,50500,46570.0,47400.0,30000,1,4,90300,46420.0,47500.0,6157,5,6,97146,46410.0,47520.0,670,2,,,,,,,,,,,,,,,,
45608932669358493,کایتا,ایتالران,2026-10-04T09:00:42+03:30,16760.0,2.76,16760.0,2.76,16310.0,16760.0,16760.0,16760.0,1.0,3000.0,50280000.0,16790.0,15830,-120.0,-139.7,1,54,سهم,سایر محصولات کانی غیرفلزی,بازار پایه فرابورس,بازار پایه زرد فرابورس,0.0,-120.0,0.026369222,492999000.0,,524038.0,15810.0,16990.0,11860.0,27000.0,2026-10-04,8262663240000.0,3000.0,1,50280000.0,0.0,0,0.0,3000.0,1,50280000.0,0.0,0,0.0,50280000.0,50280000.0,1.0,0.0,1,6000,15860.0,16540.0,7089,2,1,6286,15850.0,16550.0,41058,3,1,5390,15840.0,16570.0,6250,3,1,3400,15830.0,16580.0,9600,2,0,0,0.0,16590.0,900,1,,,,,,,,,,,,,,,,
45641540066710190,لکما,کارخانجاتمخابراتیایران,2026-10-04T09:29:22+03:30,1484.0,1.23,1490.0,1.64,1466.0,1495.0,1480.0,1495.0,88.0,12476590.0,18608304719.0,1495.0,1437,-152.0,-9.8,13396449,32,سهم,ساخت دستگاهها و وسایل ارتباطی,بازار پایه فرابورس,بازار پایه نارنجی فرابورس,0.0,-152.0,0.0,9095450000.0,,33678961.0,1350.0,1441.0,946.0,1615.0,2026-10-03,13552220500000.0,8429435.0,32,12559858150.0,4047155.0,1,6030260950.0,12476590.0,44,18590119100.0,0.0,0,0.0,392495567.1875,422502706.8181818,0.929,-6030260950.0,1,345597,1484.0,1490.0,118723,1,1,297832,1483.0,1493.0,29599,1,1,500000,1482.0,1494.0,1945675,3,1,35000,1481.0,1495.0,1521000,9,4,1064846,1480.0,0.0,0,0,,,,,,,,,,,,,,,,
45698969022602734,ضصاد7045,اختیارخ وبصادر-900-1405/07/22,2026-10-04T09:29:40+03:30,56.0,-15.15,55.0,-16.67,66.0,56.0,50.0,62.0,68.0,18196.0,1007379000.0,100000.0,1,0.0,,1.0,57,اختیار معامله,,,,,,,,,,,,,,,,18096.0,26,995280.0,0.0,0,0.0,11296.0,18,621280.0,6800.0,2,374000.0,38280.0,34515.555555555555,1.109,374000.0,1,900,56.0,61.0,653,2,1,100,54.0,62.0,1100,2,1,149,53.0,64.0,1000,1,2,1050,52.0,65.0,100,1,2,1020,51.0,74.0,1000,1,,,,,,وبصادر,28320293733348826,909,900,1000,1405/03/23,1405/07/22,10,خرید,1712763,14385834000.0
45728383369147894,امین یکم,صندوق درآمد ثابت امین یکم فردا,2026-10-04T09:29:41+03:30,10100.0,0.11,10100.0,0.11,10089.0,10103.0,10100.0,10104.0,75.0,8073435.0,81544827739.0,10391.0,9787,0.0,,1,68,صندوق,صندوق سرمایه گذاری قابل معامله,بازار بورس,بازار صندوق های قابل معامله,0.0,,0.0,10000000000.0,,50736008.0,10062.0,10090.0,10011.0,10305.0,2026-10-04,101000000000000.0,1551859.0,16,15673775900.0,6511576.0,1,65766917600.0,7288075.0,25,73609557500.0,775360.0,1,7831136000.0,979610993.75,2944382300.0,0.333,-57935781600.0,1,63945140,10100.0,10101.0,23810621,10,1,1000000,10099.0,10102.0,1000000,1,1,1000000,10098.0,10103.0,1000000,1,1,1000000,10097.0,10104.0,1099900,2,1,1000000,10096.0,10150.0,1000000,1,,10107.0,10126.0,2026-10-04T09:26:06+03:30,-0.07,,,,,,,,,,,
45895339414786358,خرینگ,رینگسازیمشهد,2026-10-04T09:27:30+03:30,20160.0,2.96,20140.0,2.86,19580.0,20160.0,19630.0,20160.0,201.0,3235199.0,65169856290.0,20160.0,19000,1668.0,12.1,1,34,سهم,خودرو و ساخت قطعات,بازار بورس,بازار دوم (تابلوی اصلی) بورس,-24.06,1668.0,71603.26,1000000000.0,49.0,9076769.0,17900.0,19030.0,8570.0,19030.0,2026-10-03,20140000000000.0,3235199.0,65,65156907860.0,0.0,0,0.0,3235199.0,84,65156907860.0,0.0,0,0.0,1002413967.0769231,775677474.5238096,1.292,0.0,53,3042139,20160.0,0.0,0,0,1,1666,20150.0,0.0,0,0,1,1949,20140.0,0.0,0,0,1,300,20050.0,0.0,0,0,3,7250,20040.0,0.0,0,0,صف خرید,,,,,,,,,,,,,,,
45974530040682688,طملت7041,اختیارف وبملت-1154-1405/07/22,2026-10-04T09:28:23+03:30,1.0,-50.0,2.0,0.0,2.0,2.0,1.0,2.0,23.0,10379.0,19379000.0,100000.0,1,0.0,,1.0,57,اختیار معامله,,,,,,,,,,,,,,,,10379.0,3,20758.0,0.0,0,0.0,10379.0,5,20758.0,0.0,0,0.0,6919.333333333333,4151.6,1.667,0.0,15,14244,1.0,2.0,2064,3,0,0,0.0,5.0,1230,2,0,0,0.0,6.0,10334,11,0,0,0.0,7.0,4000,4,0,0,0.0,0.0,0,0,,,,,,وبملت,778253364357513,1459,1154,1000,1405/04/27,1405/07/22,10,فروش,94707,15050934000.0
45991797190214892,وآفر,سرمایه گذاری ارزش آفرینان,2026-10-04T09:27:40+03:30,12700.0,-0.16,12390.0,-2.59,12720.0,12350.0,12340.0,12700.0,14.0,174974.0,2168273100.0,13100.0,12340,369.0,33.6,1,56,سهم,سرمایه گذاریها,بازار پایه فرابورس,بازار پایه زرد فرابورس,0.0,369.0,0.0,300000000.0,,2149186.0,12020.0,13160.0,8960.0,16000.0,2026-10-03,3717000000000.0,174974.0,12,2167927860.0,0.0,0,0.0,174974.0,7,2167927860.0,0.0,0,0.0,180660655.0,309703980.0,0.583,0.0,1,7000,12450.0,12700.0,24030,1,3,23721,12410.0,12710.0,100000,1,2,13574,12400.0,12990.0,5000,1,1,100000,12350.0,13000.0,66500,2,7,437208,12340.0,13050.0,25000,2,,,,,,,,,,,,,,,,
46178280540110577,بفجر,فجر انرژی خلیج فارس,2026-10-04T09:29:49+03:30,11000.0,-2.91,11010.0,-2.82,11330.0,11020.0,11000.0,11140.0,380.0,7652383.0,84227054340.0,11660.0,11000,1802.0,6.1,1,40,سهم,عرضه برق، گاز، بخاروآب گرم,بازار بورس,بازار اول (تابلوی اصلی) بورس,6.91,1802.0,10374.2705,39000000000.0,20.0,68895837.0,10580.0,11640.0,10210.0,17870.0,2026-10-04,429390000000000.0,6504279.0,180,71612111790.0,874457.0,2,9627771570.0,5810063.0,51,63968793630.0,1568673.0,1,17271089730.0,397845065.5,1254290071.1764705,0.317,7643318160.0,4,5783,10980.0,11000.0,9670998,135,0,0,0.0,11010.0,270000,3,0,0,0.0,11020.0,493,1,0,0,0.0,11150.0,47100,4,0,0,0.0,11190.0,457,1,,,,,,,,,,,,,,,,
46348559193224090,فولاد,فولاد مبارکه اصفهان,2026-10-04T09:29:48+03:30,3800.0,2.43,3720.0,0.27,3710.0,3680.0,3600.0,3810.0,12365.0,998136118.0,3715694127320.0,3820.0,3600,518.0,7.2,1,27,سهم,فلزات اساسی,بازار بورس,بازار اول (تابلوی اصلی) بورس,15.14,518.0,2337.756,1935000000000.0,36.0,3797874757.0,3450.0,3720.0,2182.0,4490.0,2026-10-04,7198200000000000.0,655534978.0,3078,2438590118160.0,340715928.0,31,1267463252160.0,948190546.0,2242,3527268831120.0,48060360.0,10,178784539200.0,792264495.82846,1573268880.9634254,0.504,-1088678712960.0,64,7589697,3790.0,3800.0,13671208,55,25,1585821,3780.0,3810.0,43731888,205,25,2750445,3770.0,3820.0,215208480,1346,58,10059245,3760.0,0.0,0,0,89,17358161,3750.0,0.0,0,0,,,,,,,,,,,,,,,,
46481192414892028,ضملت7043,اختیارخ وبملت-1354-1405/07/22,2026-10-04T09:29:41+03:30,163.0,-9.44,156.0,-13.33,180.0,152.0,145.0,170.0,641.0,201469.0,31413184000.0,100000.0,1,0.0,,1.0,57,اختیار معامله,,,,,,,,,,,,,,,,201263.0,93,31397028.0,0.0,0,0.0,172212.0,67,26865072.0,29051.0,4,4531956.0,337602.4516129032,400971.22388059704,0.842,4531956.0,7,5358,163.0,165.0,1409,2,2,266,162.0,167.0,100,1,3,1111,161.0,168.0,400,1,3,1918,159.0,170.0,978,2,2,190,158.0,173.0,235,2,,,,,,وبملت,778253364357513,1459,1354,1000,1405/04/27,1405/07/22,10,خرید,6303936,271430901000.0
46741025610365786,سمگا,گروه سرمایه گذاری میراث فرهنگی,2026-10-04T09:29:52+03:30,4340.0,0.46,4210.0,-2.55,4320.0,4300.0,4200.0,4350.0,1140.0,93527851.0,393961069780.0,4440.0,4200,1002.0,4.2,1,55,سهم,هتل و رستوران,بازار فرابورس,بازار دوم فرابورس,5.16,1002.0,0.0,25000000000.0,,169779464.0,4130.0,4370.0,2522.0,4370.0,2026-10-04,105250000000000.0,84642285.0,300,356344019850.0,6900000.0,2,29049000000.0,85105663.0,190,358294841230.0,6436622.0,4,27098178620.0,1187813399.5,1885762322.2631578,0.63,-1950821380.0,2,476931,4290.0,4330.0,100000,1,5,618552,4280.0,4340.0,1435800,7,4,418000,4270.0,4350.0,300484,3,6,512322,4250.0,4360.0,951628,5,7,434180,4240.0,4370.0,1835000,8,,,,,,,,,,,,,,,,
46752599569017089,بترانس,ایران ترانسفو,2026-10-04T09:29:48+03:30,3790.0,0.53,3750.0,-0.53,3770.0,3780.0,3720.0,3800.0,554.0,32318351.0,121300288390.0,3880.0,3660,747.0,5.0,1,31,سهم,ماشین آلات و دستگاههای برقی,بازار بورس,بازار اول (تابلوی فرعی) بورس,6.37,747.0,2539.1133,90000000000.0,31.0,293432741.0,3560.0,3730.0,2159.0,3820.0,2026-10-03,337500000000000.0,19822468.0,140,74334255000.0,11895883.0,8,44609561250.0,26732580.0,169,100247175000.0,4985771.0,3,18696641250.0,530958964.28571427,593178550.295858,0.895,-25912920000.0,3,495390,3760.0,3790.0,236006,3,4,244414,3750.0,3800.0,2418244,14,9,1006612,3740.0,3810.0,601400,4,10,1638267,3730.0,3820.0,296395,6,8,226000,3720.0,3830.0,56014,6,,,,,,,,,,,,,,,,
46801030346547943,دقاضی,داروسازی شهید قاضی,2026-10-04T09:29:51+03:30,25220.0,0.12,24900.0,-1.15,25190.0,25200.0,24440.0,25800.0,507.0,5431476.0,135252934590.0,25940.0,24440,2413.0,10.3,1,43,سهم,مواد و محصولات دارویی,بازار فرابورس,بازار دوم فرابورس,10.27,2413.0,7390.404,10390000000.0,,12734760.0,24140.0,25620.0,6350.0,25620.0,2026-10-04,258711000000000.0,3652132.0,194,90938086800.0,1750402.0,3,43585009800.0,5197584.0,158,129419841600.0,204950.0,3,5103255000.0,468753024.7422681,819112921.5189873,0.572,-38481754800.0,2,7811,25220.0,25390.0,21429,1,8,140397,25200.0,25600.0,11007,1,1,58630,25190.0,25610.0,51950,1,3,12894,25100.0,25680.0,31400,1,1,490,25090.0,25700.0,54588,1,,,,,,,,,,,,,,,,
46878429508891351,نخریس,نخریسی و نساجی خسروی خراسان,2026-10-04T09:29:49+03:30,25830.0,-2.93,25820.0,-2.97,26610.0,26060.0,25820.0,26060.0,152.0,1585621.0,40948066870.0,27400.0,25820,2027.0,12.7,1,17,سهم,منسوجات,بازار فرابورس,بازار دوم فرابورس,15.63,2027.0,16217.654,1300000000.0,,4420560.0,24670.0,26170.0,11320.0,26170.0,2026-10-03,33566000000000.0,1084374.0,33,27998536680.0,500247.0,4,12916377540.0,1584621.0,82,40914914220.0,0.0,0,0.0,848440505.4545455,498962368.5365854,1.7,-12916377540.0,1,362,25830.0,25840.0,7135,4,9,340291,25820.0,25950.0,238,2,1,1000,22880.0,25980.0,10113,2,1,700,13800.0,25990.0,119,1,0,0,0.0,26000.0,57684,1,,,,,,,,,,,,,,,,
46918165794045813,سیمانا,صندوق س صنایع دایا2-بخشی,2026-10-04T09:29:23+03:30,41480.0,-0.52,41370.0,-0.79,41698.0,41590.0,41100.0,41600.0,42.0,140597.0,5816477960.0,42948.0,40448,0.0,,1,68,صندوق,صندوق سرمایه گذاری قابل معامله,بازار بورس,بازار صندوق های قابل معامله,0.0,,11737.811,1000000000.0,,4617607.0,40310.0,42452.0,18598.0,43249.0,2026-10-03,41370000000000.0,54513.0,15,2255202810.0,86084.0,1,3561295080.0,138850.0,18,5744224500.0,1747.0,1,72273390.0,150346854.0,319123583.3333333,0.471,-3489021690.0,1,1526,41480.0,41590.0,5000,1,1,27622,41200.0,41600.0,50661,3,2,64000,41190.0,41610.0,14555,1,1,47777,41180.0,41620.0,82000,2,1,47777,41170.0,41630.0,43777,2,,41246.0,41667.0,2026-10-04T09:26:03+03:30,0.3,,,,,,,,,,,
46934177065273437,محتشم,نساجی هدیه البرز مشهد,2026-10-04T09:29:31+03:30,18220.0,3.0,18130.0,2.49,17690.0,18000.0,17750.0,18220.0,385.0,10022425.0,181657853490.0,18220.0,17160,1926.0,9.4,1,17,سهم,منسوجات,بازار بورس,بازار دوم (تابلوی اصلی) بورس,8.31,1926.0,6004.679,9000000000.0,19.0,34499297.0,16400.0,17250.0,8540.0,45890.0,2026-10-03,163170000000000.0,8769968.0,81,158999519840.0,1252457.0,3,22707045410.0,9782957.0,134,177365010410.0,239468.0,1,4341554840.0,1962957035.0617285,1323619480.6716418,1.483,-18365490570.0,433,38632752,18220.0,0.0,0,0,1,1000,18190.0,0.0,0,0,1,1000,18180.0,0.0,0,0,1,401,18130.0,0.0,0,0,1,1000,18120.0,0.0,0,0,صف خرید,,,,,,,,,,,,,,,
47026464823464687,ومهان,گروه توسعه مالی مهرآیندگان,2026-10-04T09:29:49+03:30,6000.0,0.5,6030.0,1.01,5970.0,6100.0,5970.0,6100.0,493.0,13523742.0,81584734640.0,6140.0,5800,532.0,11.3,1,56,سهم,سرمایه گذاریها,بازار بورس,بازار دوم (تابلوی اصلی) بورس,7.58,532.0,0.0,90000000000.0,10.0,80555650.0,5510.0,5820.0,5050.0,8870.0,2026-10-03,542700000000000.0,11749747.0,153,70850974410.0,1435000.0,1,8653050000.0,12914747.0,140,77875924410.0,270000.0,1,1628100000.0,463078264.11764705,556256602.9285715,0.832,-7024950000.0,9,579990,5990.0,6000.0,15875,2,3,311974,5980.0,6030.0,100341,6,15,463931,5970.0,6040.0,1648869,7,2,101000,5960.0,6050.0,117612,5,4,66500,5950.0,6070.0,185000,1,,,,,,,,,,,,,,,,
47041178375616159,ضسپا7034,اختیارخ خساپا-900-1405/07/29,2026-10-04T09:29:40+03:30,5.0,-16.67,5.0,-16.67,6.0,6.0,4.0,6.0,212.0,98764.0,458992000.0,100000.0,1,0.0,,1.0,34,اختیار معامله,,,,,,,,,,,,,,,,96064.0,23,480320.0,1000.0,1,5000.0,82993.0,11,414965.0,14071.0,1,70355.0,20883.478260869564,37724.09090909091,0.554,65355.0,25,22898,5.0,6.0,47500,48,43,41195,4.0,7.0,7513,9,82,82000,3.0,8.0,3018,4,95,95000,2.0,9.0,3000,3,216,211702,1.0,10.0,4000,4,,,,,,خساپا,44891482026867833,686,900,1000,1405/06/18,1405/07/29,17,خرید,2604643,63116030000.0
47041908051542008,هم وزن,صندوق س. شاخصی کیان-س,2026-10-04T09:29:45+03:30,46340.0,-1.29,45671.0,-2.71,46945.0,46991.0,45542.0,46991.0,164.0,1512130.0,69061030146.0,48353.0,45537,0.0,,1,68,صندوق,صندوق سرمایه گذاری قابل معامله,بازار فرابورس,بازار ابزارهاي نوين مالي فرابورس,1086.56,,0.0,2000000000.0,,7487402.0,44600.0,47184.0,18145.0,47184.0,2026-10-03,91342000000000.0,1344020.0,62,61382737420.0,166333.0,2,7596594443.0,1282806.0,49,58587032826.0,227547.0,2,10392299037.0,990044151.9354839,1195653731.142857,0.828,2795704594.0,4,5796,46340.0,46352.0,2482,1,1,100,46032.0,46370.0,500,1,1,100,46023.0,46575.0,100000,1,1,100,46022.0,46576.0,55000,2,1,100,46021.0,46580.0,505190,1,,46626.0,47100.0,2026-10-04T09:26:24+03:30,-2.05,,,,,,,,,,,
47101579271117172,گنجینه,صندوق س. گنجینه داریوش-د,2026-10-04T09:14:26+03:30,21869.0,0.12,21869.0,0.12,21843.0,21868.0,21868.0,21869.0,2.0,260968.0,5707044984.0,22498.0,21188,0.0,,1,68,صندوق,صندوق سرمایه گذاری قابل معامله,بازار فرابورس,بازار ابزارهاي نوين مالي فرابورس,1067.75,,0.0,1000000000.0,,52052005.0,21788.0,21844.0,16260.0,21844.0,2026-10-04,21869000000000.0,0.0,0,0.0,260968.0,2,5707109192.0,64208.0,1,1404164752.0,196760.0,1,4302944440.0,,1404164752.0,,-1404164752.0,3,29937982,21868.0,21869.0,2803240,1,1,100000,21867.0,21870.0,10000,1,1,100000,21866.0,21871.0,10000,1,1,100000,21865.0,21872.0,10000,1,1,100000,21864.0,21873.0,10000,1,,21868.0,21887.0,2026-10-04T09:25:42+03:30,0.0,,,,,,,,,,,
47125023640770480,صنم,ص.س.صندوق در صندوق صنم,2026-10-04T09:29:42+03:30,57501.0,1.77,57582.0,1.91,56501.0,57648.0,55130.0,58195.0,385.0,6923238.0,398651738570.0,58196.0,54806,0.0,,1,68,صندوق,صندوق سرمایه گذاری قابل معامله,بازار فرابورس,-',1086.56,,0.0,500000000.0,,10224690.0,53000.0,56785.0,21800.0,58090.0,2026-10-03,28791000000000.0,868347.0,66,50001156954.0,6014891.0,2,346349453562.0,6702106.0,141,385920667692.0,181132.0,1,10429942824.0,757593287.1818182,2737026012.0,0.277,-335919510738.0,1,113,57500.0,58157.0,188839,1,1,10000,57420.0,58158.0,30000,1,1,20000,57408.0,58165.0,10000,1,1,5000,57407.0,58175.0,100000,1,2,63018,57404.0,58180.0,23122,1,,60523.0,60781.0,2026-10-04T09:25:11+03:30,-4.86,,,,,,,,,,,
47232550823972469,وتوکا,سرمایهگذاریتوکافولاد(هلدینگ,2026-10-04T09:29:40+03:30,3780.0,-2.33,3790.0,-2.07,3870.0,3950.0,3760.0,3950.0,373.0,34477085.0,130733121540.0,3980.0,3760,724.0,5.2,1,27,سهم,فلزات اساسی,بازار بورس,بازار اول (تابلوی اصلی) بورس,15.06,724.0,0.0,20150000000.0,31.0,96347451.0,3520.0,3780.0,1901.0,4010.0,2026-10-03,76368500000000.0,28377297.0,82,107549955630.0,6084268.0,3,23059375720.0,24365531.0,61,92345362490.0,10096034.0,2,38263968860.0,1311584824.7560976,1513858401.4754097,0.866,15204593140.0,2,63695,3780.0,3800.0,15000,1,1,10000,3770.0,3830.0,302000,2,6,243632,3760.0,3840.0,140324,1,1,5000,3280.0,3850.0,140538,2,0,0,0.0,3870.0,10000,1,,,,,,,,,,,,,,,,
47302318535715632,ونوین,بانکاقتصادنوین,2026-10-04T09:29:46+03:30,3790.0,-2.57,3780.0,-2.83,3890.0,3820.0,3780.0,3860.0,1973.0,187070511.0,707385239230.0,4000.0,3780,711.0,5.3,1,57,سهم,بانکها و موسسات اعتباری,بازار بورس,بازار اول (تابلوی فرعی) بورس,5.35,711.0,0.0,298014577000.0,38.0,572622613.0,3870.0,4110.0,1805.0,5020.0,2026-10-03,1126495101060000.0,92788585.0,522,350740851300.0,93642406.0,13,353968294680.0,61951141.0,239,234175312980.0,124479850.0,9,470533833000.0,671917339.6551725,979813025.0209205,0.686,116565538320.0,1,4570,3830.0,3850.0,2484352,7,8,104092,3790.0,3860.0,487858,5,63,13528790,3780.0,3880.0,1801500,7,1,10000,3760.0,3890.0,2109513,9,2,4000,3750.0,3900.0,636000,4,,,,,,,,,,,,,,,,
47333458678352378,وخاور,بانک خاورمیانه,2026-10-04T09:29:44+03:30,7230.0,0.42,7180.0,-0.28,7200.0,7120.0,7020.0,7300.0,508.0,14459892.0,103878795470.0,7410.0,6990,1045.0,6.9,1,57,سهم,بانکها و موسسات اعتباری,بازار بورس,بازار اول (تابلوی اصلی) بورس,5.35,1045.0,0.0,120000000000.0,87.0,108668378.0,6450.0,7010.0,2333.0,7010.0,2026-10-03,861600000000000.0,1996049.0,59,14331631820.0,12461843.0,4,89476032740.0,6027171.0,59,43275087780.0,8430721.0,4,60532576780.0,242909013.89830506,733476064.0677967,0.331,-28943455960.0,3,653063,7200.0,7230.0,11500,1,1,3600,7190.0,7240.0,651493,3,2,122773,7130.0,7250.0,1214629,15,2,60000,7100.0,7260.0,2088153,10,3,225000,7090.0,7270.0,53580,2,,,,,,,,,,,,,,,,
47348197320716810,دسانکو,داروسازی سبحان انکولوژی,2026-10-04T09:29:43+03:30,3410.0,1.19,3320.0,-1.48,3370.0,3320.0,3270.0,3410.0,393.0,21970322.0,73019625000.0,3470.0,3270,97.0,34.2,1,43,سهم,مواد و محصولات دارویی,بازار فرابورس,بازار اول فرابورس,10.27,97.0,2007.682,6000000000.0,,36636541.0,3340.0,3640.0,1247.0,3820.0,2026-10-04,19920000000000.0,20406594.0,127,67749892080.0,1240770.0,2,4119356400.0,20709837.0,111,68756658840.0,937527.0,2,3112589640.0,533463717.1653544,619429358.918919,0.861,-1006766760.0,5,423790,3390.0,3410.0,369096,3,2,90585,3380.0,3420.0,183510,5,1,4000,3370.0,3430.0,340000,3,8,932712,3360.0,3440.0,340000,3,2,495736,3350.0,3450.0,469306,6,,,,,,,,,,,,,,,,
47377315952751604,بسویچ,پارسسویچ,2026-10-04T09:27:07+03:30,4850.0,-1.02,4840.0,-1.22,4900.0,4800.0,4800.0,4900.0,15.0,124996.0,605217220.0,5040.0,4760,676.0,7.2,1,31,سهم,ماشین آلات و دستگاههای برقی,بازار بورس,بازار اول (تابلوی فرعی) بورس,6.37,676.0,1551.1676,24000000000.0,21.0,4839078.0,4930.0,5210.0,3027.0,6590.0,2026-10-03,116160000000000.0,124996.0,9,604980640.0,0.0,0,0.0,124996.0,8,604980640.0,0.0,0,0.0,67220071.11111112,75622580.0,0.889,0.0,1,39578,4840.0,4850.0,310155,2,3,85200,4830.0,4890.0,66000,1,1,20000,4820.0,4940.0,1800,1,2,9000,4810.0,4950.0,81000,1,6,11879,4800.0,5000.0,502355,3,,,,,,,,,,,,,,,,
47492157735162813,آتیه ملت,صندوق س آتیه ملت-ثابت,2026-10-04T09:29:28+03:30,19936.0,0.11,19936.0,0.11,19914.0,19937.0,19936.0,19937.0,74.0,3939686.0,78542839609.0,20511.0,19317,0.0,,1,68,صندوق,صندوق سرمایه گذاری قابل معامله,بازار بورس,بازار صندوق های قابل معامله,0.0,,0.0,10000000000.0,,230742917.0,19856.0,19914.0,14601.0,19914.0,2026-10-04,199360000000000.0,1070486.0,23,21341208896.0,2869200.0,2,57200371200.0,3882523.0,40,77401978528.0,57163.0,2,1139601568.0,927878647.6521739,1935049463.2,0.48,-56060769632.0,1,97506853,19936.0,19937.0,41958130,6,1,1000000,19935.0,20511.0,44340,1,1,1000000,19934.0,0.0,0,0,1,1000000,19933.0,0.0,0,0,1,1000000,19932.0,0.0,0,0,,19978.0,19988.0,2026-10-04T09:26:08+03:30,-0.21,,,,,,,,,,,
47636042922304144,ضخود9050,اختیارخ خودرو-500-1405/09/04,2026-10-04T09:29:35+03:30,261.0,6.97,241.0,-1.23,244.0,237.0,235.0,259.0,30.0,8548.0,2062340000.0,100000.0,1,0.0,,1.0,34,اختیار معامله,,,,,,,,,,,,,,,,3470.0,9,836270.0,5078.0,1,1223798.0,5862.0,11,1412742.0,2686.0,1,647326.0,92918.88888888889,128431.0909090909,0.723,-576472.0,1,31,255.0,261.0,120,2,1,200,251.0,262.0,50,1,1,1000,250.0,264.0,10,1,2,1100,248.0,265.0,500,1,2,1036,245.0,267.0,197,1,,,,,,خودرو,65883838195688438,716,500,1000,1405/06/07,1405/09/04,52,خرید,426960,6048768000.0
47664196368249493,ضملت7037,اختیارخ وبملت-754-1405/07/22,2026-10-04T09:11:31+03:30,655.0,-12.55,658.0,-12.15,749.0,693.0,655.0,693.0,2.0,114.0,75050000.0,100000.0,1,0.0,,1.0,57,اختیار معامله,,,,,,,,,,,,,,,,114.0,2,75012.0,0.0,0,0.0,114.0,1,75012.0,0.0,0,0.0,37506.0,75012.0,0.5,0.0,2,1343,660.0,826.0,100,1,1,10,657.0,827.0,10,1,3,210,656.0,828.0,130,1,1,896,655.0,843.0,90,1,1,1,500.0,845.0,320,1,,,,,,وبملت,778253364357513,1459,754,1000,1405/04/27,1405/07/22,10,خرید,91259,14660000.0
47702059190622416,ثتوسا,س.توسعه و عمران استان اردبیل,2026-10-04T09:29:47+03:30,15790.0,-1.99,15710.0,-2.48,16110.0,15900.0,15630.0,16090.0,82.0,1204926.0,18930504660.0,16590.0,15630,-409.0,-38.4,1,70,سهم,انبوه سازی، املاک و مستغلات,بازار پایه فرابورس,بازار پایه زرد فرابورس,0.0,-409.0,0.0,250000000.0,,2764721.0,14850.0,15980.0,11090.0,50250.0,2026-10-03,3927500000000.0,1201426.0,40,18874402460.0,0.0,0,0.0,1201426.0,29,18874402460.0,0.0,0,0.0,471860061.5,650841464.137931,0.725,0.0,1,5000,15650.0,15790.0,2456,2,1,98000,15640.0,15800.0,5008,2,10,197514,15630.0,15880.0,1757,2,0,0,0.0,15900.0,5613,1,0,0,0.0,15920.0,7540,2,,,,,,,,,,,,,,,,
47749661205825616,سیستم,همکاران سیستم,2026-10-04T09:29:48+03:30,59590.0,2.23,57960.0,-0.57,58290.0,58000.0,57400.0,58500.0,33.0,76402.0,4427942320.0,60030.0,56550,3654.0,15.9,1,72,سهم,رایانه و فعالیتهای وابسته به آن,بازار بورس,بازار اول (تابلوی اصلی) بورس,19.17,3654.0,0.0,10000000000.0,25.0,1256344.0,52530.0,57430.0,26370.0,61750.0,2026-10-03,579600000000000.0,37155.0,12,2153503800.0,38595.0,2,2236966200.0,52824.0,17,3061679040.0,22926.0,1,1328790960.0,179458650.0,180098767.05882353,0.996,-908175240.0,3,6667,58500.0,59590.0,29049,2,9,185138,58000.0,59950.0,11731,2,2,15176,57580.0,59970.0,150,1,1,433,57530.0,60000.0,9809,1,5,4042,57400.0,60020.0,500,1,,,,,,,,,,,,,,,,
47756003257788498,حگهر,حمل و نقل گهرترابر سیرجان,2026-10-04T09:27:07+03:30,2812.0,-2.6,2831.0,-1.94,2887.0,2890.0,2807.0,2920.0,24.0,1997130.0,5654477121.0,2973.0,2801,397.0,7.1,1,60,سهم,حمل ونقل، انبارداری و ارتباطات,بازار فرابورس,بازار دوم فرابورس,7.91,397.0,0.0,21960000000.0,,23954741.0,2827.0,3038.0,1700.0,4180.0,2026-10-04,62168760000000.0,1057012.0,15,2992400972.0,940118.0,1,2661474058.0,1991130.0,12,5636889030.0,6000.0,1,16986000.0,199493398.13333333,469740752.5,0.425,-2644488058.0,1,18600,2813.0,2890.0,211310,2,2,166530,2812.0,2894.0,440000,1,1,55800,2811.0,2900.0,49390,1,1,440000,2810.0,2910.0,10000,1,1,167329,2807.0,2919.0,200000,1,,,,,,,,,,,,,,,,
47841327496247362,واعتبار,سرمایه گذاری اعتبار ایران,2026-10-04T09:29:15+03:30,3610.0,-2.96,3610.0,-2.96,3720.0,3610.0,3610.0,3640.0,70.0,3240556.0,11704165100.0,3830.0,3610,827.0,4.4,1,56,سهم,سرمایه گذاریها,بازار بورس,بازار اول (تابلوی فرعی) بورس,7.57,827.0,0.0,3500000000.0,33.0,10889111.0,3580.0,3820.0,1404.0,4200.0,2026-10-03,12635000000000.0,2239556.0,25,8084797160.0,1001000.0,1,3613610000.0,3240556.0,22,11698407160.0,0.0,0,0.0,323391886.40000004,531745780.0,0.608,-3613610000.0,1,10000,3610.0,3620.0,242750,1,1,2432,3510.0,3630.0,220320,1,1,1456,3440.0,3640.0,232399,1,1,1463,3430.0,3660.0,300000,1,1,2003,3420.0,3680.0,96760,1,,,,,,,,,,,,,,,,
47973532381204870,بیوتیک,آنتی بیوتیک سازی ایران,2026-10-04T09:29:52+03:30,30130.0,-1.37,29690.0,-2.82,30550.0,29710.0,29640.0,30240.0,393.0,1483739.0,44048612320.0,31460.0,29640,1448.0,20.5,1,43,سهم,مواد و محصولات دارویی,بازار فرابورس,بازار اول فرابورس,10.27,1448.0,8896.318,1802400000.0,,7138167.0,30300.0,32320.0,13200.0,38640.0,2026-10-04,53513256000000.0,1430762.0,174,42479323780.0,14340.0,2,425754600.0,1445102.0,123,42905078380.0,0.0,0,0.0,244134044.71264365,348821775.44715446,0.7,-425754600.0,1,6602,30130.0,30140.0,19264,2,1,9941,30100.0,30150.0,22000,2,1,6000,30090.0,30160.0,10000,1,2,251,30080.0,30170.0,27436,2,3,7253,30000.0,30180.0,2000,1,,,,,,,,,,,,,,,,
47996917271187218,وکار,بانک کارآفرین,2026-10-04T09:29:37+03:30,6180.0,1.98,6090.0,0.5,6060.0,6120.0,6060.0,6190.0,32.0,1411522.0,8591618780.0,6240.0,5880,650.0,9.4,1,57,سهم,بانکها و موسسات اعتباری,بازار بورس,بازار اول (تابلوی اصلی) بورس,5.35,650.0,0.0,94648643000.0,24.0,77678823.0,5880.0,6170.0,2440.0,6540.0,2026-10-03,576410235870000.0,323045.0,10,1967344050.0,1078477.0,3,6567924930.0,530475.0,12,3230592750.0,871047.0,2,5304676230.0,196734405.0,269216062.5,0.731,-1263248700.0,1,5000,6130.0,6180.0,10318,2,4,35930,6120.0,6190.0,219449,2,2,50711,6110.0,6200.0,898000,12,1,1000,6100.0,6210.0,50000,1,1,10000,6090.0,6230.0,500000,3,,,,,,,,,,,,,,,,
48010225447410247,وبانک,سرمایه گذاری گروه توسعه ملی,2026-10-04T09:29:09+03:30,14460.0,2.99,14460.0,2.99,14040.0,14460.0,14460.0,14460.0,1820.0,79588822.0,1150854366120.0,14460.0,13620,2109.0,6.9,1,39,سهم,شرکتهای چند رشته ای صنعتی,بازار بورس,بازار اول (تابلوی اصلی) بورس,11.59,2109.0,0.0,50250000000.0,23.0,115650494.0,12880.0,13640.0,6510.0,13640.0,2026-10-03,726615000000000.0,61419699.0,277,888128847540.0,18169123.0,10,262725518580.0,10987808.0,132,158883703680.0,68601014.0,5,991970662440.0,3206241326.8592057,1203664421.8181818,2.664,729245143860.0,1380,102448266,14460.0,0.0,0,0,2,11378,14400.0,0.0,0,0,2,57314,14200.0,0.0,0,0,1,10356,14160.0,0.0,0,0,5,71500,14150.0,0.0,0,0,صف خرید,,,,,,,,,,,,,,,
48240748007949910,کارآمد2,صندوق س.درآمد ثابت کارآمد-د,2026-10-04T08:37:00+03:30,1.0,-99.99,1.0,-99.99,18616.0,1.0,1.0,1.0,9.0,90000000.0,90000000.0,1.0,1,0.0,,1,68,صندوق,صندوق سرمایه گذاری قابل معامله,بازار فرابورس,بازار ابزارهاي نوين مالي فرابورس,1067.75,,0.0,10000000000.0,,179238095.0,1.0,1.0,1.0,1.0,2026-10-04,10000000000.0,0.0,0,0.0,90000000.0,1,90000000.0,0.0,0,0.0,90000000.0,1,90000000.0,,,,0.0,0,0,0.0,0.0,0,0,,,,,,,,,,,,,,,,,,,,,,,,,,,,,,,,,,,,,,,,
48241092863917835,ولپارس,لیزینگ پارسیان,2026-10-04T09:29:32+03:30,4160.0,2.97,4160.0,2.97,4040.0,4160.0,4160.0,4160.0,127.0,125893.0,523714880.0,4160.0,3920,307.0,13.6,1,58,سهم,سایر واسطه گریهای مالی,بازار بورس,بازار دوم (تابلوی اصلی) بورس,10.56,307.0,0.0,4000000000.0,15.0,10295390.0,3760.0,4020.0,2301.0,4300.0,2026-10-03,16640000000000.0,125893.0,1,523714880.0,0.0,0,0.0,125893.0,125,523714880.0,0.0,0,0.0,523714880.0,4189719.04,125.0,0.0,633,145649861,4160.0,4240.0,1631,4,1,10000,4100.0,4290.0,676,2,9,1354532,4080.0,0.0,0,0,2,35000,4040.0,0.0,0,0,1,13000,4000.0,0.0,0,0,,,,,,,,,,,,,,,,
48261930411425125,بمولد,مولد نیروگاهی تجارت فارس,2026-10-04T09:29:41+03:30,8360.0,-1.65,8360.0,-1.65,8500.0,8570.0,8310.0,8570.0,63.0,136149.0,1137821290.0,8750.0,8250,778.0,10.7,1,40,سهم,عرضه برق، گاز، بخاروآب گرم,بازار فرابورس,بازار دوم فرابورس,10.27,778.0,2131.3118,8471000000.0,,8841905.0,8480.0,9280.0,4580.0,10180.0,2026-10-04,70817560000000.0,110100.0,14,920436000.0,2054.0,1,17171440.0,112154.0,52,937607440.0,0.0,0,0.0,65745428.571428575,18030912.307692308,3.646,-17171440.0,1,16070,8350.0,8360.0,94005,1,3,55052,8340.0,8370.0,297470,8,2,60000,8330.0,8380.0,131817,11,4,76857,8320.0,8400.0,352,1,3,65887,8310.0,8430.0,85985,2,,,,,,,,,,,,,,,,
48287670503317419,ولبهمن,شرکت بهمن لیزینگ,2026-10-04T09:29:51+03:30,3450.0,2.99,3360.0,0.3,3350.0,3350.0,3260.0,3450.0,310.0,23314010.0,78248955790.0,3450.0,3250,776.0,4.3,1,58,سهم,سایر واسطه گریهای مالی,بازار فرابورس,بازار اول فرابورس,6.48,776.0,0.0,10300000000.0,,54110923.0,3131.0,3360.0,1848.0,3570.0,2026-10-04,34608000000000.0,23010010.0,74,77313633600.0,0.0,0,0.0,23010010.0,77,77313633600.0,0.0,0,0.0,1044778832.4324324,1004073163.6363636,1.041,0.0,1,24460,3430.0,3450.0,1825586,10,2,302000,3420.0,3600.0,14223,2,2,324469,3400.0,0.0,0,0,2,302001,3390.0,0.0,0,0,1,10000,3380.0,0.0,0,0,,,,,,,,,,,,,,,,
48287767791629523,رشد,صندوق س.رشد پایدار آبان-د,2026-10-04T09:29:43+03:30,22343.0,0.13,22343.0,0.13,22314.0,22343.0,22343.0,22344.0,101.0,9655315.0,215730257351.0,22983.0,21645,0.0,,1,68,صندوق,صندوق سرمایه گذاری قابل معامله,بازار فرابورس,بازار ابزارهاي نوين مالي فرابورس,1067.75,,0.0,5500000000.0,,205417271.0,22256.0,22316.0,16112.0,22316.0,2026-10-04,122886500000000.0,1405187.0,21,31396093141.0,8245650.0,1,184232557950.0,8406565.0,59,187827881795.0,1244272.0,1,27800769296.0,1495052054.3333335,3183523420.254237,0.47,-156431788654.0,1,199995522,22343.0,22344.0,13151398,2,2,10002237,22342.0,22345.0,384384,2,1,3000000,22341.0,22346.0,300000,1,2,3144107,22340.0,22347.0,300000,1,1,3000000,22339.0,22348.0,300000,1,,22248.0,22266.0,2026-10-04T09:26:13+03:30,0.43,,,,,,,,,,,
48322987151197734,دوام,صندوق س دوام دانایان-ثابت,2026-10-04T09:27:21+03:30,29868.0,0.13,29869.0,0.13,29829.0,29868.0,29868.0,29869.0,25.0,1578939.0,47160840394.0,30723.0,28935,0.0,,1,68,صندوق,صندوق سرمایه گذاری قابل معامله,بازار بورس,بازار صندوق های قابل معامله,0.0,,0.0,1000000000.0,,10435738.0,29753.0,29830.0,29305.0,29830.0,2026-10-04,29869000000000.0,201029.0,13,6004535201.0,1377910.0,2,41156793790.0,381708.0,10,11401236252.0,1197231.0,1,35760092739.0,461887323.15384614,1140123625.2,0.405,-5396701051.0,11,9622377,29868.0,29869.0,2000000,1,1,100000,29867.0,29870.0,100000,1,1,100000,29866.0,29871.0,100000,1,1,100000,29865.0,29872.0,100000,1,1,100000,29864.0,29873.0,100000,1,,29805.0,29826.0,2026-10-04T09:25:22+03:30,0.21,,,,,,,,,,,
48383825890416781,ضهمن7032,اختیارخ خبهمن-2200-1405/07/29,2026-10-04T09:19:30+03:30,520.0,11.35,520.0,11.35,467.0,520.0,520.0,520.0,2.0,100.0,52000000.0,100000.0,1,0.0,,1.0,34,اختیار معامله,,,,,,,,,,,,,,,,100.0,1,52000.0,0.0,0,0.0,25.0,1,13000.0,75.0,1,39000.0,52000.0,13000.0,4.0,39000.0,1,1000,401.0,0.0,0,0,1,100,400.0,0.0,0,0,1,100,250.0,0.0,0,0,1,9,130.0,0.0,0,0,1,100,99.0,0.0,0,0,,,,,,خبهمن,26824673819862694,2554,2200,1000,1405/05/27,1405/07/29,17,خرید,25808,253600000.0
48417927688227268,ضهرم7060,اختیارخ اهرم-50000-1405/07/29,2026-10-04T09:27:53+03:30,22210.0,-5.2,23173.0,-1.09,23428.0,23000.0,22210.0,23400.0,3.0,7.0,162210000.0,500000.0,1,0.0,,1.0,68,اختیار معامله,,,,,,,,,,,,,,,,7.0,2,162211.0,0.0,0,0.0,7.0,3,162211.0,0.0,0,0.0,81105.5,54070.333333333336,1.5,0.0,1,65,22000.0,24000.0,100,1,1,8,20005.0,24440.0,2,1,1,3,18008.0,24490.0,53,2,1,2,18007.0,24500.0,28,1,1,2,18006.0,24850.0,41,2,,,,,,اهرم,17914401175772326,72311,50000,1000,1405/05/03,1405/07/29,17,خرید,219763,433020000.0
48457557221009333,وتوسکا,سرمایه گذاری توسعه توکا,2026-10-04T09:27:44+03:30,1608.0,-2.96,1609.0,-2.9,1657.0,1609.0,1608.0,1609.0,22.0,2139351.0,3441539998.0,1706.0,1608,100.0,16.1,1,56,سهم,سرمایه گذاریها,بازار پایه فرابورس,بازار پایه زرد فرابورس,0.0,100.0,0.0,20000000000.0,,8268500.0,1670.0,1776.0,1145.0,2802.0,2026-10-03,32180000000000.0,2139351.0,10,3442215759.0,0.0,0,0.0,2139351.0,7,3442215759.0,0.0,0,0.0,344221575.90000004,491745108.4285714,0.7,0.0,1,40000,1573.0,1689.0,86460,2,1,250000,1551.0,1690.0,123903,1,1,5000,1158.0,1694.0,20000,2,0,0,0.0,1700.0,279449,3,0,0,0.0,1702.0,300000,1,,,,,,,,,,,,,,,,
48517714910707769,بپویا,دانش محور پویا نیرو,2026-10-04T09:29:23+03:30,6190.0,1.14,6190.0,1.14,6120.0,6270.0,6110.0,6270.0,136.0,2164422.0,13405414860.0,6300.0,5940,752.0,8.2,1,31,سهم,ماشین آلات و دستگاههای برقی,بازار بورس,بازار دوم (تابلوی فرعی) بورس,6.37,752.0,1318.9064,9942147000.0,7.0,19476383.0,5770.0,6110.0,5080.0,31630.0,2026-10-03,61541889930000.0,2164422.0,38,13397772180.0,0.0,0,0.0,2164422.0,74,13397772180.0,0.0,0,0.0,352572952.1052632,181050975.4054054,1.947,0.0,1,25123,6230.0,6240.0,104,1,3,25000,6200.0,6250.0,319279,5,3,30221,6190.0,6260.0,41098,5,2,45683,6180.0,6270.0,130000,1,1,50000,6170.0,6280.0,19495,2,,,,,,,,,,,,,,,,
48542914628343039,ضملی9046,اختیارخ فملی-30000-1405/09/04,2026-10-04T09:25:53+03:30,4000.0,-0.57,4000.0,-0.57,4023.0,4000.0,4000.0,4000.0,1.0,8.0,32000000.0,100000.0,1,0.0,,1.0,27,اختیار معامله,,,,,,,,,,,,,,,,8.0,1,32000.0,0.0,0,0.0,8.0,1,32000.0,0.0,0,0.0,32000.0,32000.0,1.0,0.0,1,5,3500.0,4500.0,50,1,1,5,3200.0,5000.0,16,1,1,5,3122.0,6400.0,3,1,2,52,3121.0,6500.0,30,1,1,100,3120.0,0.0,0,0,,,,,,فملی,35425587644337450,28740,30000,1000,1405/06/24,1405/09/04,52,خرید,2932,229440000.0
48619517949257749,غنوش,نوش مازندران,2026-10-04T09:28:59+03:30,18610.0,2.99,18610.0,2.99,18070.0,18610.0,18610.0,18610.0,232.0,5360209.0,99753489490.0,18610.0,17530,487.0,38.2,1,42,سهم,محصولات غذایی و آشامیدنی به جز قند و شکر,بازار بورس,بازار دوم (تابلوی فرعی) بورس,9.5,487.0,3467.633,1000000000.0,65.0,41850867.0,16900.0,18180.0,6350.0,20120.0,2026-10-03,18610000000000.0,2360209.0,29,43923489490.0,3000000.0,1,55830000000.0,5360209.0,121,99753489490.0,0.0,0,0.0,1514603085.862069,824409004.0495868,1.837,-55830000000.0,167,8159446,18610.0,19060.0,1000,1,1,272,18590.0,19740.0,277,1,1,100000,18090.0,19800.0,2857,1,1,100000,18080.0,20130.0,710,1,3,202000,18070.0,20140.0,1500,2,,,,,,,,,,,,,,,,
48623320733330408,فلوله,لولهوماشینسازیایران,2026-10-04T09:27:26+03:30,2550.0,-0.97,2561.0,-0.54,2575.0,2579.0,2517.0,2579.0,117.0,4397995.0,11264579832.0,2652.0,2498,226.0,11.3,1,27,سهم,فلزات اساسی,بازار بورس,بازار اول (تابلوی اصلی) بورس,15.06,226.0,3924.2876,11300000000.0,50.0,39177201.0,2490.0,2668.0,1831.0,2991.0,2026-10-03,28939300000000.0,4154934.0,43,10640785974.0,243061.0,1,622479221.0,3977911.0,41,10187430071.0,420084.0,1,1075835124.0,247460138.93023255,248473904.17073172,0.996,453355903.0,3,25838,2550.0,2560.0,69844,4,1,5151,2531.0,2564.0,5322,2,7,310086,2530.0,2574.0,10309,1,2,4640,2529.0,2575.0,1493396,5,3,663991,2526.0,2576.0,917624,3,,,,,,,,,,,,,,,,
48636523343139021,زهلال,کشت و صنعت هلال,2026-10-04T09:29:40+03:30,55000.0,-0.2,54120.0,-1.8,55110.0,54150.0,53510.0,55280.0,862.0,504986.0,27332351110.0,56760.0,53460,6307.0,8.6,1,01,سهم,زراعت و خدمات وابسته,بازار فرابورس,بازار دوم فرابورس,8.73,6307.0,0.0,500000000.0,,2153230.0,54230.0,57280.0,35002.0,57280.0,2026-10-04,27060000000000.0,473636.0,79,25633180320.0,31284.0,1,1693090080.0,403756.0,720,21851274720.0,101164.0,2,5474995680.0,324470636.96202534,30348992.666666668,10.691,3781905600.0,1,9789,55000.0,55450.0,3463,12,2,11582,54850.0,55460.0,23900,3,2,353,54500.0,55470.0,32,1,2,30203,54200.0,55480.0,97,3,2,762,54150.0,55490.0,693,7,,,,,,,,,,,,,,,,
48780480822364410,بپردیس,بیمه پردیس,2026-10-04T09:18:02+03:30,2980.0,-0.33,2980.0,-0.33,2990.0,2980.0,2980.0,2980.0,1.0,20472.0,61006560.0,3070.0,2910,129.0,23.1,1,66,سهم,بیمه وصندوق بازنشستگی به جزتامین اجتماعی,بازار پایه فرابورس,بازار پایه زرد فرابورس,0.0,129.0,0.0,3000000000.0,,2691833.0,2960.0,3076.0,1020.0,3101.0,2026-10-03,8940000000000.0,20472.0,1,61006560.0,0.0,0,0.0,20472.0,1,61006560.0,0.0,0,0.0,61006560.0,61006560.0,1.0,0.0,2,179520,2980.0,3050.0,1000000,4,1,29458,2970.0,3070.0,55066,2,1,28498,2960.0,0.0,0,0,1,50000,2950.0,0.0,0,0,1,50000,2940.0,0.0,0,0,,,,,,,,,,,,,,,,
48790087678187455,ضملی9042,اختیارخ فملی-22000-1405/09/04,2026-10-04T09:29:32+03:30,8420.0,5.51,8143.0,2.04,7980.0,8150.0,7818.0,8359.0,42.0,541.0,4405308000.0,100000.0,1,0.0,,1.0,27,اختیار معامله,,,,,,,,,,,,,,,,541.0,19,4405363.0,0.0,0,0.0,541.0,16,4405363.0,0.0,0,0.0,231861.2105263158,275335.1875,0.842,0.0,1,10,8401.0,8583.0,182,1,1,2,8400.0,8584.0,2,1,1,4,8323.0,8790.0,1,1,1,100,8322.0,8792.0,2,1,1,1,8296.0,8800.0,77,2,,,,,,فملی,35425587644337450,28740,22000,1000,1405/05/17,1405/09/04,52,خرید,52295,15234390000.0
48818952524587858,پرتو,صندوق س.دینا-س,2026-10-04T09:26:26+03:30,51480.0,-1.16,51409.0,-1.3,52084.0,51408.0,51408.0,51480.0,3.0,2425.0,124665840.0,53646.0,50522,0.0,,1,68,صندوق,صندوق سرمایه گذاری قابل معامله,بازار فرابورس,بازار ابزارهاي نوين مالي فرابورس,1079.52,,0.0,100000000.0,,404457.0,49303.0,51728.0,20586.0,51728.0,2026-10-03,5140900000000.0,20.0,1,1028180.0,2405.0,1,123638645.0,2425.0,3,124666825.0,0.0,0,0.0,1028180.0,41555608.333333336,0.025,-123638645.0,1,97595,51408.0,51480.0,1523,1,1,100000,51356.0,52084.0,1000000,1,1,100000,51305.0,52234.0,100000,1,1,100000,51254.0,52287.0,100000,1,1,20,50583.0,52339.0,100000,1,,51768.0,52301.0,2026-10-04T09:25:18+03:30,-0.69,,,,,,,,,,,
48836100694107106,ضستا9053,اختیارخ شستا-3000-1405/09/11,2026-10-04T09:23:57+03:30,975.0,-5.98,978.0,-5.69,1037.0,1000.0,975.0,1000.0,5.0,151.0,147725000.0,100000.0,1,0.0,,1.0,39,اختیار معامله,,,,,,,,,,,,,,,,151.0,4,147678.0,0.0,0,0.0,151.0,2,147678.0,0.0,0,0.0,36919.5,73839.0,0.5,0.0,1,40,950.0,975.0,869,1,1,50,925.0,1039.0,50,1,2,12,800.0,1690.0,30,1,1,11,790.0,0.0,0,0,1,12,780.0,0.0,0,0,,,,,,شستا,2400322364771558,3580,3000,1000,1405/06/14,1405/09/11,59,خرید,19495,539070000.0
48871195261319338,طذوب7048,اختیارف ذوب-900-1405/07/22,2026-10-04T09:26:27+03:30,235.0,2.17,235.0,2.17,230.0,235.0,235.0,235.0,2.0,30.0,7050000.0,100000.0,1,0.0,,1.0,27,اختیار معامله,,,,,,,,,,,,,,,,30.0,1,7050.0,0.0,0,0.0,0.0,0,0.0,30.0,1,7050.0,7050.0,,,7050.0,1,100,1.0,255.0,25,1,0,0,0.0,0.0,0,0,0,0,0.0,0.0,0,0,0,0,0.0,0.0,0,0,0,0,0.0,0.0,0,0,,,,,,ذوب,71483646978964608,656,900,1000,1405/06/25,1405/07/22,10,فروش,55,19680000.0
48905941682504832,طخود8057,اختیارف خودرو-500-1405/08/06,2026-10-04T09:25:42+03:30,3.0,50.0,3.0,50.0,2.0,3.0,3.0,3.0,5.0,1542.0,4626000.0,100000.0,1,0.0,,1.0,34,اختیار معامله,,,,,,,,,,,,,,,,1542.0,3,4626.0,0.0,0,0.0,1542.0,1,4626.0,0.0,0,0.0,1542.0,4626.0,0.333,0.0,4,3200,2.0,3.0,458,1,42,41100,1.0,4.0,5000,5,0,0,0.0,5.0,6000,6,0,0,0.0,6.0,478,1,0,0,0.0,335.0,47,1,,,,,,خودرو,65883838195688438,716,500,1000,1405/05/10,1405/08/06,24,فروش,58441,1104072000.0
48932793456289874,هیبرید,صندوق س آسمان خاورمیانه-مختلط,2026-10-04T09:27:22+03:30,23308.0,0.19,23309.0,0.19,23264.0,23309.0,23308.0,23320.0,20.0,192041.0,4476374958.0,23961.0,22567,0.0,,1,68,صندوق,صندوق سرمایه گذاری قابل معامله,بازار بورس,بازار صندوق های قابل معامله,0.0,,0.0,400000000.0,,5370983.0,23138.0,23229.0,14120.0,23229.0,2026-10-03,9323600000000.0,122023.0,8,2844234107.0,70018.0,1,1632049562.0,170104.0,7,3964954136.0,21937.0,1,511329533.0,355529263.375,566422019.4285715,0.628,-1120720029.0,6,4095689,23308.0,23320.0,983076,2,2,1000500,23307.0,23321.0,1000000,1,1,1000000,23306.0,23322.0,3001173,6,1,1000000,23305.0,23325.0,1255,2,1,1000000,23304.0,23328.0,259,1,,25133.0,25321.0,2026-10-04T09:26:12+03:30,-7.26,,,,,,,,,,,
48947196358863781,ضتاص9013,اختیارخ تاصیکو-10520-05/09/04,2026-10-04T09:29:03+03:30,29400.0,0.99,28695.0,-1.43,29111.0,29111.0,27810.0,29400.0,19.0,129.0,3701652000.0,100000.0,1,0.0,,1.0,13,اختیار معامله,,,,,,,,,,,,,,,,129.0,15,3701655.0,0.0,0,0.0,129.0,9,3701655.0,0.0,0,0.0,246777.0,411295.0,0.6,0.0,1,22,28500.0,29400.0,50,1,1,10,28205.0,29500.0,10,1,1,10,28202.0,29950.0,1,1,2,20,28102.0,31500.0,10,1,1,1,28020.0,31999.0,1,1,,,,,,تاصیکو,23293437377896568,37890,10520,1000,1405/05/10,1405/09/04,52,خرید,7913,2993310000.0
48990026850202503,خگستر,گسترشسرمایهگذاریایرانخودرو,2026-10-04T09:29:40+03:30,4170.0,2.96,4150.0,2.47,4050.0,4100.0,4070.0,4170.0,3182.0,226036507.0,938440805570.0,4170.0,3930,88.0,47.2,1,34,سهم,خودرو و ساخت قطعات,بازار بورس,بازار اول (تابلوی فرعی) بورس,-24.17,88.0,0.0,58808747000.0,52.0,454500742.0,3820.0,4000.0,2296.0,5069.0,2026-10-03,244056300050000.0,205900575.0,478,854487386250.0,20130470.0,6,83541450500.0,176183690.0,1132,731162313500.0,49847355.0,4,206866523250.0,1787630515.1673641,645903103.7985865,2.768,123325072750.0,2634,720065912,4170.0,4290.0,1166,1,3,206805,4160.0,4380.0,21892,2,3,105000,4150.0,4430.0,50000,1,4,611500,4140.0,4440.0,50000,1,2,15000,4130.0,4450.0,50000,1,,,,,,,,,,,,,,,,
49054891736433700,دعبید,لابراتوارداروسازی دکترعبیدی,2026-10-04T09:29:45+03:30,30340.0,1.27,29820.0,-0.47,29960.0,30040.0,29070.0,30340.0,2917.0,35680263.0,1063925668580.0,30850.0,29070,1503.0,19.8,1,43,سهم,مواد و محصولات دارویی,بازار بورس,بازار اول (تابلوی فرعی) بورس,14.67,1503.0,5207.0703,56000000000.0,20.0,47372380.0,28330.0,30040.0,6530.0,30040.0,2026-10-04,1669920000000000.0,28693723.0,1299,855646819860.0,6918145.0,8,206299083900.0,24222145.0,469,722304363900.0,11389723.0,7,339641539860.0,658696551.0854503,1540094592.5373135,0.428,133342455960.0,6,75921,30340.0,30350.0,30066,3,16,301664,30330.0,30360.0,40000,1,9,62809,30320.0,30370.0,50000,2,8,203799,30310.0,30390.0,63119,3,4,70787,30300.0,30400.0,204000,3,,,,,,,,,,,,,,,,
49166352628228669,ضخود8060,اختیارخ خودرو-650-1405/08/06,2026-10-04T09:29:49+03:30,118.0,10.28,110.0,2.8,107.0,104.0,98.0,123.0,2827.0,1110008.0,121670569000.0,100000.0,1,0.0,,1.0,34,اختیار معامله,,,,,,,,,,,,,,,,1106237.0,304,121686070.0,981.0,2,107910.0,1100970.0,347,121106700.0,6248.0,2,687280.0,400283.125,349010.66282420745,1.147,579370.0,6,4305,118.0,119.0,8679,14,10,8700,117.0,120.0,19661,27,6,4500,116.0,121.0,11655,18,11,9510,115.0,122.0,12958,25,4,3100,114.0,123.0,15391,20,,,,,,خودرو,65883838195688438,716,650,1000,1405/05/10,1405/08/06,24,خرید,10997833,737867356000.0
49188729526980541,شسپا,نفت سپاهان,2026-10-04T09:29:40+03:30,24560.0,2.98,24560.0,2.98,23850.0,24560.0,24560.0,24560.0,227.0,7511644.0,184485976640.0,24560.0,23140,3704.0,6.6,1,23,سهم,فراورده های نفتی، کک و سوخت هسته ای,بازار بورس,بازار اول (تابلوی اصلی) بورس,6.6,3704.0,12337.579,56000000000.0,17.0,46376247.0,21380.0,23850.0,6240.0,23850.0,2026-10-04,1375360000000000.0,7204446.0,78,176941193760.0,300000.0,3,7368000000.0,1582572.0,126,38867968320.0,5921874.0,4,145441225440.0,2268476843.0769234,308475939.04761904,7.354,138073225440.0,3719,297477108,24560.0,0.0,0,0,2,101000,24550.0,0.0,0,0,1,2000,24520.0,0.0,0,0,3,115260,24500.0,0.0,0,0,1,300,24400.0,0.0,0,0,صف خرید,,,,,,,,,,,,,,,
49215829021745897,ضملت7045,اختیارخ وبملت-1554-1405/07/22,2026-10-04T09:29:48+03:30,59.0,-14.49,50.0,-27.54,69.0,54.0,41.0,61.0,1796.0,754962.0,38060065000.0,100000.0,1,0.0,,1.0,57,اختیار معامله,,,,,,,,,,,,,,,,739772.0,201,36988600.0,9190.0,1,459500.0,667884.0,145,33394200.0,81078.0,5,4053900.0,184022.88557213932,230304.82758620687,0.799,3594400.0,2,1380,59.0,60.0,5784,7,6,4312,58.0,61.0,2598,3,4,4000,57.0,62.0,1500,2,4,4000,56.0,63.0,2000,2,3,2100,55.0,64.0,2300,3,,,,,,وبملت,778253364357513,1459,1554,1000,1405/04/27,1405/07/22,10,خرید,9849179,987718197000.0
49270349234092953,خاور,ایران خودرو دیزل,2026-10-04T09:29:51+03:30,1619.0,2.4,1583.0,0.13,1581.0,1544.0,1544.0,1619.0,876.0,124339765.0,196835936017.0,1628.0,1534,91.0,17.4,1,34,سهم,خودرو و ساخت قطعات,بازار فرابورس,بازار دوم فرابورس,6.13,91.0,5790.826,111600000000.0,,490313322.0,1515.0,1639.0,959.0,1734.0,2026-10-04,176662800000000.0,117096118.0,229,185363154794.0,6849547.0,2,10842832901.0,123945665.0,318,196205987695.0,0.0,0,0.0,809446090.8034934,616999961.3050314,1.312,-10842832901.0,5,1373541,1619.0,1620.0,5900000,6,2,355453,1618.0,1622.0,180000,5,6,138028,1616.0,1623.0,2005000,3,6,1085000,1615.0,1624.0,2795624,7,2,103202,1610.0,1625.0,8446115,18,,,,,,,,,,,,,,,,
49353447565507376,کاذر,فرآوردههاینسوزآذر,2026-10-04T09:28:10+03:30,5760.0,2.86,5720.0,2.14,5600.0,5720.0,5480.0,5760.0,277.0,14428747.0,82599528150.0,5760.0,5440,612.0,9.3,1,54,سهم,سایر محصولات کانی غیرفلزی,بازار بورس,بازار اول (تابلوی فرعی) بورس,14.79,612.0,3701.1187,4000000000.0,55.0,41047516.0,5160.0,5460.0,2471.0,5540.0,2026-10-03,22880000000000.0,14428747.0,105,82532432840.0,0.0,0,0.0,11235747.0,106,64268472840.0,3193000.0,1,18263960000.0,786023169.9047619,606306347.5471698,1.296,18263960000.0,21,2839941,5760.0,0.0,0,0,1,83367,5750.0,0.0,0,0,4,93181,5720.0,0.0,0,0,1,3000,5670.0,0.0,0,0,11,3008980,5660.0,0.0,0,0,صف خرید,,,,,,,,,,,,,,,
49399017998386087,فبیرا,بسته بندی ایران,2026-10-04T09:29:29+03:30,2414.0,2.12,2431.0,2.83,2364.0,2434.0,2295.0,2434.0,27.0,2654895.0,6454732672.0,2434.0,2294,155.0,15.7,1,28,سهم,ساخت محصولات فلزی,بازار پایه فرابورس,بازار پایه زرد فرابورس,0.0,155.0,1661.2892,5000000000.0,,9206705.0,2219.0,2378.0,834.0,2786.0,2026-10-03,12155000000000.0,2654895.0,11,6454049745.0,0.0,0,0.0,2654895.0,17,6454049745.0,0.0,0,0.0,586731795.0,379649985.0,1.545,0.0,1,12000,2427.0,2434.0,480138,6,1,143008,2414.0,2471.0,101678,1,1,21117,2380.0,2513.0,100000,1,1,109000,2370.0,2749.0,200000,1,2,386396,2363.0,2786.0,2913,1,,,,,,,,,,,,,,,,
49502666250908008,افق,فروشگاههای زنجیره ای افق کوروش,2026-10-04T09:28:53+03:30,78990.0,0.39,78830.0,0.19,78680.0,78690.0,78680.0,79280.0,235.0,853696.0,67294204570.0,81040.0,76320,5195.0,15.2,1,47,سهم,خرده فروشی،باستثنای وسایل نقلیه موتوری,بازار بورس,بازار دوم (تابلوی اصلی) بورس,14.77,5195.0,108978.945,30000000000.0,12.0,5179601.0,72960.0,77390.0,21100.0,77550.0,2026-10-03,2364900000000000.0,566463.0,111,44654278290.0,287233.0,6,22642577390.0,621842.0,68,49019804860.0,231854.0,3,18277050820.0,402290795.4054054,720879483.2352941,0.558,-4365526570.0,16,44713,78990.0,79070.0,1327,1,5,2933,78980.0,79080.0,27957,2,15,92131,78970.0,79100.0,13825,3,1,1500,78950.0,79110.0,100,1,5,23888,78900.0,79130.0,7692,1,,,,,,,,,,,,,,,,
49531112577387255,جاودان,صندوق س جاویدان سهام مانی-سهام,2026-10-04T09:10:15+03:30,40336.0,-0.67,40680.0,0.17,40610.0,41217.0,40336.0,41217.0,5.0,168138.0,6839915401.0,41828.0,39392,0.0,,1,68,صندوق,صندوق سرمایه گذاری قابل معامله,بازار بورس,بازار صندوق های قابل معامله,0.0,,0.0,100000000.0,,195347.0,38814.0,40410.0,16530.0,40410.0,2026-10-03,4068000000000.0,51193.0,2,2082531240.0,116945.0,1,4757322600.0,168138.0,3,6839853840.0,0.0,0,0.0,1041265620.0,2279951280.0,0.457,-4757322600.0,1,50000,40142.0,41215.0,48807,1,1,50000,39392.0,41218.0,50000,1,0,0,0.0,0.0,0,0,0,0,0.0,0.0,0,0,0,0,0.0,0.0,0,0,,40452.0,40870.0,2026-10-04T09:27:03+03:30,0.56,,,,,,,,,,,
49604128705205614,طدرو7007,اختیارف دارونو-42000-05/07/15,2026-10-04T09:04:38+03:30,1500.0,252.11,1500.0,252.11,426.0,1500.0,1500.0,1500.0,1.0,9.0,13500000.0,500000.0,1,0.0,,1.0,68,اختیار معامله,,,,,,,,,,,,,,,,9.0,1,13500.0,0.0,0,0.0,9.0,1,13500.0,0.0,0,0.0,13500.0,13500.0,1.0,0.0,1,150,411.0,1288.0,257,2,1,100,1.0,1500.0,9,1,0,0,0.0,0.0,0,0,0,0,0.0,0.0,0,0,0,0,0.0,0.0,0,0,,,,,,دارونو,34074071043606558,41987,42000,1000,1405/06/14,1405/07/15,3,فروش,1732,377847000.0
49627523909849331,کفرآور,فرآورده های سیمان شرق,2026-10-04T09:20:08+03:30,38780.0,-0.44,37860.0,-2.8,38950.0,37850.0,37840.0,38780.0,13.0,91607.0,3468253480.0,40110.0,37790,3456.0,11.0,1,54,سهم,سایر محصولات کانی غیرفلزی,بازار پایه فرابورس,بازار پایه زرد فرابورس,0.0,3456.0,28463.732,180000000.0,,541126.0,38970.0,41550.0,14820.0,44200.0,2026-10-03,6814800000000.0,91607.0,7,3468241020.0,0.0,0,0.0,91607.0,3,3468241020.0,0.0,0,0.0,495463002.85714287,1156080340.0,0.429,0.0,2,27760,37870.0,38820.0,1482,3,1,13076,37850.0,38830.0,62500,3,1,21157,37840.0,38840.0,4200,3,1,5000,37830.0,39840.0,3000,1,1,5000,37820.0,40100.0,40000,2,,,,,,,,,,,,,,,,
49632601495766480,کرومیت,توسعه معادن کرومیت کاوندگان,2026-10-04T09:29:51+03:30,5410.0,-1.81,5360.0,-2.72,5510.0,5500.0,5350.0,5500.0,343.0,6975344.0,37372602710.0,5670.0,5350,198.0,27.1,1,13,سهم,استخراج کانه های فلزی,بازار فرابورس,بازار دوم فرابورس,15.7,198.0,571.8837,2950000000.0,,37438245.0,5330.0,5700.0,3032.0,5950.0,2026-10-04,15812000000000.0,6975042.0,154,37386225120.0,0.0,0,0.0,6975042.0,119,37386225120.0,0.0,0,0.0,242767695.5844156,314169958.99159664,0.773,0.0,2,54698,5410.0,5430.0,2633,2,4,304776,5400.0,5450.0,2000,2,1,3000,5380.0,5460.0,234370,3,7,625527,5360.0,5470.0,12205,1,22,645487,5350.0,5480.0,51497,2,,,,,,,,,,,,,,,,
49641108336531623,انرژی,بورس انرژی ایران,2026-10-04T09:29:44+03:30,22060.0,-2.56,21970.0,-2.96,22640.0,21970.0,21970.0,22270.0,780.0,9821364.0,215810565390.0,23310.0,21970,522.0,42.1,1,67,سهم,فعالیتهای کمکی به نهادهای مالی واسط,بازار بورس,بازار اول (تابلوی اصلی) بورس,6.37,522.0,0.0,4050000000.0,100.0,32443714.0,22050.0,23330.0,8850.0,26080.0,2026-10-03,88978500000000.0,8660483.0,405,190270811510.0,1160066.0,4,25486650020.0,9820549.0,227,215757461530.0,0.0,0,0.0,469804472.8641975,950473398.8105727,0.494,-25486650020.0,1,88500,22070.0,22200.0,2500,1,4,20816,22060.0,22350.0,1990,2,5,77961,22050.0,22360.0,2000,1,2,16738,22040.0,22380.0,48270,1,3,53112,22030.0,22390.0,53472,2,,,,,,,,,,,,,,,,
49681831162536304,همگام,صندوق س. م.اوراق دولتی همگام-د,2026-10-04T09:15:10+03:30,12596.0,0.13,12595.0,0.12,12580.0,12595.0,12595.0,12596.0,3.0,45422.0,572095512.0,12957.0,12203,0.0,,1,68,صندوق,صندوق سرمایه گذاری قابل معامله,بازار فرابورس,بازار ابزارهاي نوين مالي فرابورس,1067.75,,0.0,500000000.0,,15389135.0,12546.0,12580.0,10012.0,12580.0,2026-10-04,6297500000000.0,5422.0,2,68290090.0,40000.0,1,503800000.0,40000.0,1,503800000.0,5422.0,1,68290090.0,34145045.0,503800000.0,0.068,-435509910.0,2,20960500,12595.0,12596.0,1994578,1,1,500000,12594.0,12597.0,100000,1,1,500000,12593.0,12598.0,100000,1,1,500000,12592.0,12599.0,100000,1,1,500000,12591.0,12600.0,100418,2,,12579.0,12592.0,2026-10-04T09:25:25+03:30,0.13,,,,,,,,,,,
49782064767608295,دی سهام,صندوق س.دی سهام-سهام,2026-10-04T09:28:18+03:30,30020.0,-0.31,30025.0,-0.29,30112.0,31013.0,29940.0,31013.0,7.0,131780.0,3956759100.0,31015.0,29209,0.0,,1,68,صندوق,صندوق سرمایه گذاری قابل معامله,بازار بورس,بازار صندوق های قابل معامله,0.0,,0.0,1000000000.0,,11374662.0,28780.0,30555.0,10490.0,30555.0,2026-10-03,30025000000000.0,4500.0,2,135112500.0,127280.0,1,3821582000.0,131780.0,6,3956694500.0,0.0,0,0.0,67556250.0,659449083.3333333,0.102,-3821582000.0,1,398806,30020.0,30259.0,30000,1,2,501250,29970.0,30300.0,500000,1,1,500000,29920.0,30320.0,500000,1,2,370,29811.0,31012.0,100000,1,1,120,29510.0,31014.0,100000,1,,30080.0,30388.0,2026-10-04T09:25:44+03:30,-0.18,,,,,,,,,,,
49793968795253385,طملت8072,اختیارف وبملت-1200-1405/08/20,2026-10-04T09:18:44+03:30,30.0,76.47,30.0,76.47,17.0,25.0,25.0,30.0,3.0,1067.0,31875000.0,100000.0,1,0.0,,1.0,57,اختیار معامله,,,,,,,,,,,,,,,,1067.0,2,32010.0,0.0,0,0.0,1067.0,3,32010.0,0.0,0,0.0,16005.0,10670.0,1.5,0.0,2,2000,15.0,29.0,1000,1,1,6,11.0,30.0,2460,3,1,1000,3.0,39.0,1000,1,33,32100,1.0,40.0,1000,1,0,0,0.0,0.0,0,0,,,,,,وبملت,778253364357513,1459,1200,1000,1405/05/24,1405/08/20,38,فروش,20469,1556753000.0
49854144784855542,رتکو,کنترل خوردگی تکین کوی,2026-10-04T09:18:07+03:30,24500.0,2.94,24500.0,2.94,23800.0,24500.0,24500.0,24500.0,1.0,2164.0,53018000.0,24510.0,23090,641.0,38.2,1,74,سهم,خدمات فنی و مهندسی,بازار پایه فرابورس,بازار پایه زرد فرابورس,0.0,641.0,0.0,200000000.0,,785007.0,22040.0,23710.0,9340.0,23710.0,2026-10-03,4900000000000.0,2164.0,1,53018000.0,0.0,0,0.0,2164.0,1,53018000.0,0.0,0,0.0,53018000.0,53018000.0,1.0,0.0,1,8439,24020.0,24500.0,12836,4,3,26599,24010.0,24510.0,71093,8,1,69475,24000.0,0.0,0,0,1,20000,23300.0,0.0,0,0,1,10098,23100.0,0.0,0,0,,,,,,,,,,,,,,,,
49936654339917703,ضخود9048,اختیارخ خودرو-400-1405/09/04,2026-10-04T09:25:08+03:30,339.0,2.73,333.0,0.91,330.0,313.0,313.0,339.0,11.0,2440.0,813200000.0,100000.0,1,0.0,,1.0,34,اختیار معامله,,,,,,,,,,,,,,,,2440.0,6,812520.0,0.0,0,0.0,2440.0,4,812520.0,0.0,0,0.0,135420.0,203130.0,0.667,0.0,1,160,327.0,353.0,933,1,3,430,326.0,370.0,262,1,1,50,321.0,378.0,1000,1,1,10,320.0,380.0,5200,6,1,1,314.0,399.0,150,1,,,,,,خودرو,65883838195688438,716,400,1000,1405/06/07,1405/09/04,52,خرید,171507,1747040000.0
50002340308486819,تاپکیش,تجارت الکترونیک پارسیان کیش,2026-10-04T09:27:44+03:30,2618.0,2.99,2617.0,2.95,2542.0,2618.0,2543.0,2618.0,218.0,20535782.0,53749324316.0,2618.0,2466,96.0,27.3,1,72,سهم,رایانه و فعالیتهای وابسته به آن,بازار فرابورس,بازار دوم فرابورس,9.48,96.0,0.0,10000000000.0,,39673784.0,2402.0,2549.0,1504.0,5300.0,2026-10-04,26170000000000.0,20535782.0,71,53742141494.0,0.0,0,0.0,20535782.0,103,53742141494.0,0.0,0,0.0,756931570.3380282,521768364.01941746,1.451,0.0,47,20988308,2618.0,2641.0,2003,1,1,95183,2617.0,2684.0,2000,1,2,10000,2602.0,2771.0,8000,1,1,2032,2588.0,2814.0,99999,1,6,337845,2560.0,2820.0,2000,1,,,,,,,,,,,,,,,,
50011948410571353,ولتجار,واسپاری تجارایرانیان,2026-10-04T09:29:50+03:30,3210.0,-1.53,3190.0,-2.15,3260.0,3290.0,3170.0,3290.0,153.0,5179155.0,16529072270.0,3350.0,3170,278.0,11.5,1,58,سهم,سایر واسطه گریهای مالی,بازار فرابورس,بازار دوم فرابورس,6.48,278.0,0.0,5291193000.0,,20510064.0,3070.0,3280.0,2175.0,9470.0,2026-10-04,16878905670000.0,4767515.0,48,15208372850.0,410000.0,1,1307900000.0,5177515.0,59,16516272850.0,0.0,0,0.0,316841101.0416667,279936827.9661017,1.132,-1307900000.0,3,30150,3200.0,3210.0,137823,2,2,423430,3190.0,3270.0,300000,1,3,641283,3180.0,3280.0,31144,1,15,840103,3170.0,3290.0,240000,1,1,100000,3120.0,3300.0,309696,3,,,,,,,,,,,,,,,,
50094941173290382,اکسیژن,صندوق س. سهامی اکسیژن-س,2026-10-04T09:07:16+03:30,41565.0,-3.0,41565.0,-3.0,42850.0,41565.0,41565.0,41565.0,1.0,227.0,9435255.0,44135.0,41565,0.0,,1,68,صندوق,صندوق سرمایه گذاری قابل معامله,بازار فرابورس,بازار ابزارهاي نوين مالي فرابورس,1079.44,,0.0,500000000.0,,1172713.0,41100.0,42900.0,18200.0,42900.0,2026-10-03,20782500000000.0,0.0,0,0.0,227.0,1,9435255.0,227.0,1,9435255.0,0.0,0,0.0,,9435255.0,,-9435255.0,1,200000,42300.0,43499.0,598,1,2,200030,42100.0,43500.0,100000,1,1,500000,42000.0,43800.0,200000,1,1,500000,41800.0,44000.0,500000,1,1,500000,41600.0,44122.0,1,1,,42567.0,43010.0,2026-10-04T09:25:47+03:30,-2.35,,,,,,,,,,,
50099241445087578,ضجار1082,اختیارخ وتجارت-700-1405/10/23,2026-10-04T09:23:38+03:30,399.0,10.83,399.0,10.83,360.0,399.0,399.0,399.0,1.0,1.0,399000.0,100000.0,1,0.0,,1.0,57,اختیار معامله,,,,,,,,,,,,,,,,1.0,1,399.0,0.0,0,0.0,1.0,1,399.0,0.0,0,0.0,399.0,399.0,1.0,0.0,1,1,202.0,398.0,297,1,1,1000,201.0,399.0,2,1,1,1000,200.0,403.0,3,1,1,100,1.0,0.0,0,0,0,0,0.0,0.0,0,0,,,,,,وتجارت,63917421733088077,899,700,1000,1405/06/21,1405/10/23,101,خرید,4844,898000.0
50100062518826135,دامین,داروسازی امین,2026-10-04T09:29:41+03:30,18100.0,2.84,17960.0,2.05,17600.0,17620.0,17400.0,18110.0,522.0,12340301.0,221582744920.0,18120.0,17080,378.0,47.5,1,43,سهم,مواد و محصولات دارویی,بازار بورس,بازار اول (تابلوی فرعی) بورس,14.94,378.0,2431.5627,9130000000.0,32.0,21899419.0,16360.0,17630.0,7240.0,17630.0,2026-10-03,163974800000000.0,5313409.0,75,95428825640.0,7001353.0,2,125744299880.0,11714762.0,178,210397125520.0,600000.0,2,10776000000.0,1272384341.8666668,1182006323.1460674,1.076,-114968299880.0,2,6213,18080.0,18100.0,1032469,16,1,10000,18000.0,18110.0,1037930,23,3,139800,17990.0,18120.0,4154253,86,2,165995,17980.0,0.0,0,0,3,145258,17970.0,0.0,0,0,,,,,,,,,,,,,,,,
50117925085549635,خلیبل,مالیبل سایپا,2026-10-04T09:27:16+03:30,1820.0,1.34,1825.0,1.61,1796.0,1829.0,1820.0,1830.0,8.0,344830.0,629310900.0,1849.0,1743,-111.0,-16.4,1,34,سهم,خودرو و ساخت قطعات,بازار پایه فرابورس,بازار پایه زرد فرابورس,0.0,-111.0,1566.616,19952007929.0,,2838599.0,1693.0,1830.0,1249.0,2030.0,2026-10-03,36412414470425.0,344830.0,6,629314750.0,0.0,0,0.0,344830.0,4,629314750.0,0.0,0,0.0,104885791.66666666,157328687.5,0.667,0.0,1,105556,1780.0,1820.0,638323,3,1,28203,1770.0,1829.0,575170,3,1,100000,1750.0,1835.0,264501,2,1,100000,1743.0,1836.0,10000,1,1,150000,1698.0,1837.0,300000,1,,,,,,,,,,,,,,,,
50139638026536387,زرین,صندوق س. سهام زرین کوروش-س,2026-10-04T09:12:20+03:30,76328.0,3.0,76328.0,3.0,74105.0,76327.0,76327.0,76328.0,11.0,56111.0,4282833593.0,76328.0,71882,0.0,,1,68,صندوق,صندوق سرمایه گذاری قابل معامله,بازار فرابورس,بازار ابزارهاي نوين مالي فرابورس,1085.9,,0.0,200000000.0,,2211371.0,67300.0,72348.0,25770.0,73355.0,2026-10-03,15265600000000.0,10725.0,2,818617800.0,45386.0,1,3464222608.0,56111.0,6,4282840408.0,0.0,0,0.0,409308900.0,713806734.6666667,0.573,-3464222608.0,7,236621,76328.0,0.0,0,0,1,1000,76327.0,0.0,0,0,3,26914,73500.0,0.0,0,0,2,10025,73364.0,0.0,0,0,1,10000,73000.0,0.0,0,0,صف خرید,72405.0,73069.0,2026-10-04T09:25:25+03:30,5.42,,,,,,,,,,,
50185721305191887,ختور,رادیاتور ایران,2026-10-04T09:29:31+03:30,4630.0,2.89,4610.0,2.44,4500.0,4600.0,4550.0,4630.0,334.0,25663241.0,118418775500.0,4630.0,4370,715.0,6.4,1,34,سهم,خودرو و ساخت قطعات,بازار بورس,بازار اول (تابلوی فرعی) بورس,-23.87,715.0,5508.871,7350000000.0,48.0,77986983.0,4210.0,4500.0,1488.0,4500.0,2026-10-04,33883500000000.0,20011927.0,83,92254983470.0,5651314.0,1,26052557540.0,22256338.0,115,102601718180.0,3406903.0,2,15705822830.0,1111505824.939759,892188853.7391304,1.246,-10346734710.0,147,30344103,4630.0,0.0,0,0,1,10000,4610.0,0.0,0,0,2,24047,4600.0,0.0,0,0,2,102180,4570.0,0.0,0,0,3,403000,4550.0,0.0,0,0,صف خرید,,,,,,,,,,,,,,,
50243708970398750,اطمینان,ص.س.درآمد ثابت اطمینان هیوا-د,2026-10-04T09:28:42+03:30,18588.0,0.12,18588.0,0.12,18565.0,18588.0,18588.0,18589.0,17.0,651285.0,12106160865.0,19121.0,18009,0.0,,1,68,صندوق,صندوق سرمایه گذاری قابل معامله,بازار فرابورس,بازار ابزارهاي نوين مالي فرابورس,1067.75,,0.0,500000000.0,,14937292.0,18514.0,18565.0,13628.0,18565.0,2026-10-04,9294000000000.0,75285.0,2,1399397580.0,576000.0,1,10706688000.0,601828.0,12,11186778864.0,49457.0,1,919306716.0,699698790.0,932231572.0,0.751,-9787381284.0,5,5000000,18588.0,18589.0,3001470,5,1,100000,18587.0,18590.0,100000,1,1,100000,18586.0,18591.0,100000,1,1,100000,18585.0,18592.0,100000,1,1,100000,18584.0,18593.0,100000,1,,18617.0,18633.0,2026-10-04T09:27:05+03:30,-0.16,,,,,,,,,,,
50247622569476338,بوعلی,پتروشیمی بوعلی سینا,2026-10-04T09:29:48+03:30,62820.0,-3.0,62830.0,-2.98,64760.0,62950.0,62820.0,64600.0,1479.0,8535970.0,536309079140.0,66700.0,62820,8261.0,7.6,1,44,سهم,محصولات شیمیایی,بازار بورس,بازار اول (تابلوی فرعی) بورس,10.4,8261.0,60414.64,20090000000.0,8.0,22356283.0,62230.0,66700.0,27300.0,66700.0,2026-10-03,1262254700000000.0,2479540.0,457,155789498200.0,6055000.0,3,380435650000.0,6606690.0,497,415098332700.0,1927850.0,6,121126815500.0,340896057.3304157,835207912.8772635,0.408,-259308834500.0,1,200,62000.0,62820.0,7291713,454,1,200,61220.0,62830.0,950,1,3,30186,58700.0,62920.0,853,2,1,1000,49140.0,62930.0,13751,2,3,15000,43130.0,62940.0,19013,4,,,,,,,,,,,,,,,,
50263705198613204,ضملی9039,اختیارخ فملی-16000-1405/09/04,2026-10-04T09:29:40+03:30,14106.0,4.1,14106.0,4.1,13551.0,14106.0,0.0,0.0,1.0,52.0,733512000.0,100000.0,1,0.0,,1.0,27,اختیار معامله,,,,,,,,,,,,,,,,,,,,,,,,,,,,,,,,1,50,14100.0,15490.0,1,1,1,4,9000.0,15499.0,5,1,1,25,11.0,15500.0,3,2,1,100,1.0,0.0,0,0,0,0,0.0,0.0,0,0,,,,,,فملی,35425587644337450,28740,16000,1000,1405/05/17,1405/09/04,52,خرید,5022,0.0
50264175787486822,ترنج ثابت,ص.س.درآمد ثابت ترنج سودمند-د,2026-10-04T09:28:30+03:30,10115.0,0.05,10118.0,0.08,10110.0,10115.0,10115.0,10122.0,42.0,2645824.0,26770682900.0,10413.0,9807,0.0,,1,68,صندوق,صندوق سرمایه گذاری قابل معامله,بازار فرابورس,بازار ابزارهاي نوين مالي فرابورس,1067.75,,0.0,500000000.0,,6199350.0,10079.0,10117.0,10011.0,10563.0,2026-10-04,5059000000000.0,2645824.0,10,26770447232.0,0.0,0,0.0,1124850.0,7,11381232300.0,1520974.0,1,15389214932.0,2677044723.2000003,1625890328.5714285,1.647,15389214932.0,4,100010116,10114.0,10115.0,2760,1,1,1000000,10113.0,10117.0,500000,1,1,1000000,10112.0,10118.0,10000,1,1,1000000,10111.0,10119.0,10000,1,1,1000000,10110.0,10120.0,10000,1,,10107.0,10129.0,2026-10-04T09:25:34+03:30,0.11,,,,,,,,,,,
50341528161302545,کمنگنز,معادنمنگنزایران,2026-10-04T09:29:45+03:30,10320.0,-2.92,10330.0,-2.82,10630.0,10320.0,10320.0,10500.0,483.0,13874010.0,143250923200.0,10940.0,10320,1317.0,7.8,1,13,سهم,استخراج کانه های فلزی,بازار بورس,بازار اول (تابلوی فرعی) بورس,15.59,1317.0,3588.8225,4500000000.0,48.0,19859577.0,10320.0,10930.0,3225.0,10930.0,2026-10-03,46485000000000.0,11230670.0,184,116012821100.0,2642350.0,6,27295475500.0,13873020.0,105,143308296600.0,0.0,0,0.0,630504462.5,1364840920.0,0.462,-27295475500.0,0,0,0.0,10320.0,11142278,203,0,0,0.0,10400.0,508950,7,0,0,0.0,10440.0,100000,1,0,0,0.0,10470.0,140000,2,0,0,0.0,10480.0,111544,4,صف فروش,,,,,,,,,,,,,,,
50368344235826302,لازما,کارخانه های صنعتی آزمایش,2026-10-04T09:29:45+03:30,216800.0,2.99,212500.0,0.95,210500.0,211600.0,210000.0,216800.0,44.0,86489.0,18686507000.0,216800.0,204200,4652.0,45.7,237420,29,سهم,ماشین آلات و تجهیزات,بازار پایه فرابورس,بازار پایه زرد فرابورس,0.0,4652.0,11906.653,217500000.0,,478306.0,193800.0,205500.0,50250.0,214400.0,2026-10-03,46218750000000.0,51389.0,6,10920162500.0,30000.0,1,6375000000.0,81389.0,22,17295162500.0,0.0,0,0.0,1820027083.3333335,786143750.0,2.315,-6375000000.0,8,41414,216800.0,0.0,0,0,1,2320,216000.0,0.0,0,0,1,300,215000.0,0.0,0,0,1,10000,210300.0,0.0,0,0,2,20000,210100.0,0.0,0,0,صف خرید,,,,,,,,,,,,,,,
50381533386072990,طهرم7053,اختیارف اهرم-26000-1405/07/29,2026-10-04T09:20:09+03:30,10.0,-95.82,10.0,-95.82,239.0,10.0,10.0,10.0,1.0,1.0,10000.0,500000.0,1,0.0,,1.0,68,اختیار معامله,,,,,,,,,,,,,,,,1.0,1,10.0,0.0,0,0.0,1.0,1,10.0,0.0,0,0.0,10.0,10.0,1.0,0.0,1,216,10.0,249.0,140,1,1,389,9.0,250.0,200,1,1,99,6.0,500.0,892,2,2,375,5.0,0.0,0,0,1,1000,4.0,0.0,0,0,,,,,,اهرم,17914401175772326,72311,26000,1000,1405/05/03,1405/07/29,17,فروش,3717,71684000.0
50503654866742146,هامرز,صندوق س اعتماد هامرز-ثابت,2026-10-04T09:26:09+03:30,10236.0,0.11,10236.0,0.11,10225.0,10236.0,10236.0,10237.0,8.0,663261.0,6789179357.0,10531.0,9919,0.0,,1,68,صندوق,صندوق سرمایه گذاری قابل معامله,بازار بورس,بازار صندوق های قابل معامله,0.0,,0.0,2500000000.0,,18731135.0,10200.0,10225.0,10009.0,10272.0,2026-10-04,25590000000000.0,60467.0,3,618940212.0,602794.0,1,6170199384.0,623500.0,5,6382146000.0,39761.0,1,406993596.0,206313404.0,1276429200.0,0.162,-5763205788.0,101,99397314,10236.0,10237.0,13106821,14,1,1000000,10235.0,10238.0,100000,1,1,1000000,10234.0,10239.0,100000,1,1,1000000,10233.0,10240.0,100000,1,1,1000000,10232.0,10241.0,100000,1,,10240.0,10250.0,2026-10-04T09:27:01+03:30,-0.04,,,,,,,,,,,
50528026375269915,ضستا8056,اختیارخ شستا-2600-1405/08/13,2026-10-04T09:23:47+03:30,1072.0,8.72,1072.0,8.72,986.0,1072.0,1072.0,1072.0,37.0,37000.0,39664000000.0,100000.0,1,0.0,,1.0,39,اختیار معامله,,,,,,,,,,,,,,,,0.0,0,0.0,37000.0,1,39664000.0,0.0,0,0.0,37000.0,1,39664000.0,,,,0.0,1,100,1070.0,1399.0,15,1,1,12,1040.0,1400.0,50,1,1,50,1035.0,1715.0,10,1,1,1,1030.0,1720.0,50,1,1,10,1024.0,0.0,0,0,,,,,,شستا,2400322364771558,3580,2600,1000,1405/05/17,1405/08/13,31,خرید,58182,110670000000.0
50573381652821612,ضتاص9022,اختیارخ تاصیکو-23520-05/09/04,2026-10-04T09:28:23+03:30,18000.0,2.26,19031.0,8.12,17602.0,19000.0,18000.0,19450.0,3.0,8.0,152250000.0,100000.0,1,0.0,,1.0,13,اختیار معامله,,,,,,,,,,,,,,,,8.0,3,152248.0,0.0,0,0.0,8.0,3,152248.0,0.0,0,0.0,50749.33333333333,50749.33333333333,1.0,0.0,2,101,18042.0,19450.0,15,1,1,3,18041.0,19500.0,3,1,1,10,18040.0,20000.0,5,1,1,5,18001.0,22000.0,10,1,1,25,18000.0,30000.0,10,1,,,,,,تاصیکو,23293437377896568,37890,23520,1000,1405/05/10,1405/09/04,52,خرید,6643,37890000.0
50580753680043015,معیار,سرمایه گذاری معیار صنعت پارس,2026-10-04T09:29:30+03:30,3143.0,2.98,3142.0,2.95,3052.0,3143.0,3100.0,3143.0,28.0,3414713.0,10728382684.0,3143.0,2961,80.0,39.3,1,56,سهم,سرمایه گذاریها,بازار پایه فرابورس,بازار پایه زرد فرابورس,0.0,80.0,0.0,1500000000.0,,6527578.0,2870.0,3046.0,1298.0,3046.0,2026-10-03,4713000000000.0,3414713.0,9,10729028246.0,0.0,0,0.0,3414713.0,17,10729028246.0,0.0,0,0.0,1192114249.5555556,631119308.5882353,1.889,0.0,3,1698631,3143.0,0.0,0,0,3,85289,3100.0,0.0,0,0,2,940286,3051.0,0.0,0,0,1,1000000,3050.0,0.0,0,0,2,1753510,3020.0,0.0,0,0,صف خرید,,,,,,,,,,,,,,,
50587892784913370,حشکوه,دلیجان طلایی شکوه پارس,2026-10-04T09:28:37+03:30,1298.0,-0.38,1276.0,-2.07,1303.0,1315.0,1264.0,1326.0,110.0,11020368.0,14064178734.0,1342.0,1264,28.0,45.6,1,60,سهم,حمل ونقل، انبارداری و ارتباطات,بازار پایه فرابورس,بازار پایه زرد فرابورس,0.0,28.0,0.0,11010000000.0,,39743564.0,1240.0,1326.0,1078.0,2568.0,2026-10-03,14048760000000.0,11020368.0,43,14061989568.0,0.0,0,0.0,11020368.0,46,14061989568.0,0.0,0,0.0,327023013.2093023,305695425.3913044,1.07,0.0,1,78764,1272.0,1300.0,14140,1,1,300000,1271.0,1318.0,1000000,1,1,298167,1270.0,1319.0,489886,2,1,40000,1266.0,1320.0,102000,2,1,50000,1265.0,1321.0,1000,1,,,,,,,,,,,,,,,,
50633804639547462,کمرجان,بازرگانی و تولیدی مرجان کار,2026-10-04T09:29:46+03:30,4650.0,1.31,4690.0,2.18,4590.0,4700.0,4540.0,4720.0,118.0,2095691.0,9830687350.0,4720.0,4460,299.0,15.7,1,54,سهم,سایر محصولات کانی غیرفلزی,بازار فرابورس,بازار اول فرابورس,10.45,299.0,1646.9453,1900000000.0,,17690638.0,4470.0,4820.0,3530.0,8100.0,2026-10-04,8911000000000.0,2041833.0,29,9576196770.0,0.0,0,0.0,2041833.0,53,9576196770.0,0.0,0,0.0,330213681.72413796,180682957.9245283,1.828,0.0,3,17556,4630.0,4650.0,27571,1,2,11500,4620.0,4700.0,146346,5,1,2000,4600.0,4710.0,149000,3,3,72000,4580.0,4720.0,1245760,19,2,100035,4570.0,4800.0,40300,1,,,,,,,,,,,,,,,,
50652509974768380,تسه1405,امتیاز تسهیلات مسکن سال1405,2026-10-04T09:29:52+03:30,1208662.0,3.0,1208662.0,3.0,1173459.0,1208662.0,1208662.0,1208662.0,1219.0,253699.0,306636340738.0,1208662.0,1138256,0.0,,1,59,سهم,اوراق حق تقدم استفاده از تسهیلات مسکن,بازار فرابورس,بازار ابزارهاي نوين مالي فرابورس,0.0,,0.0,4427343.0,,772236.0,1073883.0,1139281.0,741493.0,1185611.0,2026-10-03,5351161245066.0,252844.0,178,305602934728.0,0.0,0,0.0,173986.0,976,210290266732.0,78858.0,7,95312667996.0,1716870419.8202248,215461338.8647541,7.968,95312667996.0,608,584069,1208662.0,0.0,0,0,1,5,1208660.0,0.0,0,0,1,66,1208000.0,0.0,0,0,1,1600,1205662.0,0.0,0,0,1,1000,1194000.0,0.0,0,0,صف خرید,,,,,,,,,,,,,,,
50949399050647500,اخزا211,اسناد خزانه-م11بودجه02-050720,2026-10-04T08:30:08+03:30,991400.0,0.17,991400.0,0.17,989690.0,991400.0,991400.0,991400.0,1.0,8898.0,8821477200.0,1019380.0,960000,0.0,,1.0,69,اوراق بدهی,,,,,,,,,,,,,,,,8898.0,1,8821477200.0,0.0,0,0.0,8898.0,1,8821477200.0,0.0,0,0.0,8821477200.0,8821477200.0,1.0,0.0,1,5300,991600.0,992000.0,680,1,1,16125,991500.0,993000.0,3000,1,1,46,991410.0,993800.0,10,1,2,5000,991400.0,993890.0,400,1,1,1000,990000.0,993900.0,18888,1,,,,,,,,,,,,,,,,
50979406594132716,ضتوان737,اختیارخ توان-70000-14050726,2026-10-04T09:25:49+03:30,4800.0,-21.1,4341.0,-28.65,6084.0,4999.0,4200.0,4999.0,5.0,61.0,264800000.0,1000000.0,1,0.0,,1.0,68,اختیار معامله,,,,,,,,,,,,,,,,61.0,4,264801.0,0.0,0,0.0,61.0,3,264801.0,0.0,0,0.0,66200.25,88267.0,0.75,0.0,1,45,4552.0,6122.0,1,1,1,42,4392.0,6437.0,45,1,1,40,4232.0,6599.0,42,1,1,2,4076.0,6761.0,40,1,1,1,4075.0,6923.0,37,1,,,,,,توان,41927452991671109,69595,70000,1000,1405/05/27,1405/07/26,14,خرید,821,4225592000.0
50983346180251408,خاتم2,صندوق س خاتم ایساتیس پویا-ثابت,2026-10-04T08:38:37+03:30,1.0,-100.0,1.0,-100.0,42293.0,1.0,1.0,1.0,4.0,3212245.0,3212245.0,1.0,1,0.0,,1,68,صندوق,صندوق سرمایه گذاری قابل معامله,بازار بورس,-',0.0,,0.0,1000000000.0,,11814029.0,1.0,1.0,1.0,1.0,2026-10-04,1000000000.0,0.0,0,0.0,3212245.0,1,3212245.0,0.0,0,0.0,3212245.0,1,3212245.0,,,,0.0,0,0,0.0,0.0,0,0,,,,,,,,,,,,,,,,,,,,,,,,,,,,,,,,,,,,,,,,
51017863148152520,فرود,فولاد شاهرود,2026-10-04T09:29:17+03:30,9920.0,2.59,9910.0,2.48,9670.0,9670.0,9660.0,9960.0,264.0,10940177.0,108382485670.0,9960.0,9380,910.0,10.9,1,27,سهم,فلزات اساسی,بازار فرابورس,بازار دوم فرابورس,8.69,910.0,14822.031,5400000000.0,,12854064.0,9120.0,9670.0,2525.0,10050.0,2026-10-04,53514000000000.0,7241953.0,70,71767754230.0,3698224.0,6,36649399840.0,10940177.0,97,108417154070.0,0.0,0,0.0,1025253631.8571428,1117702619.2783506,0.917,-36649399840.0,2,310000,9900.0,9920.0,420500,2,9,1174451,9890.0,9930.0,189450,3,3,275897,9860.0,9940.0,185572,5,6,141072,9850.0,9950.0,197600,7,2,37618,9840.0,9960.0,1132126,31,,,,,,,,,,,,,,,,
51106317433079213,آسیا,بیمه آسیا,2026-10-04T09:29:48+03:30,4140.0,-1.9,4140.0,-1.9,4220.0,4290.0,4100.0,4290.0,250.0,10707295.0,44345177940.0,4340.0,4100,1869.0,2.2,1,66,سهم,بیمه وصندوق بازنشستگی به جزتامین اجتماعی,بازار بورس,بازار دوم (تابلوی اصلی) بورس,5.06,1869.0,0.0,40000000000.0,14.0,60389484.0,3940.0,4180.0,1281.0,4180.0,2026-10-03,165600000000000.0,10151021.0,91,42025226940.0,0.0,0,0.0,10151021.0,75,42025226940.0,0.0,0,0.0,461815680.6593407,560336359.1999999,0.824,0.0,2,348250,4130.0,4180.0,300000,1,4,536423,4120.0,4190.0,501056,5,11,1033196,4110.0,4210.0,10000,1,43,4121219,4100.0,4220.0,4418,2,1,12361,4030.0,4230.0,308700,6,,,,,,,,,,,,,,,,
51225420656129029,ضملی9043,اختیارخ فملی-24000-1405/09/04,2026-10-04T09:29:44+03:30,7350.0,7.72,7103.0,4.1,6823.0,6473.0,6473.0,7400.0,75.0,2569.0,18247157000.0,100000.0,1,0.0,,1.0,27,اختیار معامله,,,,,,,,,,,,,,,,2469.0,28,17537307.0,0.0,0,0.0,2369.0,35,16827007.0,100.0,1,710300.0,626332.3928571428,480771.62857142853,1.303,710300.0,1,254,7350.0,7398.0,120,2,1,11,7301.0,7400.0,102,2,1,51,7300.0,7489.0,20,1,1,1,7260.0,7497.0,3,1,1,91,7225.0,7500.0,243,3,,,,,,فملی,35425587644337450,28740,24000,1000,1405/05/17,1405/09/04,52,خرید,70763,66485730000.0
51285326016186930,صدف,صندوق س صدف سهام-سهام,2026-10-04T09:25:08+03:30,47915.0,-1.42,48167.0,-0.9,48604.0,48250.0,47915.0,48250.0,4.0,8396.0,404412000.0,50062.0,47146,0.0,,1,68,صندوق,صندوق سرمایه گذاری قابل معامله,بازار بورس,بازار صندوق های قابل معامله,0.0,,0.0,100000000.0,,268080.0,47000.0,49384.0,18040.0,49384.0,2026-10-03,4816700000000.0,8296.0,2,399593432.0,100.0,1,4816700.0,8396.0,3,404410132.0,0.0,0,0.0,199796716.0,134803377.3333333,1.482,-4816700.0,1,2000,47910.0,48838.0,596,1,1,59900,47900.0,48840.0,60000,1,0,0,0.0,49000.0,1404,1,0,0,0.0,0.0,0,0,0,0,0.0,0.0,0,0,,48398.0,48941.0,2026-10-04T09:25:44+03:30,-0.48,,,,,,,,,,,
51390991364277477,سلیم,سرمایه گذاری سلیم,2026-10-04T09:29:43+03:30,1415.0,2.24,1404.0,1.45,1384.0,1399.0,1386.0,1415.0,135.0,12765202.0,17918736716.0,1425.0,1343,146.0,9.6,1,56,سهم,سرمایه گذاریها,بازار فرابورس,بازار دوم فرابورس,8.88,146.0,0.0,18759000000.0,,77073566.0,1345.0,1429.0,925.0,1873.0,2026-10-04,26337636000000.0,12441834.0,29,17468334936.0,0.0,0,0.0,11894046.0,68,16699240584.0,547788.0,2,769094352.0,602356377.1034483,245577067.4117647,2.453,769094352.0,4,544120,1406.0,1415.0,521701,1,1,1000000,1404.0,1418.0,150,1,2,277938,1401.0,1419.0,60000,2,3,313931,1400.0,1422.0,701069,2,4,400000,1398.0,1423.0,450000,3,,,,,,,,,,,,,,,,
51492083630120912,طملت8075,اختیارف وبملت-1500-1405/08/20,2026-10-04T09:18:52+03:30,121.0,40.7,121.0,40.7,86.0,121.0,121.0,121.0,1.0,2.0,242000.0,100000.0,1,0.0,,1.0,57,اختیار معامله,,,,,,,,,,,,,,,,2.0,1,242.0,0.0,0,0.0,2.0,1,242.0,0.0,0,0.0,242.0,242.0,1.0,0.0,1,18,121.0,200.0,499,1,1,1000,100.0,0.0,0,0,2,715,91.0,0.0,0,0,1,300,90.0,0.0,0,0,2,500,80.0,0.0,0,0,,,,,,وبملت,778253364357513,1459,1500,1000,1405/05/24,1405/08/20,38,فروش,11616,2918000.0
51539000543410496,ناوگان,صندوق س.بخشی زمرد نو ویرا1-ب,2026-10-04T09:11:49+03:30,16950.0,1.37,16950.0,1.37,16721.0,16950.0,16950.0,16950.0,1.0,64.0,1084800.0,17222.0,16220,0.0,,1,68,صندوق,صندوق سرمایه گذاری قابل معامله,بازار فرابورس,بازار ابزارهاي نوين مالي فرابورس,1085.67,,0.0,400000000.0,,3044338.0,16400.0,16990.0,9900.0,16993.0,2026-10-03,6780000000000.0,64.0,1,1084800.0,0.0,0,0.0,64.0,1,1084800.0,0.0,0,0.0,1084800.0,1084800.0,1.0,0.0,1,1000,16697.0,16900.0,206200,3,1,100000,16680.0,16950.0,112927,4,1,200000,16650.0,16952.0,100000,1,1,100000,16630.0,16968.0,100000,1,1,100000,16620.0,16973.0,100000,1,,16708.0,16881.0,2026-10-04T09:25:34+03:30,1.45,,,,,,,,,,,
51737107023437908,بیوتیکح,ح .آنتی بیوتیک سازی ایران,2026-10-04T09:28:37+03:30,27300.0,1.15,27300.0,1.15,26990.0,27300.0,27300.0,27300.0,1.0,211.0,5760300.0,27790.0,26190,0.0,,1,43,سهم,مواد و محصولات دارویی,بازار فرابورس,-',10.21,,0.0,379500000.0,,324207.0,27630.0,30930.0,10820.0,32930.0,2026-10-03,10360350000000.0,211.0,1,5760300.0,0.0,0,0.0,0.0,0,0.0,211.0,1,5760300.0,5760300.0,,,5760300.0,2,1275,26200.0,27300.0,499789,5,31,322623,26190.0,0.0,0,0,0,0,0.0,0.0,0,0,0,0,0.0,0.0,0,0,0,0,0.0,0.0,0,0,,,,,,,,,,,,,,,,
51746755083672106,ضدزاگرس700,اختیارخ دزاگرس-17000-14050719,2026-10-04T09:24:30+03:30,18000.0,15.14,17845.0,14.15,15633.0,17500.0,17500.0,19000.0,10.0,19.0,339054000.0,1000000.0,1,0.0,,1.0,43,اختیار معامله,,,,,,,,,,,,,,,,19.0,6,339055.0,0.0,0,0.0,19.0,4,339055.0,0.0,0,0.0,56509.166666666664,84763.75,0.667,0.0,2,13,17501.0,18500.0,6,1,3,8,17500.0,19000.0,2,1,1,34,16852.0,19876.0,2,1,2,4,16850.0,21000.0,16,3,1,2,16830.0,0.0,0,0,,,,,,دزاگرس,43450146028916610,29560,17000,1000,1405/06/23,1405/07/19,7,خرید,994,413840000.0
51920757918600374,هم تراز,صندوق س شاخصی هم وزن تراز-سهام,2026-10-04T09:29:28+03:30,29721.0,-0.41,30236.0,1.31,29844.0,30322.0,29600.0,30346.0,108.0,3036246.0,91803375094.0,30739.0,28949,0.0,,1,68,صندوق,صندوق سرمایه گذاری قابل معامله,بازار بورس,بازار صندوق های قابل معامله,0.0,,0.0,1000000000.0,,16211810.0,28200.0,29802.0,10930.0,29802.0,2026-10-03,30236000000000.0,436246.0,18,13190334056.0,2600000.0,1,78613600000.0,2780419.0,31,84068748884.0,255827.0,2,7735185172.0,732796336.4444445,2711895125.290323,0.27,-70878414828.0,1,20000,29750.0,30290.0,2000,1,1,26498,29730.0,30297.0,134502,1,3,42466,29725.0,30298.0,34818,1,1,100,29724.0,30300.0,87241,3,1,100,29723.0,30341.0,3500,1,,29951.0,30259.0,2026-10-04T08:55:46+03:30,0.95,,,,,,,,,,,
51971068201094874,بپاس,بیمه پاسارگاد,2026-10-04T09:29:39+03:30,13060.0,0.31,13050.0,0.23,13020.0,13050.0,13010.0,13070.0,89.0,2366317.0,30881988380.0,13410.0,12630,484.0,27.0,1,66,سهم,بیمه وصندوق بازنشستگی به جزتامین اجتماعی,بازار فرابورس,بازار دوم فرابورس,18.75,484.0,0.0,103500000000.0,,9371298.0,12780.0,13050.0,4910.0,13050.0,2026-10-03,1350675000000000.0,135499.0,11,1768261950.0,2077847.0,1,27115903350.0,2213346.0,29,28884165300.0,0.0,0,0.0,160751086.36363637,996005700.0000001,0.161,-27115903350.0,1,8184,13060.0,13070.0,546812,11,1,8845,13050.0,13080.0,100000,1,1,24609,13040.0,13090.0,28000,1,2,21044,13030.0,13100.0,104153,3,1,50000,13020.0,13110.0,6000,1,,,,,,,,,,,,,,,,
52049748436182471,ضاطلس071907,اختیارخ اطلس-160000-14050719,2026-10-04T09:27:22+03:30,14450.0,-11.55,12165.0,-25.54,16337.0,11690.0,11690.0,14450.0,3.0,6.0,72988000.0,1000000.0,1,0.0,,1.0,68,اختیار معامله,,,,,,,,,,,,,,,,4.0,1,48660.0,2.0,1,24330.0,2.0,1,24330.0,4.0,1,48660.0,48660.0,24330.0,2.0,24330.0,1,34,15033.0,15394.0,33,1,1,31,14943.0,15484.0,31,1,1,26,14671.0,15574.0,29,1,1,10,1100.0,15753.0,26,1,1,20,500.0,18801.0,5,1,,,,,,اطلس,11427939669935844,170305,160000,1000,1405/05/25,1405/07/19,7,خرید,1074,1020822000.0
52072935330536087,طملت7044,اختیارف وبملت-1454-1405/07/22,2026-10-04T09:29:45+03:30,46.0,21.05,54.0,42.11,38.0,51.0,45.0,61.0,900.0,353315.0,19181265000.0,100000.0,1,0.0,,1.0,57,اختیار معامله,,,,,,,,,,,,,,,,313400.0,98,16923600.0,39735.0,3,2145690.0,353135.0,84,19069290.0,0.0,0,0.0,172689.79591836734,227015.35714285716,0.761,-2145690.0,7,3310,44.0,45.0,500,1,1,500,43.0,46.0,1949,3,2,1020,41.0,47.0,795,3,1,10,40.0,48.0,2761,3,2,1010,39.0,49.0,1740,2,,,,,,وبملت,778253364357513,1459,1454,1000,1405/04/27,1405/07/22,10,فروش,2200492,490431178000.0
52108299737513207,ضهرم9034,اختیارخ اهرم-120000-1405/09/25,2026-10-04T09:29:23+03:30,4200.0,-0.14,4125.0,-1.93,4206.0,4001.0,4000.0,4390.0,29.0,188.0,775444000.0,500000.0,1,0.0,,1.0,68,اختیار معامله,,,,,,,,,,,,,,,,188.0,14,775500.0,0.0,0,0.0,188.0,14,775500.0,0.0,0,0.0,55392.857142857145,55392.857142857145,1.0,0.0,2,55,4200.0,4280.0,10,1,1,200,4190.0,4297.0,26,2,1,9,4158.0,4390.0,13,1,1,50,4153.0,4395.0,230,1,2,1083,4075.0,4397.0,184,2,,,,,,اهرم,17914401175772326,72311,120000,1000,1405/06/28,1405/09/25,73,خرید,12877,11041398000.0
52218067993070124,ضصاد7048,اختیارخ وبصادر-1200-1405/07/22,2026-10-04T09:28:18+03:30,2.0,0.0,2.0,0.0,2.0,1.0,1.0,2.0,107.0,54172.0,107143000.0,100000.0,1,0.0,,1.0,57,اختیار معامله,,,,,,,,,,,,,,,,54172.0,9,108344.0,0.0,0,0.0,54172.0,9,108344.0,0.0,0,0.0,12038.222222222223,12038.222222222223,1.0,0.0,164,158616,1.0,2.0,30255,34,0,0,0.0,3.0,70131,72,0,0,0.0,4.0,7450,8,0,0,0.0,5.0,3500,4,0,0,0.0,6.0,1000,1,,,,,,وبصادر,28320293733348826,909,1200,1000,1405/06/04,1405/07/22,10,خرید,1039366,47109834000.0
52220424531578944,سغرب,سیمانغرب,2026-10-04T09:29:20+03:30,8550.0,-0.7,8560.0,-0.58,8610.0,8780.0,8430.0,8780.0,69.0,559156.0,4787168770.0,8860.0,8360,1220.0,7.0,1,53,سهم,سیمان، آهک و گچ,بازار بورس,بازار اول (تابلوی اصلی) بورس,7.72,1220.0,4101.174,5650000000.0,27.0,10463258.0,7990.0,8680.0,6190.0,10080.0,2026-10-03,48364000000000.0,389166.0,32,3331260960.0,169990.0,1,1455114400.0,559156.0,37,4786375360.0,0.0,0,0.0,104101905.0,129361496.21621622,0.805,-1455114400.0,2,10633,8550.0,8560.0,71003,6,1,30000,8510.0,8570.0,76641,1,1,10000,8500.0,8580.0,3670,1,3,26101,8490.0,8590.0,10697,2,1,50000,8480.0,8600.0,775,1,,,,,,,,,,,,,,,,
52232388263291380,وامید,گروه مدیریت سرمایه گذاری امید,2026-10-04T09:29:29+03:30,5940.0,-1.0,5960.0,-0.67,6000.0,6020.0,5860.0,6150.0,176.0,7187648.0,42838044810.0,6180.0,5820,638.0,9.3,1,39,سهم,شرکتهای چند رشته ای صنعتی,بازار بورس,بازار دوم (تابلوی اصلی) بورس,11.6,638.0,0.0,375000000000.0,6.0,74853087.0,5980.0,6220.0,4460.0,14480.0,2026-10-03,2235000000000000.0,2283358.0,40,13608813680.0,4904290.0,1,29229568400.0,4822746.0,67,28743566160.0,2364902.0,2,14094815920.0,340220342.0,429008450.1492537,0.793,-15134752480.0,1,34216,5940.0,5950.0,185604,5,3,69864,5920.0,5960.0,200000,1,2,100565,5910.0,5970.0,606505,4,3,206528,5900.0,5980.0,75881,1,2,175464,5890.0,5990.0,174776,4,,,,,,,,,,,,,,,,
52341582911691141,طذوب7042,اختیارف ذوب-550-1405/07/22,2026-10-04T09:29:48+03:30,1.0,-50.0,1.0,-50.0,2.0,3.0,1.0,3.0,51.0,18982.0,21220000.0,100000.0,1,0.0,,1.0,27,اختیار معامله,,,,,,,,,,,,,,,,15885.0,4,15885.0,0.0,0,0.0,13352.0,3,13352.0,2533.0,1,2533.0,3971.25,4450.666666666667,0.892,2533.0,43,42320,1.0,3.0,13881,14,0,0,0.0,4.0,1000,1,0,0,0.0,9.0,2000,2,0,0,0.0,0.0,0,0,0,0,0.0,0.0,0,0,,,,,,ذوب,71483646978964608,656,550,1000,1405/04/21,1405/07/22,10,فروش,510327,2159552000.0
52382684379473036,دکپسول,تولید ژلاتین کپسول ایران,2026-10-04T09:29:50+03:30,178200.0,0.28,177400.0,-0.17,177700.0,175000.0,175000.0,180000.0,169.0,86490.0,15343093000.0,183000.0,172400,20406.0,8.7,1,43,سهم,مواد و محصولات دارویی,بازار فرابورس,بازار اول فرابورس,10.26,20406.0,66081.93,300000000.0,,1227832.0,175300.0,186200.0,106350.0,204850.0,2026-10-04,53220000000000.0,84530.0,66,14995622000.0,1662.0,1,294838800.0,86192.0,66,15290460800.0,0.0,0,0.0,227206393.93939394,231673648.4848485,0.981,-294838800.0,3,1585,177800.0,178200.0,2401,3,5,2462,177700.0,178300.0,14297,3,1,29,177300.0,178400.0,1200,2,2,1529,177200.0,178500.0,2619,1,1,1000,177100.0,178800.0,800,1,,,,,,,,,,,,,,,,
52455922800537930,تکنار,مجتمع معادن مس تکنار,2026-10-04T09:26:32+03:30,177200.0,2.96,177200.0,2.96,172100.0,177200.0,177200.0,177200.0,6.0,264.0,46780800.0,177200.0,167000,-2961.0,-59.8,1,13,سهم,استخراج کانه های فلزی,بازار پایه فرابورس,بازار پایه زرد فرابورس,0.0,-2961.0,0.0,60000000.0,,105711.0,157600.0,167100.0,45000.0,167100.0,2026-10-03,10632000000000.0,264.0,1,46780800.0,0.0,0,0.0,264.0,4,46780800.0,0.0,0,0.0,46780800.0,11695200.0,4.0,0.0,90,336452,177200.0,0.0,0,0,4,8268,172100.0,0.0,0,0,1,600,172000.0,0.0,0,0,1,1000,167000.0,0.0,0,0,0,0,0.0,0.0,0,0,صف خرید,,,,,,,,,,,,,,,
52497713622747990,آلیاژ,صندوق س صنایع آگاه3-بخشی,2026-10-04T09:27:23+03:30,39272.0,3.0,39055.0,2.43,38129.0,39090.0,38345.0,39272.0,154.0,807831.0,31549648361.0,39272.0,36986,0.0,,1,68,صندوق,صندوق سرمایه گذاری قابل معامله,بازار بورس,بازار صندوق های قابل معامله,0.0,,0.0,1000000000.0,,7759477.0,34630.0,37254.0,10680.0,37931.0,2026-10-03,39055000000000.0,776212.0,72,30314959660.0,31619.0,2,1234880045.0,466755.0,40,18229116525.0,341076.0,2,13320723180.0,421041106.3888889,455727913.125,0.924,12085843135.0,30,902317,39272.0,0.0,0,0,1,26,39219.0,0.0,0,0,1,2000,39000.0,0.0,0,0,2,2525,38970.0,0.0,0,0,1,1500,38968.0,0.0,0,0,صف خرید,39574.0,39982.0,2026-10-04T09:26:30+03:30,-1.31,,,,,,,,,,,
52551569846042389,بمان,صندوق س.بازده مانا-د,2026-10-04T09:27:47+03:30,22461.0,0.13,22460.0,0.12,22432.0,22460.0,22460.0,22461.0,6.0,101671.0,2283534973.0,23104.0,21760,0.0,,1,68,صندوق,صندوق سرمایه گذاری قابل معامله,بازار فرابورس,بازار ابزارهاي نوين مالي فرابورس,1067.75,,0.0,800000000.0,,31926302.0,22372.0,22433.0,16472.0,22433.0,2026-10-04,17968000000000.0,4313.0,1,96869980.0,97358.0,1,2186660680.0,97358.0,4,2186660680.0,4313.0,1,96869980.0,96869980.0,546665170.0,0.177,-2089790700.0,1,100000000,22460.0,22461.0,29995687,1,1,1000000,22459.0,22462.0,1000000,1,1,1000000,22458.0,22463.0,1000000,1,1,1000000,22457.0,22464.0,1000000,1,1,1000000,22456.0,22465.0,1000000,1,,22453.0,22473.0,2026-10-04T09:27:12+03:30,0.03,,,,,,,,,,,
52587750999094180,نیشکر,توسعه نیشکر و صنایع جانبی,2026-10-04T09:29:32+03:30,64480.0,-0.22,62770.0,-2.86,64620.0,65090.0,62690.0,65090.0,122.0,368630.0,23140323810.0,66550.0,62690,6371.0,9.9,1,38,سهم,قند و شکر,بازار فرابورس,بازار دوم فرابورس,9.81,6371.0,0.0,11431145000.0,,1571404.0,62900.0,68140.0,46430.0,70470.0,2026-10-04,717532971650000.0,139632.0,45,8764700640.0,227998.0,2,14311434460.0,367630.0,56,23076135100.0,0.0,0,0.0,194771125.33333334,412073841.07142854,0.473,-14311434460.0,1,265,64420.0,64470.0,2000,1,2,48577,63000.0,64480.0,29530,2,1,80,62970.0,64490.0,34530,8,1,10000,62870.0,64500.0,692,5,2,2585,62860.0,64590.0,1428,3,,,,,,,,,,,,,,,,
52697587046091653,پایدار2,ص.س.درآمد ثابت رایا پایدار-د,2026-10-04T08:50:09+03:30,1.0,-99.99,1.0,-99.99,11061.0,1.0,1.0,1.0,1.0,50000.0,50000.0,1.0,1,0.0,,1,68,صندوق,صندوق سرمایه گذاری قابل معامله,بازار فرابورس,بازار ابزارهاي نوين مالي فرابورس,1067.75,,0.0,300000000.0,,9260476.0,1.0,1.0,1.0,1.0,2026-10-04,300000000.0,0.0,0,0.0,50000.0,1,50000.0,0.0,0,0.0,50000.0,1,50000.0,,,,0.0,0,0,0.0,0.0,0,0,,,,,,,,,,,,,,,,,,,,,,,,,,,,,,,,,,,,,,,,
52780762383210426,ضهرم8035,اختیارخ اهرم-90000-1405/08/27,2026-10-04T09:29:45+03:30,5349.0,3.08,4392.0,-15.36,5189.0,4153.0,3905.0,5400.0,339.0,11270.0,49492734000.0,500000.0,1,0.0,,1.0,68,اختیار معامله,,,,,,,,,,,,,,,,11227.0,73,49308984.0,35.0,1,153720.0,11262.0,53,49462704.0,0.0,0,0.0,675465.5342465753,933258.5660377358,0.724,-153720.0,1,6,5150.0,5340.0,73,1,1,95,5140.0,5341.0,100,1,2,125,5130.0,5347.0,174,2,1,20,5110.0,5349.0,27,1,1,35,4860.0,5350.0,55,2,,,,,,اهرم,17914401175772326,72311,90000,1000,1405/06/29,1405/08/27,45,خرید,98830,774918508000.0
52792047330539792,ضهرم8032,اختیارخ اهرم-68000-1405/08/27,2026-10-04T09:29:49+03:30,14428.0,-1.7,13448.0,-8.38,14678.0,13040.0,12733.0,14450.0,939.0,26751.0,359742545000.0,500000.0,1,0.0,,1.0,68,اختیار معامله,,,,,,,,,,,,,,,,26498.0,176,356345104.0,194.0,2,2608912.0,25706.0,129,345694288.0,986.0,5,13259728.0,2024688.090909091,2679800.6821705424,0.756,10650816.0,2,31,14367.0,14398.0,136,1,1,10,14360.0,14428.0,46,1,2,52,14230.0,14449.0,4,2,1,100,14221.0,14500.0,2,2,1,100,14215.0,14529.0,30,2,,,,,,اهرم,17914401175772326,72311,68000,1000,1405/05/31,1405/08/27,45,خرید,214746,1867389216000.0
52792903131341205,افرا,افرانت,2026-10-04T09:29:13+03:30,8670.0,-2.91,8670.0,-2.91,8930.0,8670.0,8670.0,8870.0,232.0,4074752.0,35340322110.0,9190.0,8670,605.0,14.3,1,72,سهم,رایانه و فعالیتهای وابسته به آن,بازار فرابورس,بازار اول فرابورس,9.48,605.0,0.0,2040000000.0,,40241079.0,8900.0,9400.0,3700.0,13910.0,2026-10-04,17686800000000.0,4074752.0,152,35328099840.0,0.0,0,0.0,3774752.0,28,32727099840.0,300000.0,1,2601000000.0,232421709.4736842,1168824994.2857141,0.199,2601000000.0,1,30000,8610.0,8670.0,10734251,87,0,0,0.0,8680.0,100000,1,0,0,0.0,8690.0,521499,2,0,0,0.0,8800.0,300000,1,0,0,0.0,8830.0,300000,1,,,,,,,,,,,,,,,,
52846735736632974,صنهال,صندوق س. نهال ایرانیان-ثابت,2026-10-04T09:28:44+03:30,25777.0,0.11,25777.0,0.11,25749.0,25777.0,25777.0,25778.0,44.0,1118876.0,28841357897.0,26521.0,24977,0.0,,1,68,صندوق,صندوق سرمایه گذاری قابل معامله,بازار بورس,بازار صندوق های قابل معامله,0.0,,0.0,1300000000.0,,82851464.0,25683.0,25750.0,18981.0,25750.0,2026-10-04,33510100000000.0,173255.0,4,4465994135.0,945621.0,1,24375272517.0,1093642.0,39,28190809834.0,25234.0,1,650456818.0,1116498533.75,722841277.7948718,1.545,-23724815699.0,1,199790909,25777.0,25778.0,50500937,7,3,1200000,25776.0,25779.0,1200000,3,3,1200000,25775.0,25780.0,1200000,3,3,1200000,25774.0,25781.0,1200000,3,3,1200000,25773.0,25782.0,1200000,3,,25748.0,25779.0,2026-10-04T09:27:39+03:30,0.11,,,,,,,,,,,
52932092555708556,تکاردان,تامین سرمایه کاردان,2026-10-04T09:29:23+03:30,2666.0,-0.56,2664.0,-0.63,2681.0,2660.0,2660.0,2670.0,53.0,98191.0,261578997.0,2761.0,2601,632.0,4.2,1,67,سهم,فعالیتهای کمکی به نهادهای مالی واسط,بازار بورس,بازار دوم (تابلوی اصلی) بورس,6.37,632.0,0.0,50000000000.0,5.0,4726129.0,2650.0,2737.0,1700.0,2990.0,2026-10-03,133200000000000.0,31380.0,5,83596320.0,66811.0,2,177984504.0,98191.0,43,261580824.0,0.0,0,0.0,16719264.0,6083274.976744186,2.748,-177984504.0,3,22195,2666.0,2677.0,6126,2,1,21441,2665.0,2680.0,4250,4,1,4000,2662.0,2700.0,8413,4,2,112125,2661.0,2720.0,2500,1,1,104350,2660.0,2740.0,9388,4,,,,,,,,,,,,,,,,
53059909885484371,رویین,صندوق س.بخشی صنایع سورنا1-ب,2026-10-04T09:27:24+03:30,36090.0,2.91,35383.0,0.89,35070.0,35064.0,35064.0,36090.0,8.0,33900.0,1199496000.0,36122.0,34018,0.0,,1,68,صندوق,صندوق سرمایه گذاری قابل معامله,بازار فرابورس,بازار ابزارهاي نوين مالي فرابورس,1085.32,,0.0,600000000.0,,4281540.0,31936.0,34792.0,11600.0,34792.0,2026-10-03,21229800000000.0,31500.0,3,1114564500.0,2400.0,1,84919200.0,3900.0,2,137993700.0,30000.0,1,1061490000.0,371521500.0,68996850.0,5.385,976570800.0,1,9586,35500.0,36090.0,1500,2,2,102813,35460.0,36100.0,30000,1,2,148000,35198.0,36122.0,15405,2,1,380,35080.0,0.0,0,0,1,100000,34821.0,0.0,0,0,,35551.0,35938.0,2026-10-04T09:27:05+03:30,-0.47,,,,,,,,,,,
53113471126689455,چکارن,کارتن ایران,2026-10-04T09:28:18+03:30,5040.0,2.86,5040.0,2.86,4900.0,5000.0,4970.0,5040.0,109.0,3343963.0,16843093410.0,5040.0,4760,476.0,10.6,1,21,سهم,محصولات کاغذی,بازار بورس,بازار دوم (تابلوی اصلی) بورس,17.05,476.0,2969.0034,2957295000.0,58.0,4379264.0,4600.0,4920.0,2501.0,5210.0,2026-10-03,14904766800000.0,3343963.0,14,16853573520.0,0.0,0,0.0,3343963.0,65,16853573520.0,0.0,0,0.0,1203826680.0,259285746.46153846,4.643,0.0,8,155286,5040.0,5050.0,2251,2,1,1000,5030.0,5160.0,7500,6,1,946,5000.0,5210.0,270,1,1,8000,4920.0,0.0,0,0,1,1218,4910.0,0.0,0,0,,,,,,,,,,,,,,,,
53128144215884701,ضسپا7031,اختیارخ خساپا-700-1405/07/29,2026-10-04T09:29:45+03:30,72.0,2.86,65.0,-7.14,70.0,63.0,57.0,74.0,762.0,301785.0,19680801000.0,100000.0,1,0.0,,1.0,34,اختیار معامله,,,,,,,,,,,,,,,,280863.0,91,18256095.0,17532.0,1,1139580.0,261819.0,74,17018235.0,36576.0,3,2377440.0,200616.42857142858,229976.14864864864,0.872,1237860.0,11,7901,71.0,72.0,190,1,13,12109,70.0,73.0,4202,7,4,4000,69.0,74.0,2103,4,2,2000,68.0,75.0,876,4,2,2000,67.0,76.0,1335,4,,,,,,خساپا,44891482026867833,686,700,1000,1405/04/27,1405/07/29,17,خرید,6547301,186150284000.0
53145304508578701,تمشک,صندوق س تمشک نماد رشد-در صندوق,2026-10-04T09:29:37+03:30,53865.0,0.02,53975.0,0.23,53852.0,54189.0,53600.0,54189.0,292.0,4317331.0,233028729690.0,55467.0,52237,0.0,,1,68,صندوق,صندوق سرمایه گذاری قابل معامله,بازار بورس,بازار صندوق های قابل معامله,0.0,,0.0,1000000000.0,,38784851.0,52209.0,54000.0,28750.0,54000.0,2026-10-03,53975000000000.0,1438164.0,73,77624901900.0,2877034.0,1,155287910150.0,4315198.0,117,232912812050.0,0.0,0,0.0,1063354820.5479453,1990707795.2991452,0.534,-155287910150.0,1,19,53860.0,53865.0,3206,2,1,35000,53853.0,53953.0,5214,1,1,82452,53852.0,53954.0,1,1,3,220,53851.0,53955.0,5429,1,2,600,53850.0,53959.0,9086,2,,54829.0,54949.0,2026-10-04T09:27:13+03:30,-1.56,,,,,,,,,,,
53188074928115116,طهرم7063,اختیارف اهرم-68000-1405/07/29,2026-10-04T09:12:57+03:30,2300.0,9.37,2300.0,9.37,2103.0,2300.0,2300.0,2300.0,1.0,2.0,4600000.0,500000.0,1,0.0,,1.0,68,اختیار معامله,,,,,,,,,,,,,,,,2.0,1,4600.0,0.0,0,0.0,2.0,1,4600.0,0.0,0,0.0,4600.0,4600.0,1.0,0.0,1,30,2000.0,3898.0,416,1,1,100,1606.0,3899.0,14,1,1,490,1605.0,3900.0,71,1,1,510,1520.0,4310.0,34,2,1,600,1510.0,4333.0,83,2,,,,,,اهرم,17914401175772326,72311,68000,1000,1405/06/10,1405/07/29,17,فروش,43970,143098000.0
53204330224889981,تبرک,گروه کارخانجات صنعتی تبرک,2026-10-04T09:29:19+03:30,22590.0,2.96,22570.0,2.87,21940.0,22550.0,22000.0,22590.0,117.0,636855.0,14374314240.0,22590.0,21290,2192.0,10.3,1,42,سهم,محصولات غذایی و آشامیدنی به جز قند و شکر,بازار فرابورس,بازار دوم فرابورس,7.69,2192.0,0.0,2231504203.0,,1573400.0,20750.0,22010.0,9600.0,23340.0,2026-10-04,50365049861710.0,636855.0,47,14373817350.0,0.0,0,0.0,636855.0,54,14373817350.0,0.0,0,0.0,305825901.0638298,266181802.7777778,1.149,0.0,9,120317,22590.0,23350.0,240,1,1,250,22220.0,23470.0,214,1,1,1000,22210.0,0.0,0,0,1,2000,22200.0,0.0,0,0,1,2600,22130.0,0.0,0,0,,,,,,,,,,,,,,,,
53250262563765071,ضبساما731,اختیارخ بساما-13000-14050726,2026-10-04T09:13:10+03:30,505.0,-4.9,505.0,-4.9,531.0,505.0,505.0,505.0,1.0,80.0,40400000.0,1000000.0,1,0.0,,1.0,66,اختیار معامله,,,,,,,,,,,,,,,,80.0,1,40400.0,0.0,0,0.0,80.0,1,40400.0,0.0,0,0.0,40400.0,40400.0,1.0,0.0,1,200,512.0,560.0,695,1,1,10,507.0,570.0,300,1,1,1000,506.0,579.0,299,1,2,629,505.0,613.0,85,1,1,1000,502.0,620.0,100,1,,,,,,بساما,41625340598198551,15090,13000,1000,1405/05/11,1405/07/26,14,خرید,79224,1206400000.0
53251602435454519,کیان,صندوق س. با درآمد ثابت کیان,2026-10-04T09:29:48+03:30,113123.0,0.13,113123.0,0.13,112979.0,113123.0,113123.0,113124.0,1508.0,43389461.0,4908350987126.0,116368.0,109590,0.0,,1,68,صندوق,صندوق سرمایه گذاری قابل معامله,بازار بورس,بازار صندوق های قابل معامله,0.0,,0.0,4500000000.0,,199679766.0,112680.0,112983.0,81798.0,112983.0,2026-10-04,509053500000000.0,6898558.0,457,780385576634.0,36490054.0,3,4127864378642.0,13212679.0,824,1494657886517.0,30175933.0,9,3413592068759.0,1707627082.3501093,1813905202.0837379,0.941,-714272309883.0,5,69702787,113123.0,113124.0,30515705,64,6,324992,113122.0,113125.0,275935,4,1,100000,113121.0,113126.0,206200,2,1,100000,113120.0,113127.0,200050,2,4,187055,113119.0,113128.0,248478,3,,113036.0,113123.0,2026-10-04T09:26:24+03:30,0.08,,,,,,,,,,,
53254637903825194,کیان2,صندوق س. با درآمد ثابت کیان,2026-10-04T09:00:33+03:30,1.0,-100.0,1.0,-100.0,112979.0,1.0,1.0,1.0,50.0,50000000.0,50000000.0,1.0,1,0.0,,1,68,صندوق,صندوق سرمایه گذاری قابل معامله,بازار بورس,-',0.0,,0.0,4500000000.0,,109404762.0,1.0,1.0,1.0,1.0,2026-10-04,4500000000.0,0.0,0,0.0,50000000.0,1,50000000.0,0.0,0,0.0,50000000.0,1,50000000.0,,,,0.0,0,0,0.0,0.0,0,0,,,,,,,,,,,,,,,,,,,,,,,,,,,,,,,,,,,,,,,,
53323795999221307,ضاطلس071909,اختیارخ اطلس-180000-14050719,2026-10-04T09:29:17+03:30,1300.0,-57.61,1211.0,-60.52,3067.0,972.0,972.0,1300.0,11.0,152.0,184104000.0,1000000.0,1,0.0,,1.0,68,اختیار معامله,,,,,,,,,,,,,,,,11.0,1,13321.0,141.0,1,170751.0,90.0,2,108990.0,62.0,1,75082.0,13321.0,54495.0,0.244,-95669.0,1,10,1300.0,2544.0,34,1,1,204,800.0,2718.0,30,1,1,111,11.0,2805.0,28,1,1,50,2.0,2893.0,26,1,1,100,1.0,2990.0,8,1,,,,,,اطلس,11427939669935844,170305,180000,1000,1405/05/25,1405/07/19,7,خرید,521,23989881000.0
53334304751609770,حگردش,ریل گردش ایرانیان,2026-10-04T09:29:49+03:30,2231.0,-2.75,2237.0,-2.48,2294.0,2253.0,2227.0,2289.0,40.0,1699163.0,3801494468.0,2362.0,2226,68.0,32.9,1,60,سهم,حمل ونقل، انبارداری و ارتباطات,بازار پایه فرابورس,بازار پایه زرد فرابورس,0.0,68.0,0.0,1780000000.0,,22972997.0,2239.0,2405.0,1701.0,3410.0,2026-10-03,3981860000000.0,1674163.0,17,3745102631.0,0.0,0,0.0,1674163.0,16,3745102631.0,0.0,0,0.0,220300154.7647059,234068914.4375,0.941,0.0,1,22800,2231.0,2249.0,19396,2,1,500000,2230.0,2250.0,177960,1,1,500000,2228.0,2260.0,70000,1,1,75066,2227.0,2270.0,87600,1,8,345114,2226.0,2289.0,1005000,2,,,,,,,,,,,,,,,,
53350307353645375,غانیزان,فرآورده های دامی ولبنی دالاهو,2026-10-04T09:29:09+03:30,9720.0,2.97,9720.0,2.97,9440.0,9720.0,9720.0,9720.0,99.0,1509012.0,14667596640.0,9720.0,9160,797.0,12.2,1,42,سهم,محصولات غذایی و آشامیدنی به جز قند و شکر,بازار بورس,بازار اول (تابلوی فرعی) بورس,9.48,797.0,8133.8853,4885278236.0,33.0,11089275.0,8830.0,9440.0,5580.0,24410.0,2026-10-04,47484904453920.0,1509012.0,7,14667596640.0,0.0,0,0.0,335064.0,73,3256822080.0,1173948.0,3,11410774560.0,2095370948.5714288,44614001.09589041,46.967,11410774560.0,484,120162653,9720.0,9760.0,1077,2,1,300000,9700.0,10000.0,75,1,1,4000,9680.0,10040.0,76,1,4,24191,9440.0,0.0,0,0,1,17041,9210.0,0.0,0,0,,,,,,,,,,,,,,,,
53419976284977130,تصمیم,صندوق س با درآمد ثابت تصمیم,2026-10-04T09:27:34+03:30,61563.0,0.13,61563.0,0.13,61484.0,61563.0,61563.0,61564.0,24.0,650634.0,40054993815.0,63328.0,59640,0.0,,1,68,صندوق,صندوق سرمایه گذاری قابل معامله,بازار بورس,بازار صندوق های قابل معامله,0.0,,0.0,1000000000.0,,11281641.0,61317.0,61485.0,44745.0,61485.0,2026-10-04,61563000000000.0,46002.0,5,2832021126.0,604632.0,1,37222959816.0,440343.0,18,27108836109.0,210291.0,2,12946144833.0,566404225.1999999,1506046450.5,0.376,-24276814983.0,1,29764298,61563.0,61564.0,1497209,3,1,1000000,61562.0,61565.0,100000,1,1,1000000,61561.0,61566.0,100000,1,1,1000000,61560.0,61567.0,100000,1,1,1000000,61559.0,61568.0,100000,1,,63175.0,63258.0,2026-10-04T09:27:27+03:30,-2.55,,,,,,,,,,,
53449700212786324,مارون,پتروشیمی مارون,2026-10-04T09:29:49+03:30,30650.0,-1.19,30270.0,-2.42,31020.0,30420.0,30090.0,31000.0,1236.0,12518080.0,378907568110.0,31950.0,30090,3493.0,8.7,1,44,سهم,محصولات شیمیایی,بازار فرابورس,بازار دوم فرابورس,8.81,3493.0,18347.174,65000000000.0,,14264847.0,29410.0,31190.0,19510.0,72350.0,2026-10-04,1967550000000000.0,9435892.0,340,285624450840.0,3039458.0,4,92004393660.0,9564122.0,220,289505972940.0,2911228.0,4,88122871560.0,840071914.2352941,1315936240.6363635,0.638,-3881522100.0,3,9430,30650.0,30660.0,101796,5,3,8269,30640.0,30760.0,8000,1,1,3627,30620.0,30790.0,30993,2,1,28002,30600.0,30800.0,90000,3,1,8270,30580.0,30830.0,29615,2,,,,,,,,,,,,,,,,
53463652379781502,پاسارگاد2,صندوق س.درآمد ثابت پاسارگاد-د,2026-10-04T09:11:48+03:30,1.0,-99.99,1.0,-99.99,17509.0,1.0,1.0,1.0,20.0,200000000.0,200000000.0,1.0,1,0.0,,1.0,68,صندوق,,,,,,,,,,,,,,,,0.0,0,0.0,200000000.0,1,200000000.0,0.0,0,0.0,200000000.0,1,200000000.0,,,,0.0,0,0,0.0,0.0,0,0,,,,,,,,,,,,,,,,,,,,,,,,,,,,,,,,,,,,,,,,
53647874954005806,واحصا,احیاء صنایع خراسان,2026-10-04T09:29:45+03:30,34650.0,2.97,33790.0,0.42,33650.0,34650.0,34650.0,34650.0,45.0,295729.0,10247009850.0,34650.0,32650,126.0,268.2,2159089,56,سهم,سرمایه گذاریها,بازار پایه فرابورس,بازار پایه زرد فرابورس,0.0,126.0,0.0,1182720000.0,,1279691.0,31060.0,33500.0,8160.0,33500.0,2026-10-03,39964108800000.0,293729.0,12,9925102910.0,0.0,0,0.0,293729.0,17,9925102910.0,0.0,0,0.0,827091909.1666667,583829582.9411764,1.417,0.0,122,1924854,34650.0,0.0,0,0,1,30000,34210.0,0.0,0,0,1,2000,34200.0,0.0,0,0,1,3000,33810.0,0.0,0,0,2,11600,33510.0,0.0,0,0,صف خرید,,,,,,,,,,,,,,,
53865984702842380,طملت7042,اختیارف وبملت-1254-1405/07/22,2026-10-04T09:28:14+03:30,3.0,50.0,2.0,0.0,2.0,3.0,2.0,3.0,194.0,133637.0,333978000.0,100000.0,1,0.0,,1.0,57,اختیار معامله,,,,,,,,,,,,,,,,133637.0,18,267274.0,0.0,0,0.0,133637.0,7,267274.0,0.0,0,0.0,14848.555555555555,38182.0,0.389,0.0,159,158011,2.0,3.0,79431,81,308,306358,1.0,4.0,58868,59,0,0,0.0,5.0,37516,38,0,0,0.0,6.0,14000,14,0,0,0.0,7.0,1000,1,,,,,,وبملت,778253364357513,1459,1254,1000,1405/04/27,1405/07/22,10,فروش,1819210,192278692000.0
53883417042036808,ضذوب7045,اختیارخ ذوب-700-1405/07/22,2026-10-04T09:29:49+03:30,39.0,0.0,30.0,-23.08,39.0,32.0,25.0,39.0,1650.0,668702.0,20247057000.0,100000.0,1,0.0,,1.0,27,اختیار معامله,,,,,,,,,,,,,,,,635085.0,111,19052550.0,13626.0,2,408780.0,587597.0,92,17627910.0,61114.0,2,1833420.0,171644.59459459462,191607.71739130435,0.896,1424640.0,1,470,41.0,42.0,13998,15,6,5768,40.0,43.0,3210,5,2,1785,39.0,44.0,2445,5,2,2000,37.0,45.0,1750,3,5,3922,36.0,46.0,20250,21,,,,,,ذوب,71483646978964608,656,700,1000,1405/04/21,1405/07/22,10,خرید,7939712,376293408000.0
53939491694438204,طستا9053,اختیارف شستا-3000-1405/09/11,2026-10-04T09:07:18+03:30,48.0,200.0,48.0,200.0,16.0,48.0,48.0,48.0,1.0,20.0,960000.0,100000.0,1,0.0,,1.0,39,اختیار معامله,,,,,,,,,,,,,,,,20.0,1,960.0,0.0,0,0.0,20.0,1,960.0,0.0,0,0.0,960.0,960.0,1.0,0.0,1,133,3.0,98.0,5,1,1,25,2.0,0.0,0,0,1,100,1.0,0.0,0,0,0,0,0.0,0.0,0,0,0,0,0.0,0.0,0,0,,,,,,شستا,2400322364771558,3580,3000,1000,1405/06/14,1405/09/11,59,فروش,33,71400000.0
53999651992586159,ثپردیس,سرمایه گذاری مسکن پردیس,2026-10-04T09:29:51+03:30,4570.0,2.24,4550.0,1.79,4470.0,4380.0,4380.0,4590.0,225.0,5992470.0,27248054000.0,4600.0,4340,117.0,38.9,1,70,سهم,انبوه سازی، املاک و مستغلات,بازار فرابورس,بازار اول فرابورس,24.09,117.0,0.0,4500000000.0,,46023977.0,4400.0,4800.0,2698.0,5200.0,2026-10-04,20475000000000.0,5990070.0,44,27254818500.0,0.0,0,0.0,5990070.0,77,27254818500.0,0.0,0,0.0,619427693.1818182,353958681.8181818,1.75,0.0,2,87812,4570.0,4580.0,417159,8,1,281004,4560.0,4590.0,4175305,21,1,176000,4550.0,4600.0,7655287,50,2,81439,4540.0,4620.0,2200,2,4,534265,4530.0,4660.0,41084,3,,,,,,,,,,,,,,,,
54263829393913132,کمینا,شیشه سازی مینا,2026-10-04T09:28:49+03:30,18820.0,2.95,18810.0,2.9,18280.0,18820.0,18520.0,18820.0,51.0,571613.0,10751053630.0,18820.0,17740,259.0,72.6,1,54,سهم,سایر محصولات کانی غیرفلزی,بازار پایه فرابورس,بازار پایه زرد فرابورس,0.0,259.0,0.0,1273000000.0,,1627230.0,16800.0,17810.0,5320.0,17810.0,2026-10-03,23945130000000.0,426786.0,16,8027844660.0,144827.0,1,2724195870.0,571613.0,26,10752040530.0,0.0,0,0.0,501740291.25,413540020.38461536,1.213,-2724195870.0,5,189075,18820.0,0.0,0,0,1,50000,18800.0,0.0,0,0,2,20000,18700.0,0.0,0,0,1,15000,18530.0,0.0,0,0,2,130000,18520.0,0.0,0,0,صف خرید,,,,,,,,,,,,,,,
54277068923045214,فسرب,ملی سربوروی ایران,2026-10-04T09:29:27+03:30,2552.0,-2.97,2553.0,-2.93,2630.0,2559.0,2552.0,2600.0,334.0,12573039.0,32102768374.0,2708.0,2552,-6.0,-425.5,1,27,سهم,فلزات اساسی,بازار بورس,بازار دوم (تابلوی اصلی) بورس,15.05,-6.0,1323.798,11082120000.0,33.0,49533196.0,2672.0,2887.0,1154.0,2914.0,2026-10-03,28292652360000.0,12163622.0,186,31053726966.0,409417.0,1,1045241601.0,12573039.0,79,32098968567.0,0.0,0,0.0,166955521.32258067,406316057.8101266,0.411,-1045241601.0,0,0,0.0,2552.0,18645711,74,0,0,0.0,2553.0,100000,1,0,0,0.0,2579.0,513045,1,0,0,0.0,2590.0,2000,1,0,0,0.0,2594.0,50000,1,صف فروش,,,,,,,,,,,,,,,
54362614710319812,نیروانا,صندوق سرمایه گذاری قلک2-بخشی,2026-10-04T09:01:39+03:30,16495.0,-0.21,16495.0,-0.21,16529.0,16495.0,16495.0,16495.0,2.0,727.0,11991865.0,17024.0,16034,0.0,,1,68,صندوق,صندوق سرمایه گذاری قابل معامله,بازار بورس,بازار صندوق های قابل معامله,0.0,,0.0,400000000.0,,1989987.0,15667.0,17078.0,7611.0,17912.0,2026-10-03,6598000000000.0,727.0,2,11991865.0,0.0,0,0.0,727.0,1,11991865.0,0.0,0,0.0,5995932.5,11991865.0,0.5,0.0,1,100000,16037.0,16359.0,10552,1,1,10000,16036.0,16360.0,25000,1,2,60000,16035.0,16368.0,22000,1,8,121352,16034.0,16380.0,1500,1,0,0,0.0,16477.0,1991,2,,16009.0,16176.0,2026-10-04T09:28:15+03:30,3.04,,,,,,,,,,,
54419429862704331,فروس,فروسیلیس ایران,2026-10-04T09:28:53+03:30,3860.0,-2.77,3860.0,-2.77,3970.0,3860.0,3860.0,3960.0,298.0,16644295.0,64266165740.0,4080.0,3860,440.0,8.8,1,27,سهم,فلزات اساسی,بازار بورس,بازار اول (تابلوی اصلی) بورس,15.05,440.0,2844.3901,8935800000.0,44.0,19299356.0,4030.0,4260.0,2120.0,4820.0,2026-10-03,34492188000000.0,15263295.0,71,58916318700.0,1381000.0,1,5330660000.0,16444295.0,66,63474978700.0,200000.0,1,772000000.0,829807305.6338028,961742101.5151516,0.863,-4558660000.0,12,1146353,3860.0,3950.0,69000,1,0,0,0.0,3960.0,272951,3,0,0,0.0,3970.0,58500,2,0,0,0.0,3980.0,85000,1,0,0,0.0,3990.0,81270,2,,,,,,,,,,,,,,,,
54431855864498774,ضجار8034,اختیارخ وتجارت-1191-1405/08/20,2026-10-04T09:29:40+03:30,62.0,3.33,55.0,-8.33,60.0,53.0,50.0,62.0,112.0,39742.0,2167536000.0,100000.0,1,0.0,,1.0,57,اختیار معامله,,,,,,,,,,,,,,,,37742.0,36,2075810.0,1000.0,1,55000.0,38742.0,20,2130810.0,0.0,0,0.0,57661.38888888889,106540.5,0.541,-55000.0,5,2600,58.0,60.0,1000,1,2,1893,57.0,62.0,867,1,3,2200,56.0,63.0,3000,3,5,1424,55.0,64.0,1050,2,5,4300,54.0,65.0,2100,3,,,,,,وتجارت,63917421733088077,899,1191,1000,1405/06/09,1405/08/20,38,خرید,2023472,24892560000.0
54439866816895080,ضسپا7035,اختیارخ خساپا-1000-1405/07/29,2026-10-04T09:18:31+03:30,1.0,-50.0,2.0,0.0,2.0,2.0,1.0,2.0,15.0,7153.0,12804000.0,100000.0,1,0.0,,1.0,34,اختیار معامله,,,,,,,,,,,,,,,,7153.0,4,14306.0,0.0,0,0.0,7153.0,5,14306.0,0.0,0,0.0,3576.5,2861.2,1.25,0.0,266,259703,1.0,2.0,58950,63,0,0,0.0,3.0,82150,83,0,0,0.0,4.0,86562,87,0,0,0.0,5.0,4018,5,0,0,0.0,6.0,19897,22,,,,,,خساپا,44891482026867833,686,1000,1000,1405/06/18,1405/07/29,17,خرید,1662382,4835428000.0
54482686501491508,زبینا,کشاورزی و دامپروری بینالود,2026-10-04T09:29:37+03:30,15330.0,-2.91,15360.0,-2.72,15790.0,16100.0,15320.0,16100.0,282.0,6111692.0,93872609290.0,16260.0,15320,1911.0,8.0,1,01,سهم,زراعت و خدمات وابسته,بازار فرابورس,بازار اول فرابورس,8.73,1911.0,0.0,3640030999.0,,13710411.0,15190.0,16310.0,4311.0,16310.0,2026-10-04,55910876144640.0,5750088.0,98,88321351680.0,336084.0,1,5162250240.0,5996231.0,72,92102108160.0,89941.0,2,1381493760.0,901238282.4489795,1279195946.6666667,0.705,-3780756480.0,1,81644,15330.0,15640.0,124684,3,15,661552,15320.0,15650.0,114001,5,1,5000,12550.0,15660.0,84021,1,0,0,0.0,15790.0,10000,1,0,0,0.0,15880.0,3000,1,,,,,,,,,,,,,,,,
54493234408301135,بنو,بیمه تجارت نو,2026-10-04T09:27:31+03:30,1956.0,-2.88,1957.0,-2.83,2014.0,2045.0,1954.0,2045.0,127.0,8854779.0,17327679306.0,2074.0,1954,239.0,8.2,1,66,سهم,بیمه وصندوق بازنشستگی به جزتامین اجتماعی,بازار فرابورس,بازار دوم فرابورس,18.62,239.0,0.0,24000000000.0,,65851836.0,1970.0,2114.0,1166.0,2190.0,2026-10-04,46968000000000.0,8702994.0,66,17031759258.0,151785.0,1,297043245.0,8829014.0,28,17278380398.0,25765.0,1,50422105.0,258056958.45454544,617085014.2142857,0.418,-246621140.0,1,34120,1960.0,1990.0,185796,3,2,86370,1957.0,2000.0,200000,2,10,426942,1956.0,2002.0,151785,1,5,1044335,1955.0,2012.0,154994,3,16,4898585,1954.0,2014.0,279633,4,,,,,,,,,,,,,,,,
54509759694064219,تپکو,تولیدتجهیزاتسنگینهپکو,2026-10-04T09:29:36+03:30,545.0,1.11,540.0,0.19,539.0,532.0,525.0,547.0,266.0,76903809.0,41518931188.0,555.0,523,-24.0,-22.5,1,29,سهم,ماشین آلات و تجهیزات,بازار پایه فرابورس,بازار پایه زرد فرابورس,0.0,-24.0,443.12274,83614031000.0,,572642914.0,529.0,566.0,329.0,642.0,2026-10-03,45151576740000.0,76803809.0,85,41474056860.0,0.0,0,0.0,76803809.0,109,41474056860.0,0.0,0,0.0,487930080.7058823,380495934.4954128,1.282,0.0,2,192714,544.0,545.0,1494227,6,1,330561,543.0,546.0,1070804,5,1,350000,542.0,547.0,2766751,9,1,200000,541.0,549.0,328187,2,6,5081293,540.0,550.0,4748284,13,,,,,,,,,,,,,,,,
54676885047867737,وتوشه,سرمایه گذاری پارس توشه,2026-10-04T09:29:11+03:30,8660.0,-1.7,8600.0,-2.38,8810.0,8570.0,8560.0,8780.0,64.0,821687.0,7067543800.0,9070.0,8550,2049.0,4.2,1,29,سهم,ماشین آلات و تجهیزات,بازار بورس,بازار اول (تابلوی اصلی) بورس,5.59,2049.0,0.0,10000000000.0,32.0,13713577.0,8680.0,9070.0,4720.0,9070.0,2026-10-03,86000000000000.0,761687.0,21,6550508200.0,60000.0,1,516000000.0,815060.0,24,7009516000.0,6627.0,1,56992200.0,311928961.9047619,292063166.6666667,1.068,-459007800.0,2,42138,8660.0,8710.0,45926,2,2,21000,8650.0,8720.0,6000,1,1,100000,8600.0,8740.0,140987,2,2,6000,8580.0,8760.0,1000,1,4,67000,8570.0,8780.0,130542,4,,,,,,,,,,,,,,,,
54783769124847640,ضملت8072,اختیارخ وبملت-1200-1405/08/20,2026-10-04T09:26:24+03:30,364.0,4.3,473.0,35.53,349.0,493.0,313.0,493.0,5.0,797.0,377351000.0,100000.0,1,0.0,,1.0,57,اختیار معامله,,,,,,,,,,,,,,,,797.0,3,376981.0,0.0,0,0.0,797.0,3,376981.0,0.0,0,0.0,125660.33333333334,125660.33333333334,1.0,0.0,1,45,323.0,437.0,1000,1,2,2000,322.0,439.0,165,1,2,747,313.0,440.0,900,1,1,400,312.0,485.0,45,1,1,100,311.0,493.0,8,1,,,,,,وبملت,778253364357513,1459,1200,1000,1405/05/24,1405/08/20,38,خرید,142459,1162823000.0
55049997728483622,ضملی8088,اختیارخ فملی-14000-1405/08/06,2026-10-04T09:19:57+03:30,15408.0,3.93,15405.0,3.91,14825.0,15388.0,15388.0,15408.0,2.0,7.0,107836000.0,100000.0,1,0.0,,1.0,27,اختیار معامله,,,,,,,,,,,,,,,,7.0,1,107835.0,0.0,0,0.0,0.0,0,0.0,7.0,1,107835.0,107835.0,,,107835.0,1,10,14050.0,15539.0,31,1,1,10,14003.0,0.0,0,0,2,30,14002.0,0.0,0,0,1,10,14001.0,0.0,0,0,1,20,14000.0,0.0,0,0,,,,,,فملی,35425587644337450,28740,14000,1000,1405/07/07,1405/08/06,24,خرید,522,199990000.0
55070742656326885,پایا,صندوق س.پایا قلک پویا-د,2026-10-04T09:22:27+03:30,28566.0,0.12,28566.0,0.12,28532.0,28566.0,28566.0,28567.0,28.0,2380839.0,68011540001.0,29387.0,27677,0.0,,1,68,صندوق,صندوق سرمایه گذاری قابل معامله,بازار فرابورس,بازار ابزارهاي نوين مالي فرابورس,1067.75,,0.0,4000000000.0,,117023272.0,28460.0,28533.0,20733.0,28533.0,2026-10-04,114264000000000.0,493177.0,5,14088094182.0,1887662.0,1,53922952692.0,1888262.0,20,53940092292.0,492577.0,1,14070954582.0,2817618836.3999996,2697004614.6000004,1.045,-39851998110.0,173,172112338,28566.0,28567.0,20507423,21,1,1000000,28565.0,28568.0,100000,1,1,1000000,28564.0,28569.0,100000,1,1,1000000,28563.0,28570.0,100000,1,1,1000000,28562.0,28571.0,100000,1,,28877.0,28909.0,2026-10-04T09:27:41+03:30,-1.08,,,,,,,,,,,
55127657985997520,آریا,پلیمر آریا ساسول,2026-10-04T09:29:50+03:30,48500.0,-1.22,48510.0,-1.2,49100.0,48860.0,47750.0,49030.0,568.0,2401183.0,116474562350.0,50570.0,47630,4878.0,9.9,1,44,سهم,محصولات شیمیایی,بازار فرابورس,بازار دوم فرابورس,8.81,4878.0,19269.736,34378800000.0,,22192819.0,48500.0,51800.0,25380.0,91600.0,2026-10-04,1667715588000000.0,2399223.0,175,116386307730.0,0.0,0,0.0,2086259.0,250,101204424090.0,312964.0,5,15181883640.0,665064615.6,404817696.36,1.643,15181883640.0,2,2143,48120.0,48500.0,350,1,3,1840,48100.0,48560.0,970,1,6,90780,48090.0,48580.0,1000,1,1,2500,48010.0,48600.0,435,1,9,27347,48000.0,48610.0,22150,1,,,,,,,,,,,,,,,,
55134248355240272,ضملی1002,اختیارخ فملی-20000-1405/10/09,2026-10-04T09:28:27+03:30,11721.0,1172000.0,11721.0,1172000.0,1.0,11721.0,11721.0,11721.0,1.0,4.0,46884000.0,100000.0,1,0.0,,1.0,27,اختیار معامله,,,,,,,,,,,,,,,,4.0,1,46884.0,0.0,0,0.0,0.0,0,0.0,4.0,1,46884.0,46884.0,,,46884.0,1,5,11000.0,11721.0,17,1,1,40,1000.0,0.0,0,0,2,21,500.0,0.0,0,0,1,100,10.0,0.0,0,0,2,1100,1.0,0.0,0,0,,,,,,فملی,35425587644337450,28740,20000,1000,1405/07/11,1405/10/09,87,خرید,0,0.0
55136107857899631,ضستا7061,اختیارخ شستا-3000-1405/07/15,2026-10-04T09:29:48+03:30,704.0,-3.43,657.0,-9.88,729.0,625.0,606.0,735.0,436.0,80419.0,52872149000.0,100000.0,1,0.0,,1.0,39,اختیار معامله,,,,,,,,,,,,,,,,79810.0,51,52435170.0,599.0,1,393543.0,57667.0,53,37887219.0,22742.0,6,14941494.0,1028140.5882352942,714853.1886792452,1.438,14547951.0,1,939,704.0,711.0,777,2,1,500,699.0,712.0,5,1,1,1000,697.0,713.0,202,2,2,110,696.0,719.0,80,1,1,30,694.0,720.0,1600,4,,,,,,شستا,2400322364771558,3580,3000,1000,1405/04/10,1405/07/15,3,خرید,2084396,257258800000.0
55144122723968953,ضذوب8028,اختیارخ ذوب-500-1405/08/20,2026-10-04T09:29:45+03:30,194.0,-1.52,184.0,-6.6,197.0,162.0,162.0,190.0,8.0,2276.0,418940000.0,100000.0,1,0.0,,1.0,27,اختیار معامله,,,,,,,,,,,,,,,,2257.0,5,415288.0,0.0,0,0.0,2257.0,3,415288.0,0.0,0,0.0,83057.59999999999,138429.33333333334,0.6,0.0,1,35,168.0,194.0,931,1,1,793,166.0,195.0,1000,1,1,1000,161.0,196.0,1500,2,1,1000,159.0,214.0,300,1,2,520,155.0,220.0,1010,2,,,,,,ذوب,71483646978964608,656,500,1000,1405/05/24,1405/08/20,38,خرید,324959,463792000.0
55171691365712456,طستا8057,اختیارف شستا-2800-1405/08/13,2026-10-04T09:08:27+03:30,37.0,117.65,37.0,117.65,17.0,37.0,36.0,37.0,4.0,788.0,29056000.0,100000.0,1,0.0,,1.0,39,اختیار معامله,,,,,,,,,,,,,,,,788.0,2,29156.0,0.0,0,0.0,788.0,3,29156.0,0.0,0,0.0,14578.0,9718.666666666668,1.5,0.0,1,142,30.0,34.0,5,1,2,1470,25.0,35.0,1000,1,1,1000,23.0,36.0,1399,2,1,250,21.0,37.0,1462,2,1,100,20.0,38.0,1000,1,,,,,,شستا,2400322364771558,3580,2800,1000,1405/05/17,1405/08/13,31,فروش,19325,892500000.0
55201604487356053,فن آوا,گروه فن آوا,2026-10-04T09:29:42+03:30,4080.0,-2.86,4080.0,-2.86,4200.0,4080.0,4080.0,4080.0,47.0,6972191.0,28446539280.0,4320.0,4080,1675.0,2.4,1,72,سهم,رایانه و فعالیتهای وابسته به آن,بازار پایه فرابورس,بازار پایه زرد فرابورس,0.0,1675.0,0.0,8800000000.0,,45779438.0,4150.0,4380.0,994.0,4380.0,2026-10-03,35904000000000.0,3500311.0,12,14281268880.0,3456880.0,1,14104070400.0,6957191.0,18,28385339280.0,0.0,0,0.0,1190105740.0,1576963293.3333335,0.755,-14104070400.0,0,0,0.0,4080.0,33298239,180,0,0,0.0,4180.0,300000,1,0,0,0.0,4190.0,300000,1,0,0,0.0,4200.0,737399,3,0,0,0.0,4270.0,6040,1,صف فروش,,,,,,,,,,,,,,,
55254206302462116,آپ,آسان پرداخت پرشین,2026-10-04T09:29:40+03:30,10190.0,-2.77,10180.0,-2.86,10480.0,10220.0,10170.0,10300.0,283.0,3110885.0,31670432660.0,10790.0,10170,86.0,118.4,1,72,سهم,رایانه و فعالیتهای وابسته به آن,بازار بورس,بازار اول (تابلوی فرعی) بورس,19.17,86.0,0.0,10000000000.0,15.0,5551560.0,9960.0,10590.0,9130.0,14080.0,2026-10-03,101800000000000.0,2842407.0,124,28935703260.0,267978.0,2,2728016040.0,2810385.0,47,28609719300.0,300000.0,1,3054000000.0,233352445.6451613,608717431.9148936,0.383,325983960.0,1,1794,10180.0,10190.0,51900,1,10,217308,10170.0,10230.0,13197,1,1,1020,10000.0,10310.0,10000,1,2,10520,9760.0,10450.0,35500,3,0,0,0.0,10460.0,100355,4,,,,,,,,,,,,,,,,
55308018877404137,سام,صندوق س.درآمد ثابت سام-د,2026-10-04T09:29:36+03:30,21999.0,0.13,21999.0,0.13,21971.0,21999.0,21999.0,22000.0,118.0,54708950.0,1203544470052.0,22630.0,21312,0.0,,1,68,صندوق,صندوق سرمایه گذاری قابل معامله,بازار فرابورس,بازار ابزارهاي نوين مالي فرابورس,1067.75,,0.0,3280000000.0,,114332132.0,21903.0,21972.0,15837.0,21972.0,2026-10-04,72156720000000.0,3801735.0,11,83634368265.0,50881295.0,1,1119337608705.0,1840457.0,40,40488213543.0,52842573.0,3,1162483763427.0,7603124387.727272,1012205338.575,7.511,43146154722.0,1,149957080,21999.0,22000.0,15158528,5,1,1000000,21998.0,22001.0,100000,1,2,1005000,21997.0,22002.0,100000,1,2,1005000,21996.0,22003.0,100000,1,1,1000000,21995.0,22004.0,100000,1,,22232.0,22251.0,2026-10-04T09:28:00+03:30,-1.05,,,,,,,,,,,
55315703760224458,ضسپا7032,اختیارخ خساپا-750-1405/07/29,2026-10-04T09:29:48+03:30,49.0,0.0,45.0,-8.16,49.0,41.0,39.0,50.0,450.0,195850.0,8832475000.0,100000.0,1,0.0,,1.0,34,اختیار معامله,,,,,,,,,,,,,,,,192520.0,49,8663400.0,0.0,0,0.0,147568.0,38,6640560.0,44952.0,2,2022840.0,176804.08163265305,174751.57894736843,1.012,2022840.0,1,830,49.0,50.0,3200,4,4,3506,48.0,51.0,5100,6,4,2200,47.0,52.0,4251,8,4,2103,46.0,55.0,2051,4,5,2894,45.0,56.0,3351,6,,,,,,خساپا,44891482026867833,686,750,1000,1405/04/27,1405/07/29,17,خرید,3986021,118034011000.0
55372887225116352,ضملت9040,اختیارخ وبملت-1400-1405/09/18,2026-10-04T09:27:50+03:30,275.0,-4.51,275.0,-4.51,288.0,275.0,275.0,275.0,1.0,100.0,27500000.0,100000.0,1,0.0,,1.0,57,اختیار معامله,,,,,,,,,,,,,,,,100.0,1,27500.0,0.0,0,0.0,100.0,1,27500.0,0.0,0,0.0,27500.0,27500.0,1.0,0.0,1,1,243.0,300.0,100,1,4,104,242.0,320.0,162,1,2,101,241.0,321.0,142,1,3,501,240.0,329.0,1,1,1,1,202.0,330.0,250,1,,,,,,وبملت,778253364357513,1459,1400,1000,1405/06/21,1405/09/18,66,خرید,51165,0.0
55373808401388162,فتوسا,تولید و توسعه سرب روی ایرانیان,2026-10-04T09:29:43+03:30,7580.0,2.99,7570.0,2.85,7360.0,7570.0,7400.0,7580.0,286.0,9559122.0,72368938910.0,7580.0,7140,1389.0,5.4,1,27,سهم,فلزات اساسی,بازار فرابورس,بازار اول فرابورس,8.69,1389.0,8249.814,2700000000.0,,24354779.0,6900.0,7420.0,2610.0,7420.0,2026-10-04,20439000000000.0,9538493.0,69,72206392010.0,17195.0,1,130166150.0,7779112.0,158,58887877840.0,1776576.0,2,13448680320.0,1046469449.4202898,372708087.5949367,2.808,13318514170.0,111,7493956,7580.0,0.0,0,0,10,295938,7570.0,0.0,0,0,1,951,7550.0,0.0,0,0,1,2000,7520.0,0.0,0,0,1,1500,7500.0,0.0,0,0,صف خرید,,,,,,,,,,,,,,,
55376739611383226,خوشه,ص.س.صندوق در صندوق خوشه گندم,2026-10-04T09:27:50+03:30,33960.0,0.84,33967.0,0.86,33677.0,34090.0,33900.0,34090.0,95.0,559365.0,18999985176.0,34687.0,32667,0.0,,1,68,صندوق,صندوق سرمایه گذاری قابل معامله,بازار فرابورس,-',1084.7,,0.0,750000000.0,,20072460.0,32500.0,33800.0,16810.0,33800.0,2026-10-03,25475250000000.0,414507.0,41,14079559269.0,144858.0,2,4920391686.0,559365.0,52,18999950955.0,0.0,0,0.0,343403884.60975605,365383672.21153843,0.94,-4920391686.0,1,44054,33970.0,34050.0,412,1,1,30000,33962.0,34060.0,31955,4,2,30200,33961.0,34090.0,1157,2,4,67679,33960.0,34099.0,58727,1,3,88839,33950.0,34100.0,211256,4,,34013.0,34112.0,2026-10-04T09:27:12+03:30,-0.14,,,,,,,,,,,
55761294311886451,اعتبارسهام,صندوق س.اعتبارسهام-سهام,2026-10-04T09:29:44+03:30,137695.0,1.11,134560.0,-1.19,136180.0,139000.0,133853.0,139000.0,63.0,271318.0,36508422020.0,140265.0,132095,0.0,,1,68,صندوق,صندوق سرمایه گذاری قابل معامله,بازار بورس,بازار صندوق های قابل معامله,0.0,,0.0,500000000.0,,2834172.0,131100.0,140558.0,44250.0,140558.0,2026-10-03,67280000000000.0,44925.0,13,6045108000.0,225352.0,2,30323365120.0,261327.0,16,35164161120.0,8950.0,1,1204312000.0,465008307.6923077,2197760070.0,0.212,-29119053120.0,3,12401,134400.0,137695.0,10964,2,1,8,134298.0,137699.0,22000,2,1,3540,134297.0,137989.0,30000,1,1,13000,134292.0,137990.0,50000,1,1,97400,134285.0,137999.0,727,1,,137172.0,138643.0,2026-10-04T09:27:19+03:30,-1.9,,,,,,,,,,,
55862580907068610,شملی,ملی شیمی کشاورز,2026-10-04T09:29:52+03:30,11700.0,-1.18,11660.0,-1.52,11840.0,11610.0,11500.0,11850.0,166.0,2816334.0,32842173920.0,12190.0,11490,1215.0,9.6,1,44,سهم,محصولات شیمیایی,بازار فرابورس,بازار دوم فرابورس,8.81,1215.0,7771.7856,2717990000.0,,24967685.0,11180.0,11850.0,3216.0,11850.0,2026-10-04,31691763400000.0,2802115.0,76,32672660900.0,0.0,0,0.0,2502115.0,48,29174660900.0,300000.0,1,3498000000.0,429903432.8947368,607805435.4166667,0.707,3498000000.0,3,57807,11610.0,11750.0,50000,1,3,109746,11600.0,11760.0,3329,2,2,9907,11590.0,11780.0,300000,3,3,20500,11580.0,11790.0,200000,2,1,100000,11570.0,11800.0,73743,1,,,,,,,,,,,,,,,,
55897939403232751,لسرما,سرما آفرین,2026-10-04T09:29:44+03:30,6370.0,-2.75,6410.0,-2.14,6550.0,6450.0,6360.0,6590.0,71.0,656764.0,4208145530.0,6740.0,6360,411.0,15.6,1,29,سهم,ماشین آلات و تجهیزات,بازار بورس,بازار دوم (تابلوی اصلی) بورس,5.59,411.0,5505.552,1417000000.0,56.0,9334645.0,6370.0,6830.0,3332.0,7860.0,2026-10-03,9082970000000.0,647573.0,34,4150942930.0,0.0,0,0.0,647573.0,30,4150942930.0,0.0,0,0.0,122086556.76470588,138364764.33333334,0.882,0.0,3,110641,6370.0,6410.0,34785,1,16,222290,6360.0,6420.0,15806,1,1,10000,5960.0,6430.0,140000,1,1,10,1200.0,6510.0,50834,2,0,0,0.0,6560.0,1000,1,,,,,,,,,,,,,,,,
55959112038778737,سخواف,سیمان مجد خواف,2026-10-04T09:29:32+03:30,6560.0,-2.96,6750.0,-0.15,6760.0,6890.0,6560.0,6890.0,28.0,307003.0,2027679980.0,6960.0,6560,-68.0,-99.3,5364707,53,سهم,سیمان، آهک و گچ,بازار پایه فرابورس,بازار پایه زرد فرابورس,0.0,-68.0,0.0,2864800906.0,,6985916.0,6410.0,6930.0,1387.0,7080.0,2026-10-03,19337406115500.0,307003.0,18,2072270250.0,0.0,0,0.0,307003.0,9,2072270250.0,0.0,0,0.0,115126125.0,230252250.0,0.5,0.0,1,200000,6530.0,6560.0,1144698,8,1,8300,6200.0,6700.0,1000,1,0,0,0.0,6770.0,8000,1,0,0,0.0,6780.0,920000,4,0,0,0.0,6790.0,80000,2,,,,,,,,,,,,,,,,
55979741213594029,کباده,تولید خاک نسوزاستقلال آباده,2026-10-04T09:23:40+03:30,22850.0,-0.44,22290.0,-2.88,22950.0,22270.0,22270.0,22850.0,55.0,662621.0,14770608460.0,23630.0,22270,3616.0,6.2,1,54,سهم,سایر محصولات کانی غیرفلزی,بازار پایه فرابورس,بازار پایه زرد فرابورس,0.0,3616.0,7891.597,1117893000.0,,3595006.0,22800.0,24200.0,10200.0,24200.0,2026-10-03,24917834970000.0,662621.0,23,14769822090.0,0.0,0,0.0,662621.0,25,14769822090.0,0.0,0,0.0,642166177.8260869,590792883.6,1.087,0.0,1,6000,22420.0,22850.0,40066,2,1,91098,22410.0,22870.0,66694,4,1,22301,22340.0,22890.0,52127,1,2,4995,22330.0,22900.0,236,1,1,2500,22320.0,22940.0,20000,1,,,,,,,,,,,,,,,,
56055472208695073,ضخود9056,اختیارخ خودرو-800-1405/09/04,2026-10-04T09:26:24+03:30,105.0,5.0,101.0,1.0,100.0,106.0,100.0,111.0,19.0,2655.0,269295000.0,100000.0,1,0.0,,1.0,34,اختیار معامله,,,,,,,,,,,,,,,,2655.0,6,268155.0,0.0,0,0.0,140.0,2,14140.0,2515.0,1,254015.0,44692.5,7070.0,6.321,254015.0,1,100,93.0,104.0,100,1,1,1000,92.0,105.0,1485,2,1,7,91.0,111.0,30,1,1,200,84.0,112.0,30,1,2,54,81.0,113.0,2010,3,,,,,,خودرو,65883838195688438,716,800,1000,1405/06/07,1405/09/04,52,خرید,295822,1900980000.0
56324206651661881,فنورد,نوردوقطعات فولادی,2026-10-04T09:29:44+03:30,12890.0,-1.9,12760.0,-2.89,13140.0,12760.0,12750.0,12900.0,382.0,5701299.0,72721237220.0,13530.0,12750,1550.0,8.2,1,27,سهم,فلزات اساسی,بازار بورس,بازار دوم (تابلوی اصلی) بورس,15.05,1550.0,14370.997,6336000000.0,20.0,16741422.0,12510.0,13260.0,4860.0,13400.0,2026-10-03,80847360000000.0,4241931.0,123,54127039560.0,1446368.0,3,18455655680.0,5688299.0,110,72582695240.0,0.0,0,0.0,440057232.19512194,659842684.0,0.667,-18455655680.0,2,70224,12820.0,12890.0,45767,3,3,62973,12770.0,12900.0,105072,2,5,141421,12760.0,12990.0,1060,1,27,1418372,12750.0,13000.0,148891,4,1,523,12500.0,13050.0,100000,1,,,,,,,,,,,,,,,,
56344907495802692,فاخر,صندوق س.ثروت افزون فاخر-د,2026-10-04T09:29:39+03:30,25540.0,0.12,25540.0,0.12,25509.0,25540.0,25540.0,25541.0,14.0,256780.0,6558162400.0,26274.0,24744,0.0,,1,68,صندوق,صندوق سرمایه گذاری قابل معامله,بازار فرابورس,بازار ابزارهاي نوين مالي فرابورس,1067.75,,0.0,4000000000.0,,169043952.0,25439.0,25541.0,18553.0,25541.0,2026-10-04,102160000000000.0,46696.0,4,1192615840.0,110084.0,1,2811545360.0,110299.0,7,2817036460.0,46481.0,1,1187124740.0,298153960.0,402433780.0,0.741,-1624420620.0,2,359789916,25540.0,25541.0,60048800,3,1,4000000,25539.0,0.0,0,0,1,4000000,25538.0,0.0,0,0,1,4000000,25537.0,0.0,0,0,1,4000000,25536.0,0.0,0,0,,25497.0,25518.0,2026-10-04T09:27:41+03:30,0.17,,,,,,,,,,,
56375665074210467,فسوژ,سوژمیران,2026-10-04T09:29:23+03:30,28510.0,3.0,27770.0,0.33,27680.0,27680.0,26850.0,28510.0,1781.0,30473405.0,846156386990.0,28510.0,26850,2590.0,10.7,1,27,سهم,فلزات اساسی,بازار فرابورس,بازار اول فرابورس,8.69,2590.0,6171.004,2400000000.0,,42054315.0,26120.0,27700.0,3760.0,27700.0,2026-10-04,66648000000000.0,17711027.0,664,491835219790.0,12762378.0,7,354411237060.0,29923405.0,479,830972956850.0,550000.0,3,15273500000.0,740715692.4548192,1734807843.1106472,0.427,-339137737060.0,296,10783839,28510.0,0.0,0,0,7,11725,28500.0,0.0,0,0,3,15445,28490.0,0.0,0,0,1,300,28450.0,0.0,0,0,2,10559,28330.0,0.0,0,0,صف خرید,,,,,,,,,,,,,,,
56429431740318486,شلرد,کود شیمیایی اوره لردگان,2026-10-04T09:29:52+03:30,3630.0,-2.94,3630.0,-2.94,3740.0,3630.0,3630.0,3630.0,793.0,86069323.0,312431642490.0,3850.0,3630,-168.0,-21.6,1,44,سهم,محصولات شیمیایی,بازار پایه فرابورس,بازار پایه زرد فرابورس,0.0,-168.0,2969.3394,41348735000.0,,154076806.0,3690.0,3970.0,1583.0,7410.0,2026-10-03,150095908050000.0,33991717.0,154,123389932710.0,51460707.0,3,186802366410.0,85452424.0,99,310192299120.0,0.0,0,0.0,801233329.2857143,3133255546.6666665,0.256,-186802366410.0,0,0,0.0,3630.0,30281406,265,0,0,0.0,3640.0,6500,2,0,0,0.0,3650.0,356500,6,0,0,0.0,3660.0,101500,2,0,0,0.0,3670.0,1500,1,صف فروش,,,,,,,,,,,,,,,
56490941862491615,ضخود9060,اختیارخ خودرو-1200-1405/09/04,2026-10-04T09:29:49+03:30,21.0,-8.7,21.0,-8.7,23.0,23.0,19.0,23.0,157.0,69506.0,1439342000.0,100000.0,1,0.0,,1.0,34,اختیار معامله,,,,,,,,,,,,,,,,66506.0,28,1396626.0,1000.0,1,21000.0,51506.0,16,1081626.0,16000.0,1,336000.0,49879.5,67601.625,0.738,315000.0,14,5182,20.0,21.0,1310,2,13,4607,19.0,22.0,23200,25,4,1280,18.0,23.0,1806,5,2,2000,17.0,24.0,3500,4,11,9359,16.0,25.0,3220,5,,,,,,خودرو,65883838195688438,716,1200,1000,1405/06/07,1405/09/04,52,خرید,1409256,39339904000.0
56550776668133562,دفارا,داروسازی فارابی,2026-10-04T09:28:58+03:30,19720.0,-2.95,19720.0,-2.95,20320.0,19720.0,19720.0,19720.0,196.0,4333206.0,85450822320.0,20920.0,19720,1956.0,10.1,1,43,سهم,مواد و محصولات دارویی,بازار بورس,بازار اول (تابلوی اصلی) بورس,14.92,1956.0,6797.832,9206000000.0,37.0,42773438.0,19270.0,20430.0,4449.0,20430.0,2026-10-03,181542320000000.0,971206.0,111,19152182320.0,3362000.0,2,66298640000.0,4233206.0,30,83478822320.0,100000.0,1,1972000000.0,172542183.06306306,2782627410.6666665,0.062,-64326640000.0,1,4665,18150.0,19720.0,77360168,956,1,300,17210.0,19820.0,20292,4,0,0,0.0,19830.0,60000,1,0,0,0.0,19900.0,5000,1,0,0,0.0,19980.0,2300,1,,,,,,,,,,,,,,,,
56574323121551263,شکبیر,پتروشیمی امیرکبیر,2026-10-04T09:28:27+03:30,149000.0,2.69,147300.0,1.52,145100.0,145100.0,144500.0,149000.0,23.0,50486.0,7435267300.0,149400.0,140800,27918.0,5.3,1,44,سهم,محصولات شیمیایی,بازار پایه فرابورس,بازار پایه زرد فرابورس,0.0,27918.0,164624.3,3600000000.0,,407022.0,140500.0,149000.0,91750.0,200750.0,2026-10-03,530280000000000.0,38006.0,6,5598283800.0,12480.0,2,1838304000.0,50136.0,13,7385032800.0,350.0,1,51555000.0,933047300.0,568079446.1538461,1.642,-1786749000.0,1,50,148300.0,149200.0,6400,1,1,44,148000.0,149300.0,25571,4,2,18000,146500.0,149400.0,37585,10,1,7153,145600.0,152900.0,1,1,1,700,145500.0,0.0,0,0,,,,,,,,,,,,,,,,
56650067865905863,پایدار,ص.س.درآمد ثابت رایا پایدار-د,2026-10-04T08:54:16+03:30,11071.0,0.09,11071.0,0.09,11061.0,11071.0,11071.0,11071.0,4.0,2607209.0,28864410839.0,11392.0,10730,0.0,,1,68,صندوق,صندوق سرمایه گذاری قابل معامله,بازار فرابورس,بازار ابزارهاي نوين مالي فرابورس,1067.75,,0.0,300000000.0,,12809896.0,11017.0,11347.0,10000.0,11347.0,2026-10-04,3321300000000.0,0.0,0,0.0,2607209.0,1,28864410839.0,2607209.0,2,28864410839.0,0.0,0,0.0,,14432205419.5,,-28864410839.0,5,50080000,11071.0,11072.0,10000477,2,1,100000,11070.0,11073.0,100000,1,1,100000,11069.0,11074.0,100000,1,1,100000,11068.0,11075.0,100000,1,1,100000,11067.0,11076.0,100000,1,,11019.0,11029.0,2026-10-04T09:26:31+03:30,0.47,,,,,,,,,,,
56661108161921677,ارفعح,ح.شرکت آهن و فولاد ارفع,2026-10-04T09:29:51+03:30,12550.0,-0.55,12550.0,-0.55,12620.0,12460.0,12300.0,12700.0,58.0,426247.0,5350959690.0,12990.0,12250,0.0,,1,27,سهم,فلزات اساسی,بازار فرابورس,بازار دوم فرابورس,8.69,,0.0,10000000000.0,,8206669.0,12510.0,13200.0,12470.0,14000.0,2026-10-04,125500000000000.0,423483.0,18,5314711650.0,0.0,0,0.0,296487.0,33,3720911850.0,126996.0,2,1593799800.0,295261758.3333333,112754904.54545455,2.619,1593799800.0,2,14382,12520.0,12540.0,42500,1,3,17000,12500.0,12550.0,4004,1,3,20245,12400.0,12580.0,1666,1,4,16905,12370.0,12590.0,358,1,1,406,12360.0,12600.0,105900,3,,,,,,,,,,,,,,,,
56712769076499345,هدف,ص.س.دثابت مشترک صبای هدف-د,2026-10-04T08:55:12+03:30,15911.0,0.13,15912.0,0.14,15890.0,15912.0,15911.0,15912.0,5.0,2836.0,45125102.0,16366.0,15414,0.0,,1,68,صندوق,صندوق سرمایه گذاری قابل معامله,بازار فرابورس,بازار ابزارهاي نوين مالي فرابورس,1067.75,,0.0,500000000.0,,1424097.0,15847.0,15891.0,11947.0,15891.0,2026-10-04,7956000000000.0,1506.0,1,23963472.0,1330.0,1,21162960.0,1330.0,1,21162960.0,1506.0,1,23963472.0,23963472.0,21162960.0,1.132,2800512.0,23,22022670,15911.0,15912.0,3648494,4,1,10000,15910.0,15913.0,5000,1,1,10000,15909.0,15914.0,5000,1,1,10000,15908.0,15915.0,5000,1,1,10000,15907.0,15916.0,5000,1,,15537.0,15560.0,2026-10-04T09:27:22+03:30,2.41,,,,,,,,,,,
56820995669577571,قلرست,قند لرستان,2026-10-04T09:28:26+03:30,28990.0,-2.98,29010.0,-2.91,29880.0,28990.0,28990.0,29960.0,41.0,117785.0,3417257180.0,30770.0,28990,3057.0,9.5,1,38,سهم,قند و شکر,بازار بورس,بازار دوم (تابلوی اصلی) بورس,10.05,3057.0,13825.797,1800000000.0,20.0,2999253.0,28960.0,30700.0,7400.0,33750.0,2026-10-03,52218000000000.0,117785.0,26,3416942850.0,0.0,0,0.0,61437.0,9,1782287370.0,56348.0,1,1634655480.0,131420878.84615384,198031930.0,0.664,1634655480.0,0,0,0.0,28990.0,3468882,128,0,0,0.0,29960.0,150000,5,0,0,0.0,30640.0,850,1,0,0,0.0,30740.0,107950,4,0,0,0.0,30750.0,1361,1,صف فروش,,,,,,,,,,,,,,,
56871139881800017,توسکا,صندوق س توسعه فولاد- ثابت,2026-10-04T09:29:27+03:30,24624.0,0.13,24624.0,0.13,24592.0,24624.0,24624.0,24625.0,121.0,7237385.0,178213805070.0,25329.0,23855,0.0,,1,68,صندوق,صندوق سرمایه گذاری قابل معامله,بازار بورس,بازار صندوق های قابل معامله,0.0,,0.0,6600000000.0,,225640065.0,24525.0,24593.0,17727.0,24593.0,2026-10-04,162518400000000.0,1001050.0,32,24649855200.0,6236335.0,1,153563513040.0,7237385.0,53,178213368240.0,0.0,0,0.0,770307975.0,3362516381.8867927,0.229,-153563513040.0,1,293763665,24624.0,24625.0,20163803,8,3,1293628,24623.0,24626.0,10000,1,1,1000000,24622.0,24627.0,10000,1,1,1000000,24621.0,24628.0,10000,1,1,1000000,24620.0,24629.0,10000,1,,24966.0,25006.0,2026-10-04T09:27:38+03:30,-1.37,,,,,,,,,,,
56954662775448971,ضهرم8024,اختیارخ اهرم-30000-1405/08/27,2026-10-04T09:22:35+03:30,45383.0,0.73,42905.0,-4.77,45053.0,42000.0,41000.0,45383.0,9.0,17.0,729383000.0,500000.0,1,0.0,,1.0,68,اختیار معامله,,,,,,,,,,,,,,,,16.0,6,686480.0,1.0,1,42905.0,16.0,5,686480.0,1.0,1,42905.0,114413.33333333333,137296.0,0.833,0.0,1,5,44120.0,45380.0,2,1,1,16,44110.0,46295.0,2,1,2,69,44100.0,46296.0,2,1,1,5,44000.0,46485.0,20,1,1,1,43050.0,46495.0,20,1,,,,,,اهرم,17914401175772326,72311,30000,1000,1405/05/31,1405/08/27,45,خرید,6960,1220821000.0
57086055330734195,کرازی,کارخانجاتتولیدیشیشهرازی,2026-10-04T09:29:48+03:30,2038.0,1.29,2023.0,0.55,2012.0,2013.0,1982.0,2040.0,1124.0,137062499.0,277250972479.0,2072.0,1952,221.0,9.2,1,54,سهم,سایر محصولات کانی غیرفلزی,بازار بورس,بازار اول (تابلوی اصلی) بورس,14.7,221.0,644.9836,49100000000.0,37.0,114694297.0,1844.0,1955.0,858.0,2032.0,2026-10-03,99329300000000.0,127958578.0,471,258860203294.0,8003921.0,4,16191932183.0,135962499.0,218,275052135477.0,0.0,0,0.0,549597034.5944798,1261707043.472477,0.436,-16191932183.0,6,73547,2036.0,2038.0,904000,1,2,65000,2035.0,2039.0,1005000,2,2,20000,2034.0,2040.0,5689045,8,1,102356,2031.0,2045.0,6603897,10,2,1009820,2030.0,2046.0,1000000,1,,,,,,,,,,,,,,,,
57157873359416943,شرنگی,شیمیایی رنگین,2026-10-04T09:10:17+03:30,18660.0,-2.56,19270.0,0.63,19150.0,19430.0,18660.0,19510.0,25.0,19219.0,370379490.0,19720.0,18580,317.0,60.8,1,44,سهم,محصولات شیمیایی,بازار فرابورس,بازار دوم فرابورس,9.11,317.0,4091.932,1000000000.0,,1269998.0,18720.0,19790.0,8820.0,20620.0,2026-10-03,19270000000000.0,19219.0,6,370350130.0,0.0,0,0.0,19219.0,10,370350130.0,0.0,0,0.0,61725021.666666664,37035013.0,1.667,0.0,2,11200,18760.0,19330.0,350,1,3,21147,18750.0,19340.0,1863,2,1,10000,18740.0,19350.0,300,1,1,1000,18730.0,19370.0,5350,2,1,2000,18720.0,19380.0,500,1,,,,,,,,,,,,,,,,
57191287546444240,زمرد کوروش,صندوق س زمرد کوروش-ثابت,2026-10-04T09:28:53+03:30,18156.0,0.12,18156.0,0.12,18134.0,18156.0,18156.0,18157.0,45.0,2077498.0,37719700170.0,18678.0,17590,0.0,,1,68,صندوق,صندوق سرمایه گذاری قابل معامله,بازار بورس,بازار صندوق های قابل معامله,0.0,,0.0,5000000000.0,,142687557.0,18088.0,18135.0,13210.0,18135.0,2026-10-04,90780000000000.0,682658.0,7,12394338648.0,1394840.0,1,25324715040.0,1734772.0,24,31496520432.0,342726.0,1,6222533256.0,1770619806.857143,1312355018.0,1.349,-19102181784.0,1,249999115,18156.0,18157.0,15167369,2,1,1000000,18155.0,18158.0,100000,1,1,1000000,18154.0,18159.0,100000,1,1,1000000,18153.0,18160.0,100000,1,1,1000000,18152.0,18161.0,100000,1,,18137.0,18154.0,2026-10-04T09:27:39+03:30,0.1,,,,,,,,,,,
57273529732791251,خموتور,موتورسازانتراکتورسازیایران,2026-10-04T09:29:24+03:30,2629.0,2.98,2625.0,2.82,2553.0,2567.0,2554.0,2629.0,390.0,53763691.0,141114072575.0,2629.0,2477,385.0,6.8,1,34,سهم,خودرو و ساخت قطعات,بازار بورس,بازار دوم (تابلوی اصلی) بورس,-24.0,385.0,5367.56,14415000000.0,19.0,47457137.0,2301.0,2490.0,1462.0,3592.0,2026-10-03,37839375000000.0,53763691.0,97,141129688875.0,0.0,0,0.0,46763691.0,113,122754688875.0,7000000.0,1,18375000000.0,1454945246.1340206,1086324680.3097346,1.339,18375000000.0,36,23387644,2629.0,0.0,0,0,1,200000,2626.0,0.0,0,0,2,110000,2624.0,0.0,0,0,1,386049,2621.0,0.0,0,0,2,22000,2596.0,0.0,0,0,صف خرید,,,,,,,,,,,,,,,
57309221039930244,وصنعت,سرمایه گذاری توسعه صنعت وتجارت,2026-10-04T09:29:45+03:30,2905.0,-0.58,2874.0,-1.64,2922.0,2897.0,2850.0,2905.0,47.0,1766724.0,5077854218.0,3009.0,2835,825.0,3.5,1,56,سهم,سرمایه گذاریها,بازار بورس,بازار اول (تابلوی فرعی) بورس,7.57,825.0,0.0,34000000000.0,13.0,15515066.0,2849.0,3000.0,1471.0,3159.0,2026-10-03,97716000000000.0,1500161.0,23,4311462714.0,260926.0,1,749901324.0,1761087.0,25,5061364038.0,0.0,0,0.0,187454900.60869566,202454561.51999998,0.926,-749901324.0,1,2000,2890.0,2905.0,9779,1,1,25000,2880.0,2920.0,260926,1,1,2168,2870.0,2968.0,11442,2,2,2500,2869.0,2970.0,100000,1,1,2000,2866.0,2980.0,168000,2,,,,,,,,,,,,,,,,
57370712944387572,ضخود9052,اختیارخ خودرو-600-1405/09/04,2026-10-04T09:27:12+03:30,189.0,9.88,181.0,5.23,172.0,189.0,158.0,189.0,24.0,3940.0,712703000.0,100000.0,1,0.0,,1.0,34,اختیار معامله,,,,,,,,,,,,,,,,3840.0,12,695040.0,100.0,1,18100.0,3502.0,17,633862.0,438.0,2,79278.0,57920.0,37286.0,1.553,61178.0,2,179,188.0,189.0,1549,5,2,2000,182.0,190.0,3,1,1,1000,181.0,192.0,1005,2,1,585,180.0,193.0,8,2,1,480,175.0,194.0,18,3,,,,,,خودرو,65883838195688438,716,600,1000,1405/06/07,1405/09/04,52,خرید,562131,2821040000.0
57468269415483633,سولار,صندوق راهبرد انرژی فردا-پروژه,2026-10-04T09:27:17+03:30,12380.0,-0.19,12282.0,-0.98,12404.0,12450.0,12247.0,12450.0,78.0,1149946.0,14123515589.0,12776.0,12032,0.0,,1,68,صندوق,صندوق سرمایه گذاری قابل معامله,بازار بورس,بازار صندوق های قابل معامله,0.0,,0.0,1000000000.0,,9887754.0,12146.0,12983.0,10000.0,13540.0,2026-10-04,12282000000000.0,799234.0,32,9816191988.0,350712.0,1,4307444784.0,1149946.0,31,14123636772.0,0.0,0,0.0,306755999.625,455601186.1935484,0.673,-4307444784.0,3,4114,12257.0,12380.0,47193,1,2,100814,12256.0,12389.0,153720,1,1,100000,12255.0,12400.0,44000,2,3,101230,12251.0,12403.0,65782,1,3,122534,12250.0,12430.0,142922,4,,10378.0,10378.0,2026-10-04T09:28:02+03:30,18.35,,,,,,,,,,,
57551382352708199,غگز,صنایع غذایی سکه,2026-10-04T09:29:44+03:30,3250.0,-1.52,3210.0,-2.73,3300.0,3240.0,3210.0,3260.0,465.0,28015004.0,89966813800.0,3390.0,3210,81.0,39.6,1,42,سهم,محصولات غذایی و آشامیدنی به جز قند و شکر,بازار فرابورس,بازار نوآفرین - رشد,7.73,81.0,761.7395,2637718000.0,,86080859.0,3210.0,3390.0,1845.0,6200.0,2026-10-03,8467074780000.0,27771004.0,208,89144922840.0,200000.0,1,642000000.0,27971004.0,91,89786922840.0,0.0,0,0.0,428581359.80769235,986669481.7582417,0.434,-642000000.0,1,29871,3270.0,3280.0,380099,5,1,100000,3260.0,3290.0,239923,6,2,371500,3250.0,3300.0,1030000,6,1,30000,3230.0,3310.0,16000,2,9,1844158,3220.0,3320.0,310000,2,,,,,,,,,,,,,,,,
57600064931636077,وجامی,سرمایه گذاری جامی,2026-10-04T09:29:06+03:30,2975.0,-2.97,2975.0,-2.97,3066.0,2976.0,2975.0,2983.0,22.0,1765816.0,5253838288.0,3157.0,2975,751.0,4.0,1,56,سهم,سرمایه گذاریها,بازار پایه فرابورس,بازار پایه زرد فرابورس,0.0,751.0,0.0,5000000000.0,,3570505.0,2997.0,2997.0,1340.0,3470.0,2026-10-03,14875000000000.0,1154439.0,9,3434456025.0,611377.0,1,1818846575.0,1765816.0,7,5253302600.0,0.0,0,0.0,381606225.0,750471800.0,0.508,-1818846575.0,0,0,0.0,2975.0,3097711,17,0,0,0.0,2978.0,26,1,0,0,0.0,2979.0,26,1,0,0,0.0,2980.0,1000000,1,0,0,0.0,2990.0,1000000,1,صف فروش,,,,,,,,,,,,,,,
57633476576138071,طهرم9024,اختیارف اهرم-46000-1405/09/25,2026-10-04T09:15:22+03:30,1800.0,-4.76,1800.0,-4.76,1890.0,1800.0,1800.0,1800.0,1.0,1.0,1800000.0,500000.0,1,0.0,,1.0,68,اختیار معامله,,,,,,,,,,,,,,,,1.0,1,1800.0,0.0,0,0.0,1.0,1,1800.0,0.0,0,0.0,1800.0,1800.0,1.0,0.0,1,20,500.0,2289.0,10,1,1,30,401.0,2290.0,20,1,1,529,160.0,2360.0,10,1,1,30,151.0,2690.0,20,1,1,50,133.0,2990.0,20,1,,,,,,اهرم,17914401175772326,72311,46000,1000,1405/06/28,1405/09/25,73,فروش,547,71586000.0
57639364758870873,کپشیر,پشمشیشهایران,2026-10-04T09:29:35+03:30,31730.0,1.08,32050.0,2.1,31390.0,32000.0,31550.0,32290.0,594.0,3251971.0,104219844380.0,32330.0,30450,1532.0,20.9,1,54,سهم,سایر محصولات کانی غیرفلزی,بازار بورس,بازار اول (تابلوی اصلی) بورس,14.7,1532.0,4707.0146,6000000000.0,31.0,11447493.0,30380.0,32220.0,6520.0,32220.0,2026-10-03,192300000000000.0,2936971.0,157,94129920550.0,315000.0,2,10095750000.0,3221971.0,152,103264170550.0,30000.0,1,961500000.0,599553634.0764331,679369543.0921053,0.883,-9134250000.0,6,11069,31720.0,31730.0,101,1,4,35199,31710.0,31920.0,53412,2,5,58607,31630.0,32000.0,3581,2,4,33570,31620.0,32180.0,30385,3,2,30320,31610.0,32190.0,189000,7,,,,,,,,,,,,,,,,
57655849747995489,اخزا404,اسناد خزانه-م4بودجه04-070816,2026-10-04T09:14:12+03:30,482000.0,-0.4,482000.0,-0.4,483960.0,482000.0,482000.0,482000.0,1.0,120.0,57840000.0,498470.0,469450,0.0,,1.0,69,اوراق بدهی,,,,,,,,,,,,,,,,120.0,1,57840000.0,0.0,0,0.0,120.0,1,57840000.0,0.0,0,0.0,57840000.0,57840000.0,1.0,0.0,1,590,472400.0,482000.0,250,1,1,500,472300.0,484990.0,413,1,1,500,472280.0,485000.0,1244,2,2,253,472200.0,487990.0,1000,1,1,1000,472010.0,488000.0,4513,1,,,,,,,,,,,,,,,,
57722642338781674,پلاسک,پلاسکوکار,2026-10-04T09:26:27+03:30,5660.0,1.25,5550.0,-0.72,5590.0,5560.0,5440.0,5700.0,38.0,804794.0,4464676950.0,5750.0,5430,-4646.0,-1.2,1,25,سهم,لاستیک و پلاستیک,بازار بورس,بازار دوم (تابلوی فرعی) بورس,8.6,-4646.0,26842.25,1460188183.0,46.0,5693240.0,5410.0,5790.0,3424.0,6410.0,2026-10-03,8104044415650.0,396111.0,18,2198416050.0,408683.0,1,2268190650.0,708063.0,16,3929749650.0,96731.0,1,536857050.0,122134225.0,245609353.125,0.497,-1731333600.0,1,100000,5560.0,5660.0,37070,2,4,122466,5550.0,5670.0,107320,1,1,107320,5540.0,5690.0,2200,1,1,1000,5520.0,5700.0,120662,4,2,7445,5460.0,5710.0,256672,4,,,,,,,,,,,,,,,,
57728534324022361,گنجین,صندوق س. گنجینه یکم آوید-د,2026-10-04T09:28:15+03:30,43310.0,0.13,43310.0,0.13,43254.0,43310.0,43310.0,43311.0,27.0,210427.0,9113624414.0,44551.0,41957,0.0,,1,68,صندوق,صندوق سرمایه گذاری قابل معامله,بازار فرابورس,بازار ابزارهاي نوين مالي فرابورس,1067.75,,0.0,2000000000.0,,13750248.0,43137.0,43255.0,31536.0,43255.0,2026-10-04,86620000000000.0,56711.0,5,2456153410.0,153716.0,1,6657439960.0,179383.0,13,7769077730.0,31044.0,1,1344515640.0,491230682.00000006,597621363.8461539,0.822,-5312924320.0,1,59846284,43310.0,43311.0,9968956,1,1,1000000,43309.0,43312.0,1000000,1,1,1000000,43308.0,43313.0,1000000,1,1,1000000,43307.0,43314.0,1000000,1,1,1000000,43306.0,43315.0,1000000,1,,43307.0,43355.0,2026-10-04T09:28:00+03:30,0.01,,,,,,,,,,,
57761388729898548,اوصتا,صندوق اندیشه ورزان صباتامین -د,2026-10-04T09:21:59+03:30,70983.0,0.13,70983.0,0.13,70894.0,70983.0,70983.0,70984.0,28.0,1266762.0,89918712976.0,73020.0,68768,0.0,,1,68,صندوق,صندوق سرمایه گذاری قابل معامله,بازار فرابورس,بازار ابزارهاي نوين مالي فرابورس,1067.75,,0.0,3000000000.0,,51356133.0,70712.0,70895.0,52216.0,70895.0,2026-10-04,212949000000000.0,163938.0,6,11636811054.0,1102824.0,1,78281755992.0,1214351.0,19,86198277033.0,52411.0,1,3720290013.0,1939468509.0,4536751422.789474,0.428,-74561465979.0,1,43897176,70983.0,70984.0,19947589,1,1,100000,70982.0,70985.0,100000,1,1,100000,70981.0,70986.0,100000,1,1,100000,70980.0,70987.0,100000,1,1,100000,70979.0,70988.0,103000,2,,71082.0,71134.0,2026-10-04T09:27:36+03:30,-0.14,,,,,,,,,,,
57848902730525508,شکیمیا,کیمیا پلی استر قم,2026-10-04T09:29:49+03:30,6270.0,2.96,6270.0,2.96,6090.0,6270.0,6270.0,6270.0,2209.0,3101104.0,19443922080.0,6270.0,5910,955.0,6.6,1,44,سهم,محصولات شیمیایی,بازار فرابورس,بازار دوم فرابورس,8.97,955.0,14676.791,15000000000.0,,67499772.0,5701.0,6465.0,5701.0,6465.0,2026-10-03,94050000000000.0,3014187.0,47,18898952490.0,80000.0,1,501600000.0,993654.0,2137,6230210580.0,2100533.0,3,13170341910.0,402105372.12765956,2915400.3649976603,137.925,12668741910.0,9999,1176742309,6270.0,0.0,0,0,19,218006,6260.0,0.0,0,0,10,217100,6250.0,0.0,0,0,6,95000,6240.0,0.0,0,0,1,80000,6230.0,0.0,0,0,صف خرید,,,,,,,,,,,,,,,
57875847776839336,فنوال,نورد آلومینیوم,2026-10-04T09:29:19+03:30,14550.0,2.97,14550.0,2.97,14130.0,14550.0,14550.0,14550.0,79.0,2093711.0,30463495050.0,14550.0,13710,1597.0,9.1,1,27,سهم,فلزات اساسی,بازار بورس,بازار اول (تابلوی فرعی) بورس,15.05,1597.0,6854.746,11447107000.0,24.0,6248362.0,12950.0,13720.0,5300.0,14170.0,2026-10-03,166555406850000.0,499335.0,10,7265324250.0,1594376.0,2,23198170800.0,693711.0,40,10093495050.0,1400000.0,2,20370000000.0,726532425.0,252337376.25000003,2.879,-2828170800.0,89,4787328,14550.0,0.0,0,0,1,2811,14120.0,0.0,0,0,1,3000,13730.0,0.0,0,0,10,23131,13710.0,0.0,0,0,1,6000,12210.0,0.0,0,0,صف خرید,,,,,,,,,,,,,,,
57944184894703821,والبر,سرمایه گذاری البرز(هلدینگ,2026-10-04T09:29:40+03:30,3990.0,-2.44,3980.0,-2.69,4090.0,4120.0,3970.0,4120.0,569.0,31283407.0,124476451270.0,4210.0,3970,201.0,19.8,1,43,سهم,مواد و محصولات دارویی,بازار بورس,بازار اول (تابلوی اصلی) بورس,14.92,201.0,0.0,31000000000.0,33.0,118472894.0,3950.0,4200.0,1697.0,4240.0,2026-10-03,123380000000000.0,19623386.0,184,78101076280.0,11650021.0,2,46367083580.0,30273407.0,148,120488159860.0,1000000.0,2,3980000000.0,424462371.08695656,814109188.2432433,0.521,-42387083580.0,7,504518,3980.0,3990.0,183036,5,17,1334954,3970.0,4050.0,120000,1,1,3000,3860.0,4060.0,261200,1,1,1360,3680.0,4070.0,200605,6,1,25800,3530.0,4080.0,7750,1,,,,,,,,,,,,,,,,
57964444592843599,ضتاص1011,اختیارخ تاصیکو-56000-05/10/09,2026-10-04T09:24:43+03:30,5000.0,0.0,5096.0,1.92,5000.0,5140.0,5000.0,5140.0,5.0,64.0,326160000.0,100000.0,1,0.0,,1.0,13,اختیار معامله,,,,,,,,,,,,,,,,64.0,3,326144.0,0.0,0,0.0,64.0,2,326144.0,0.0,0,0.0,108714.66666666666,163072.0,0.667,0.0,1,30,1000.0,4999.0,10,1,2,1100,1.0,5000.0,30,1,0,0,0.0,5540.0,20,1,0,0,0.0,6140.0,20,1,0,0,0.0,8610.0,18,1,,,,,,تاصیکو,23293437377896568,37890,56000,1000,1405/07/11,1405/10/09,87,خرید,114,2424960000.0
58108537439201620,دوایکس,ص.س.اهرمی شاخصی کیان-س,2026-10-04T09:29:51+03:30,43897.0,4.0,43424.0,2.88,42209.0,43000.0,41789.0,43897.0,4963.0,64528193.0,2802099186786.0,43897.0,40521,0.0,,1,68,صندوق,صندوق سرمایه گذاری قابل معامله,بازار فرابورس,-',1084.46,,0.0,2000000000.0,,108491490.0,37288.0,40913.0,6152.0,41713.0,2026-10-03,86848000000000.0,59982697.0,1836,2604688634528.0,628128.0,8,27275830272.0,53409862.0,1063,2319269847488.0,7200963.0,6,312694617312.0,1418675726.8671024,2181815472.707432,0.65,285418787040.0,211,6788566,43897.0,0.0,0,0,7,25960,43896.0,0.0,0,0,9,221287,43895.0,0.0,0,0,2,19100,43892.0,0.0,0,0,7,12231,43890.0,0.0,0,0,صف خرید,42657.0,43350.0,2026-10-04T09:27:20+03:30,1.8,,,,,,,,,,,
58110595227507805,ضستا8057,اختیارخ شستا-2800-1405/08/13,2026-10-04T09:28:59+03:30,936.0,-9.48,926.0,-10.44,1034.0,947.0,911.0,947.0,14.0,1709.0,1582703000.0,100000.0,1,0.0,,1.0,39,اختیار معامله,,,,,,,,,,,,,,,,1709.0,5,1582534.0,0.0,0,0.0,730.0,1,675980.0,979.0,3,906554.0,316506.8,675980.0,0.468,906554.0,1,30,915.0,936.0,270,1,1,20,905.0,937.0,500,1,1,100,901.0,946.0,1000,1,2,212,813.0,956.0,1000,1,1,50,780.0,1038.0,221,2,,,,,,شستا,2400322364771558,3580,2800,1000,1405/05/17,1405/08/13,31,خرید,99201,4923030000.0
58180284328186631,خفناور,مهندسی صنعتی روان فن آور,2026-10-04T09:28:50+03:30,25550.0,-1.35,25640.0,-1.0,25900.0,26630.0,25200.0,26630.0,29.0,259144.0,6643989590.0,26670.0,25130,344.0,74.5,1,34,سهم,خودرو و ساخت قطعات,بازار پایه فرابورس,بازار پایه زرد فرابورس,0.0,344.0,12423.49,100000000.0,,1065600.0,24000.0,25360.0,13180.0,26700.0,2026-10-03,2564000000000.0,259144.0,13,6644452160.0,0.0,0,0.0,259144.0,9,6644452160.0,0.0,0,0.0,511111704.61538464,738272462.2222222,0.692,0.0,3,23665,25350.0,26530.0,1,1,1,5000,25330.0,26540.0,9000,3,1,5000,25310.0,26550.0,13938,3,1,3000,25290.0,26560.0,6000,2,2,103000,25280.0,26570.0,51800,2,,,,,,,,,,,,,,,,
58356374066358100,اروند,پتروشیمی اروند,2026-10-04T09:29:48+03:30,51780.0,-2.12,51600.0,-2.46,52900.0,52300.0,51320.0,52900.0,1440.0,3269924.0,168727854120.0,54480.0,51320,3275.0,15.8,1,44,سهم,محصولات شیمیایی,بازار بورس,بازار دوم (تابلوی اصلی) بورس,10.39,3275.0,28543.736,12000000000.0,13.0,19547874.0,52160.0,55320.0,37500.0,75800.0,2026-10-03,619200000000000.0,3135369.0,518,161785040400.0,129436.0,5,6678897600.0,3107799.0,592,160362428400.0,157006.0,4,8101509600.0,312326332.8185328,270882480.4054054,1.153,1422612000.0,1,6000,51790.0,52000.0,4092,9,6,16141,51780.0,52200.0,371,1,6,20784,51770.0,52220.0,1820,1,9,22990,51650.0,52300.0,31354,4,4,36893,51640.0,52310.0,454,1,,,,,,,,,,,,,,,,
58462435595049907,فنفت,صنایع تجهیزات نفت,2026-10-04T09:29:19+03:30,5130.0,2.81,5120.0,2.61,4990.0,5130.0,5060.0,5130.0,221.0,10184892.0,52138853740.0,5130.0,4850,529.0,9.7,1,27,سهم,فلزات اساسی,بازار فرابورس,بازار دوم فرابورس,8.69,529.0,0.0,3400000000.0,,14734938.0,4710.0,5020.0,2730.0,5460.0,2026-10-04,17408000000000.0,8684892.0,52,44466647040.0,1500000.0,1,7680000000.0,10023902.0,86,51322378240.0,160990.0,1,824268800.0,855127827.6923077,596771840.0,1.433,-6855731200.0,2,13820,5110.0,5130.0,760583,15,2,30000,5090.0,5220.0,11933,2,1,13841,5070.0,5350.0,100,1,2,56891,5060.0,5460.0,39243,3,3,25991,5050.0,5600.0,22125,3,,,,,,,,,,,,,,,,
58482817740704549,خکرمان,سرمایه گذاری آرمان گستر پاریز,2026-10-04T09:29:47+03:30,11590.0,0.09,11260.0,-2.76,11580.0,11370.0,11240.0,11600.0,622.0,8064299.0,90789136750.0,11920.0,11240,4372.0,2.6,1,34,سهم,خودرو و ساخت قطعات,بازار فرابورس,بازار دوم فرابورس,6.13,4372.0,0.0,5000000000.0,,35453186.0,11530.0,12000.0,3664.0,12000.0,2026-10-04,56300000000000.0,6270639.0,250,70607395140.0,1778660.0,1,20027711600.0,8049299.0,214,90635106740.0,0.0,0,0.0,282429580.56,423528536.1682243,0.667,-20027711600.0,1,28156,11600.0,11630.0,1927,1,1,6323,11590.0,11650.0,1000,1,1,19778,11580.0,11670.0,10000,1,2,27606,11510.0,11680.0,10000,1,2,49000,11500.0,11690.0,7743,1,,,,,,,,,,,,,,,,
58508994048790461,ضملت8073,اختیارخ وبملت-1300-1405/08/20,2026-10-04T09:29:23+03:30,249.0,-3.11,242.0,-5.84,257.0,240.0,228.0,258.0,146.0,37398.0,9056941000.0,100000.0,1,0.0,,1.0,57,اختیار معامله,,,,,,,,,,,,,,,,37398.0,44,9050316.0,0.0,0,0.0,37398.0,34,9050316.0,0.0,0,0.0,205689.0,266185.76470588235,0.773,0.0,1,7,250.0,256.0,20,1,1,1000,249.0,257.0,530,2,1,20,248.0,258.0,1911,2,1,30,247.0,259.0,3520,5,1,410,243.0,262.0,1000,1,,,,,,وبملت,778253364357513,1459,1300,1000,1405/05/24,1405/08/20,38,خرید,2288863,43266645000.0
58630636362786806,ضخود9053,اختیارخ خودرو-650-1405/09/04,2026-10-04T09:25:17+03:30,156.0,4.7,154.0,3.36,149.0,154.0,154.0,156.0,3.0,1300.0,200800000.0,100000.0,1,0.0,,1.0,34,اختیار معامله,,,,,,,,,,,,,,,,1300.0,1,200200.0,0.0,0,0.0,1300.0,2,200200.0,0.0,0,0.0,200200.0,100100.0,2.0,0.0,1,500,154.0,160.0,400,1,3,3000,120.0,163.0,120,1,3,700,116.0,169.0,500,1,2,1050,115.0,188.0,1241,2,2,161,111.0,194.0,478,2,,,,,,خودرو,65883838195688438,716,650,1000,1405/06/07,1405/09/04,52,خرید,238870,930800000.0
58722731270352481,پایش,صندوق س.درآمد ثابت دینا-د,2026-10-04T09:29:23+03:30,21382.0,0.13,21382.0,0.13,21355.0,21382.0,21382.0,21383.0,28.0,1096948.0,23455115696.0,21995.0,20715,0.0,,1,68,صندوق,صندوق سرمایه گذاری قابل معامله,بازار فرابورس,بازار ابزارهاي نوين مالي فرابورس,1067.75,,0.0,2000000000.0,,88824325.0,21298.0,21356.0,15473.0,21356.0,2026-10-04,42764000000000.0,450161.0,6,9625342502.0,646787.0,1,13829599634.0,821053.0,17,17555755246.0,275895.0,1,5899186890.0,1604223750.3333333,1032691485.0588236,1.553,-7930412744.0,3,509353213,21382.0,21383.0,8974235,3,1,1000000,21381.0,21384.0,100000,1,1,1000000,21380.0,21385.0,100000,1,1,1000000,21379.0,21386.0,100000,1,1,1000000,21378.0,21387.0,100000,1,,21417.0,21434.0,2026-10-04T09:28:09+03:30,-0.16,,,,,,,,,,,
58741071099161284,فرابورس,فرابورس ایران,2026-10-04T09:29:50+03:30,7270.0,-0.95,7160.0,-2.45,7340.0,7290.0,7120.0,7290.0,689.0,23285033.0,166650819370.0,7560.0,7120,441.0,16.2,1,67,سهم,فعالیتهای کمکی به نهادهای مالی واسط,بازار فرابورس,بازار اول فرابورس,9.07,441.0,0.0,15800000000.0,,116333398.0,7090.0,7620.0,3411.0,8010.0,2026-10-04,113128000000000.0,15399562.0,287,110260863920.0,7716559.0,5,55250562440.0,23116121.0,196,165511426360.0,0.0,0,0.0,384184194.8432056,844446052.8571428,0.455,-55250562440.0,1,91004,7270.0,7280.0,299000,1,1,75740,7250.0,7290.0,413851,5,4,324672,7240.0,7300.0,433676,2,5,405754,7190.0,7340.0,677715,6,9,719285,7170.0,7350.0,356000,3,,,,,,,,,,,,,,,,
58789178087946067,داریوش,صندوق س. ثروت داریوش -س,2026-10-04T09:29:18+03:30,52850.0,-1.29,53249.0,-0.54,53538.0,53540.0,52800.0,53540.0,58.0,313497.0,16693277611.0,55144.0,51932,0.0,,1,68,صندوق,صندوق سرمایه گذاری قابل معامله,بازار فرابورس,بازار ابزارهاي نوين مالي فرابورس,1084.46,,0.0,1000000000.0,,1619589.0,51300.0,54497.0,19765.0,54497.0,2026-10-03,53249000000000.0,191056.0,17,10173540944.0,122441.0,2,6519860809.0,279409.0,29,14878249841.0,34088.0,2,1815151912.0,598443584.9411764,513043097.9655172,1.166,-4704708897.0,1,19,52852.0,53534.0,6197,2,1,5000,52851.0,53539.0,35309,1,1,4591,52850.0,53540.0,15472,2,1,100,52837.0,53800.0,110000,2,1,10000,52802.0,54000.0,3056,3,,53073.0,53673.0,2026-10-04T09:27:43+03:30,0.33,,,,,,,,,,,
58810336532668771,کایزد,فرانسوز یزد,2026-10-04T09:29:49+03:30,3740.0,-2.86,3760.0,-2.34,3850.0,3860.0,3740.0,3860.0,520.0,24114252.0,90757392910.0,3960.0,3740,263.0,14.3,1,54,سهم,سایر محصولات کانی غیرفلزی,بازار فرابورس,بازار دوم فرابورس,10.47,263.0,3074.5496,4256655000.0,,31557308.0,3600.0,3920.0,2642.0,7130.0,2026-10-04,16005022800000.0,21976736.0,177,82632527360.0,1400000.0,2,5264000000.0,23376736.0,109,87896527360.0,0.0,0,0.0,466850437.0621469,806390159.2660551,0.579,-5264000000.0,1,5000,3710.0,3740.0,10541754,69,1,1354,3700.0,3750.0,5000,1,1,19500,2630.0,3810.0,7811,1,0,0,0.0,3820.0,392013,7,0,0,0.0,3830.0,1500,1,,,,,,,,,,,,,,,,
58852293795036597,ویستا,صندوق س. ویستا -س,2026-10-04T09:18:00+03:30,59051.0,-1.28,59660.0,-0.26,59817.0,59820.0,59051.0,59820.0,6.0,5059.0,301821930.0,61611.0,58023,0.0,,1,68,صندوق,صندوق سرمایه گذاری قابل معامله,بازار فرابورس,بازار ابزارهاي نوين مالي فرابورس,1084.46,,0.0,100000000.0,,197169.0,58528.0,61030.0,21926.0,61413.0,2026-10-03,5966000000000.0,5059.0,3,301819940.0,0.0,0,0.0,1145.0,3,68310700.0,3914.0,1,233509240.0,100606646.66666666,22770233.333333336,4.418,233509240.0,2,20000,59500.0,59639.0,23394,1,3,18000,59440.0,60000.0,6242,1,3,21000,59390.0,60139.0,200,1,2,16000,59350.0,60140.0,11136,2,3,15000,59300.0,60180.0,8000,2,,59642.0,60267.0,2026-10-04T09:29:18+03:30,0.03,,,,,,,,,,,
58873907630765023,امین,تامین سرمایه امین,2026-10-04T09:29:05+03:30,2830.0,-1.26,2863.0,-0.1,2866.0,2867.0,2800.0,2867.0,127.0,1861718.0,5330455723.0,2951.0,2781,469.0,6.1,1,67,سهم,فعالیتهای کمکی به نهادهای مالی واسط,بازار بورس,بازار دوم (تابلوی اصلی) بورس,6.37,469.0,0.0,32000000000.0,10.0,6493788.0,2759.0,2896.0,1725.0,3198.0,2026-10-03,91616000000000.0,133165.0,18,381251395.0,1728553.0,2,4948847239.0,1861718.0,111,5330098634.0,0.0,0,0.0,21180633.055555556,48018906.61261261,0.441,-4948847239.0,1,351251,2832.0,2835.0,11695,3,1,134580,2831.0,2836.0,2502,3,1,19782,2830.0,2837.0,11605,8,2,196788,2827.0,2838.0,5000,1,2,13249,2822.0,2839.0,34471,11,,,,,,,,,,,,,,,,
58931793851445922,ومعادن,توسعهمعادنوفلزات,2026-10-04T09:29:49+03:30,3670.0,-0.27,3580.0,-2.72,3680.0,3640.0,3570.0,3660.0,7218.0,444485534.0,1591195173660.0,3790.0,3570,318.0,11.3,1,13,سهم,استخراج کانه های فلزی,بازار بورس,بازار اول (تابلوی اصلی) بورس,15.67,318.0,0.0,570000000000.0,19.0,1074061835.0,3460.0,3680.0,1770.0,3780.0,2026-10-03,2040600000000000.0,318564686.0,2709,1140461575880.0,124330800.0,13,445104264000.0,431270060.0,1013,1543946814800.0,11625426.0,6,41619025080.0,420989876.66297525,1524133084.698914,0.276,-403485238920.0,3,343838,3660.0,3670.0,131361,1,15,593147,3650.0,3680.0,3070742,26,12,1046589,3640.0,3690.0,6081500,24,11,428950,3630.0,3700.0,15279321,71,9,192986,3620.0,3710.0,664206,7,,,,,,,,,,,,,,,,
58980125072230074,طهرم8030,اختیارف اهرم-56000-1405/08/27,2026-10-04T09:29:49+03:30,1836.0,-6.37,1966.0,0.25,1961.0,1700.0,1700.0,2100.0,337.0,11650.0,22903598000.0,500000.0,1,0.0,,1.0,68,اختیار معامله,,,,,,,,,,,,,,,,11526.0,64,22660116.0,120.0,2,235920.0,11630.0,57,22864580.0,16.0,1,31456.0,354064.3125,401132.98245614034,0.883,-204464.0,1,86,1838.0,1898.0,89,1,1,8,1836.0,1899.0,38,1,1,10,1834.0,1900.0,10,1,2,62,1830.0,1902.0,1,1,1,120,1821.0,1954.0,2,1,,,,,,اهرم,17914401175772326,72311,56000,1000,1405/05/31,1405/08/27,45,فروش,80469,800659461000.0
59008669275943439,ضجار8031,اختیارخ وتجارت-891-1405/08/20,2026-10-04T09:29:48+03:30,137.0,-12.18,130.0,-16.67,156.0,140.0,101.0,149.0,1019.0,327606.0,42655772000.0,100000.0,1,0.0,,1.0,57,اختیار معامله,,,,,,,,,,,,,,,,323073.0,184,41999490.0,1771.0,2,230230.0,228901.0,95,29757130.0,95943.0,4,12472590.0,228258.09782608697,313232.947368421,0.729,12242360.0,1,120,137.0,142.0,1444,2,3,2187,136.0,143.0,1357,3,2,1020,135.0,144.0,3104,5,3,2030,134.0,145.0,2661,5,3,2379,133.0,146.0,124,3,,,,,,وتجارت,63917421733088077,899,891,1000,1405/04/21,1405/08/20,38,خرید,10023968,272845626000.0
59046324684454732,ضهرم9025,اختیارخ اهرم-50000-1405/09/25,2026-10-04T09:02:41+03:30,29114.0,-1.92,29114.0,-1.92,29683.0,29114.0,29114.0,29114.0,1.0,1.0,29114000.0,500000.0,1,0.0,,1.0,68,اختیار معامله,,,,,,,,,,,,,,,,1.0,1,29114.0,0.0,0,0.0,1.0,1,29114.0,0.0,0,0.0,29114.0,29114.0,1.0,0.0,1,50,28500.0,29990.0,31,2,1,5,27666.0,34000.0,10,1,1,50,27027.0,35995.0,1,1,1,5,26667.0,35999.0,90,1,1,100,25200.0,0.0,0,0,,,,,,اهرم,17914401175772326,72311,50000,1000,1405/06/28,1405/09/25,73,خرید,690,71031000.0
59142194115401696,لوتوس,تامین سرمایه لوتوس پارسیان,2026-10-04T09:29:18+03:30,3370.0,-0.88,3300.0,-2.94,3400.0,3300.0,3300.0,3390.0,673.0,68109640.0,225092781610.0,3500.0,3300,594.0,5.6,1,67,سهم,فعالیتهای کمکی به نهادهای مالی واسط,بازار بورس,بازار دوم (تابلوی فرعی) بورس,6.37,594.0,0.0,85000000000.0,4.0,31317846.0,3500.0,3660.0,2002.0,3660.0,2026-10-03,280500000000000.0,18731389.0,147,61813583700.0,49378251.0,7,162948228300.0,54734765.0,66,180624724500.0,13374875.0,2,44137087500.0,420500569.3877551,2736738250.0,0.154,-118811140800.0,1,154310,3370.0,3380.0,192000,4,1,5000,3360.0,3390.0,72000,1,1,148702,3350.0,3400.0,294000,3,3,24502,3320.0,3430.0,8022,2,9,163550,3310.0,3440.0,1326817,5,,,,,,,,,,,,,,,,
59217041815333317,خکار,ایرکا پارت صنعت,2026-10-04T09:29:45+03:30,2021.0,2.95,2021.0,2.95,1963.0,2021.0,2021.0,2021.0,60.0,6077089.0,12281796869.0,2021.0,1905,504.0,4.0,1,34,سهم,خودرو و ساخت قطعات,بازار بورس,بازار اول (تابلوی اصلی) بورس,-23.87,504.0,1044.6345,11200000000.0,82.0,63477933.0,1828.0,1997.0,1145.0,2047.0,2026-10-04,22635200000000.0,4074808.0,5,8235186968.0,2000000.0,1,4042000000.0,2874808.0,45,5809986968.0,3200000.0,1,6467200000.0,1647037393.6,129110821.51111111,12.757,2425200000.0,103,61320059,2021.0,2050.0,2478,1,1,1000000,2019.0,2055.0,65000,2,1,8000,1980.0,2056.0,120000,1,1,17263,1975.0,0.0,0,0,1,20000,1973.0,0.0,0,0,,,,,,,,,,,,,,,,
59266699437480384,ارفع,شرکت آهن و فولاد ارفع,2026-10-04T09:29:49+03:30,14500.0,-2.88,14500.0,-2.88,14930.0,14550.0,14490.0,14690.0,511.0,7971210.0,115583729950.0,15370.0,14490,1926.0,7.5,1,27,سهم,فلزات اساسی,بازار فرابورس,بازار دوم فرابورس,8.68,1926.0,10644.855,42000000000.0,,43811700.0,14500.0,15740.0,7850.0,19550.0,2026-10-04,609000000000000.0,5585564.0,213,80990678000.0,2295260.0,4,33281270000.0,6322019.0,163,91669275500.0,1558805.0,5,22602672500.0,380237924.8826291,562388193.2515337,0.676,-10678597500.0,30,698280,14490.0,14500.0,13997,1,1,350,14420.0,14570.0,43314,2,2,694,14410.0,14580.0,4000,1,1,10000,14200.0,14650.0,4400,2,1,720,14100.0,14660.0,108000,3,,,,,,,,,,,,,,,,
59275340743792076,طهرم9034,اختیارف اهرم-120000-1405/09/25,2026-10-04T09:20:22+03:30,49500.0,3.72,49667.0,4.07,47726.0,50000.0,49500.0,50000.0,2.0,3.0,149000000.0,500000.0,1,0.0,,1.0,68,اختیار معامله,,,,,,,,,,,,,,,,3.0,2,149001.0,0.0,0,0.0,3.0,2,149001.0,0.0,0,0.0,74500.5,74500.5,1.0,0.0,1,7,45001.0,49499.0,25,2,1,8,43000.0,49500.0,2,1,1,5,26000.0,49999.0,3,1,1,8,25002.0,50000.0,91,1,1,2,25000.0,62000.0,40,2,,,,,,اهرم,17914401175772326,72311,120000,1000,1405/06/28,1405/09/25,73,فروش,433,215106000.0
59345957997866018,نمک,صندوق س.بخشی گستره فیروزه3 -ب,2026-10-04T09:29:09+03:30,41408.0,1.46,41134.0,0.78,40814.0,41800.0,40701.0,41800.0,253.0,2061983.0,84818228192.0,42038.0,39590,0.0,,1,68,صندوق,صندوق سرمایه گذاری قابل معامله,بازار فرابورس,بازار ابزارهاي نوين مالي فرابورس,1084.1,,0.0,1000000000.0,,10326473.0,39300.0,41054.0,10710.0,41054.0,2026-10-03,41134000000000.0,772628.0,102,31781280152.0,1289355.0,3,53036328570.0,2020086.0,89,83094217524.0,41897.0,2,1723391198.0,311581177.9607843,933642893.5280899,0.334,-51312937372.0,3,7025,41214.0,41408.0,63768,4,1,200,41210.0,41409.0,3000,3,3,2682,41200.0,41410.0,5533,1,1,32021,41149.0,41429.0,457,2,1,51079,41145.0,41430.0,20000,1,,41231.0,41657.0,2026-10-04T09:29:00+03:30,-0.24,,,,,,,,,,,
59400758761005916,جخود0508,آتی خودرو-1405/08/06,2026-10-04T09:12:06+03:30,710.0,-4.05,710.0,-4.05,740.0,710.0,710.0,710.0,1.0,200.0,142000000.0,814.0,666,0.0,,1,34,سهم,خودرو و ساخت قطعات,بازار مشتقه,بازار عادی آتی,0.0,,0.0,1000.0,,100.0,710.0,730.0,695.0,730.0,2026-10-03,710000.0,0.0,0,0.0,200.0,1,142000.0,200.0,1,142000.0,0.0,0,0.0,,142000.0,,-142000.0,1,300,710.0,740.0,300,1,1,500,700.0,750.0,500,1,1,500,690.0,760.0,500,1,1,500,680.0,770.0,500,1,1,500,670.0,780.0,500,1,,,,,,,,,,,,,,,,
59461185672081215,غمایه,شرکت خمیرمایه رضوی,2026-10-04T09:28:31+03:30,25120.0,2.99,25120.0,2.99,24390.0,25120.0,25120.0,25120.0,48.0,1033411.0,25959284320.0,25120.0,23660,2821.0,8.9,1,42,سهم,محصولات غذایی و آشامیدنی به جز قند و شکر,بازار فرابورس,بازار اول فرابورس,7.69,2821.0,8175.566,2574000000.0,,3743529.0,23460.0,25510.0,7160.0,26570.0,2026-10-04,64658880000000.0,833411.0,7,20935284320.0,200000.0,1,5024000000.0,322117.0,21,8091579040.0,711294.0,2,17867705280.0,2990754902.857143,385313287.6190476,7.762,12843705280.0,75,4650664,25120.0,25620.0,200,1,1,5000,24900.0,26570.0,5,1,1,400,24800.0,26660.0,4458,1,1,250,23700.0,0.0,0,0,1,225,23660.0,0.0,0,0,,,,,,,,,,,,,,,,
59486059679335017,وپترو,سرمایهگذاری صنایع پتروشیمی,2026-10-04T09:29:27+03:30,74730.0,-3.0,74730.0,-3.0,77040.0,74730.0,74730.0,74730.0,102.0,446627.0,33376435710.0,79350.0,74730,7753.0,9.6,1,44,سهم,محصولات شیمیایی,بازار بورس,بازار اول (تابلوی اصلی) بورس,10.14,7753.0,0.0,1820000000.0,32.0,5924245.0,77040.0,81870.0,30500.0,88910.0,2026-10-04,136008600000000.0,48627.0,63,3633895710.0,398000.0,1,29742540000.0,386627.0,14,28892635710.0,60000.0,2,4483800000.0,57680884.28571429,2063759693.5714285,0.028,-25258740000.0,0,0,0.0,74730.0,18686496,788,0,0,0.0,74740.0,1800,1,0,0,0.0,77040.0,28850,4,0,0,0.0,78500.0,5400,1,0,0,0.0,78950.0,22637,2,صف فروش,,,,,,,,,,,,,,,
59505233078775899,ضملی8096,اختیارخ فملی-28000-1405/08/06,2026-10-04T09:29:32+03:30,3679.0,-7.56,3136.0,-21.21,3980.0,1000.0,1000.0,3700.0,106.0,3225.0,10112771000.0,100000.0,1,0.0,,1.0,27,اختیار معامله,,,,,,,,,,,,,,,,3225.0,43,10113600.0,0.0,0,0.0,1410.0,10,4421760.0,1815.0,1,5691840.0,235200.0,442176.0,0.532,5691840.0,1,1,3562.0,3679.0,18,1,1,8,3561.0,3700.0,10,1,1,14,3559.0,3790.0,3,1,1,100,3510.0,3860.0,10,1,1,100,3420.0,3865.0,15,1,,,,,,فملی,35425587644337450,28740,28000,1000,1405/07/07,1405/08/06,24,خرید,14400,83660040000.0
59522975635235187,شمس,تولید انرژی برق شمس پاسارگاد,2026-10-04T09:29:43+03:30,12240.0,-2.86,12240.0,-2.86,12600.0,12720.0,12230.0,12720.0,250.0,3522537.0,43102902930.0,12970.0,12230,887.0,13.8,1,40,سهم,عرضه برق، گاز، بخاروآب گرم,بازار فرابورس,بازار دوم فرابورس,10.26,887.0,2432.2544,4000000000.0,,13471159.0,11580.0,12800.0,3513.0,12920.0,2026-10-04,48960000000000.0,1274169.0,58,15595828560.0,2248211.0,1,27518102640.0,3522380.0,120,43113931200.0,0.0,0,0.0,268893595.86206895,359282760.0,0.748,-27518102640.0,6,149856,12240.0,12270.0,1954,3,10,266400,12230.0,12300.0,140,1,1,500,11450.0,12350.0,4204,2,0,0,0.0,12530.0,5234,2,0,0,0.0,12550.0,757,1,,,,,,,,,,,,,,,,
59598536122397373,سخند,صندوق س.سپهرخبرگان نفت-د,2026-10-04T09:22:32+03:30,12197.0,0.07,12197.0,0.07,12188.0,12197.0,12197.0,12197.0,1.0,557.0,6793729.0,12553.0,11823,291.0,41.9,1,68,صندوق,صندوق سرمایه گذاری قابل معامله,بازار فرابورس,بازار ابزارهاي نوين مالي فرابورس,1064.79,291.0,0.0,500000000.0,,53598.0,12135.0,12167.0,10004.0,12167.0,2026-10-03,6098500000000.0,0.0,0,0.0,557.0,1,6793729.0,557.0,1,6793729.0,0.0,0,0.0,,6793729.0,,-6793729.0,1,399443,12197.0,12198.0,100000,1,1,100000,12196.0,12208.0,100000,1,1,100000,12195.0,12218.0,100000,1,1,100000,12194.0,12228.0,100000,1,1,100000,12193.0,12238.0,100000,1,,,,,,,,,,,,,,,,
59607545337891226,پرداخت,به پرداخت ملت,2026-10-04T09:29:37+03:30,6890.0,-0.58,6740.0,-2.74,6930.0,6900.0,6730.0,7080.0,87.0,1684865.0,11351111670.0,7130.0,6730,481.0,14.0,1,72,سهم,رایانه و فعالیتهای وابسته به آن,بازار بورس,بازار دوم (تابلوی فرعی) بورس,19.17,481.0,0.0,10000000000.0,5.0,11769502.0,6530.0,7060.0,4511.0,8090.0,2026-10-03,67400000000000.0,1339885.0,39,9030824900.0,344080.0,1,2319099200.0,1683965.0,23,11349924100.0,0.0,0,0.0,231559612.82051283,493474960.86956525,0.469,-2319099200.0,3,41624,6740.0,6880.0,59298,2,3,215000,6730.0,6890.0,133447,2,0,0,0.0,6900.0,109000,3,0,0,0.0,6910.0,102000,2,0,0,0.0,6930.0,86020,1,,,,,,,,,,,,,,,,
59612098290740355,آباد,توریستی ورفاهی آبادگران ایران,2026-10-04T09:29:05+03:30,1102.0,2.99,1102.0,2.99,1070.0,1102.0,1102.0,1102.0,77.0,15533646.0,17118077892.0,1102.0,1038,3.0,367.3,1,55,سهم,هتل و رستوران,بازار بورس,بازار اول (تابلوی فرعی) بورس,357.0,3.0,0.0,11862388000.0,47.0,75316492.0,960.0,1040.0,601.0,1141.0,2026-10-03,13072351576000.0,15533646.0,5,17118077892.0,0.0,0,0.0,6567646.0,39,7237545892.0,8966000.0,1,9880532000.0,3423615578.4,185578099.7948718,18.448,9880532000.0,166,114007221,1102.0,0.0,0,0,2,309076,1071.0,0.0,0,0,1,10000,1070.0,0.0,0,0,1,100000,1046.0,0.0,0,0,1,1000000,1040.0,0.0,0,0,صف خرید,,,,,,,,,,,,,,,
59641261891847088,معدن,صندوق س صنایع مفید6- بخشی,2026-10-04T09:29:19+03:30,24085.0,-1.3,23930.0,-1.94,24403.0,24003.0,23824.0,24499.0,468.0,2618743.0,62667155387.0,25135.0,23671,0.0,,1,68,صندوق,صندوق سرمایه گذاری قابل معامله,بازار بورس,بازار صندوق های قابل معامله,0.0,,0.0,1000000000.0,,19864191.0,22000.0,24132.0,8550.0,24132.0,2026-10-03,23930000000000.0,2395177.0,176,57316585610.0,223566.0,3,5349934380.0,2298421.0,158,55001214530.0,320322.0,4,7665305460.0,325662418.2386364,348108952.721519,0.936,2315371080.0,1,1000,24088.0,24269.0,7532,2,1,10000,24087.0,24270.0,23543,2,4,41000,24086.0,24273.0,480,1,2,14142,24085.0,24275.0,27893,4,1,2000,24081.0,24283.0,390,1,,24080.0,24320.0,2026-10-04T09:28:08+03:30,-0.62,,,,,,,,,,,
59713328419002402,اتوآگاه2,صندوق س صنایع آگاه2-بخشی,2026-10-04T09:27:08+03:30,1.0,-99.99,1.0,-99.99,18370.0,1.0,1.0,1.0,3.0,500000.0,500000.0,1.0,1,0.0,,1,68,صندوق,صندوق سرمایه گذاری قابل معامله,بازار بورس,-',0.0,,0.0,1000000000.0,,4630000.0,1.0,1.0,1.0,1.0,2026-10-03,1000000000.0,0.0,0,0.0,500000.0,1,500000.0,0.0,0,0.0,500000.0,1,500000.0,,,,0.0,0,0,0.0,0.0,0,0,,,,,,,,,,,,,,,,,,,,,,,,,,,,,,,,,,,,,,,,
59839275647597021,وثوق,سرمایه گذاری وثوق امین,2026-10-04T09:29:46+03:30,44310.0,-0.11,44690.0,0.74,44360.0,45680.0,44370.0,45690.0,23.0,64825.0,2897274400.0,45690.0,43030,81.0,551.7,1,56,سهم,سرمایه گذاریها,بازار پایه فرابورس,بازار پایه زرد فرابورس,0.0,81.0,0.0,320000000.0,,1198376.0,42860.0,45710.0,15200.0,45710.0,2026-10-03,14300800000000.0,20762.0,8,927853780.0,41068.0,1,1835328920.0,61830.0,10,2763182700.0,0.0,0,0.0,115981722.5,276318270.0,0.42,-1835328920.0,1,30000,44360.0,44370.0,5568,2,1,27005,44310.0,45400.0,10000,1,9,232400,43030.0,45500.0,53665,4,0,0,0.0,45600.0,30000,1,0,0,0.0,45620.0,16000,3,,,,,,,,,,,,,,,,
59848307608894801,گپارس,امور رفاهی کارگزاران پارس,2026-10-04T09:26:04+03:30,296000.0,2.71,288300.0,0.03,288200.0,295900.0,295900.0,296000.0,2.0,300.0,88797000.0,296800.0,279600,723.0,398.8,18824,55,سهم,هتل و رستوران,بازار پایه فرابورس,بازار پایه زرد فرابورس,0.0,723.0,0.0,15307007.0,,20676.0,281000.0,299200.0,133850.0,299200.0,2026-10-03,4413010118100.0,300.0,1,86490000.0,0.0,0,0.0,300.0,2,86490000.0,0.0,0,0.0,86490000.0,43245000.0,2.0,0.0,1,345,280000.0,296000.0,230,1,2,4411,279600.0,296300.0,1257,1,0,0,0.0,296500.0,25,1,0,0,0.0,296700.0,547,2,0,0,0.0,296800.0,10038,3,,,,,,,,,,,,,,,,
59866041653103343,نوین,بیمه نوین,2026-10-04T09:29:33+03:30,9730.0,-2.99,9730.0,-2.99,10030.0,9730.0,9730.0,9730.0,145.0,3603062.0,35057793260.0,10330.0,9730,358.0,27.2,1,66,سهم,بیمه وصندوق بازنشستگی به جزتامین اجتماعی,بازار فرابورس,بازار دوم فرابورس,18.62,358.0,0.0,5000000000.0,,11318198.0,10030.0,10650.0,1589.0,11820.0,2026-10-04,48650000000000.0,681362.0,35,6629652260.0,2721700.0,3,26482141000.0,3403062.0,53,33111793260.0,0.0,0,0.0,189418636.0,624750816.2264152,0.303,-26482141000.0,1,700,7440.0,9730.0,8768577,182,0,0,0.0,9800.0,20000,1,0,0,0.0,9900.0,5000,1,0,0,0.0,10000.0,15043,4,0,0,0.0,10030.0,195700,10,,,,,,,,,,,,,,,,
59894184850560807,رادان,صندوق س در سهام راد-سهام,2026-10-04T09:29:14+03:30,21561.0,-1.75,21619.0,-1.49,21945.0,21810.0,21320.0,21944.0,45.0,443020.0,9577538386.0,22603.0,21287,0.0,,1,68,صندوق,صندوق سرمایه گذاری قابل معامله,بازار بورس,بازار صندوق های قابل معامله,0.0,,0.0,400000000.0,,5269108.0,20700.0,22065.0,8360.0,22100.0,2026-10-03,8647600000000.0,26403.0,2,570806457.0,416617.0,1,9006842923.0,443020.0,6,9577649380.0,0.0,0,0.0,285403228.5,1596274896.6666667,0.179,-9006842923.0,1,13876,21560.0,21568.0,893,1,1,14015,21550.0,21569.0,6838,1,2,20332,21540.0,21570.0,337,1,1,14297,21530.0,21580.0,20,1,1,14440,21520.0,21600.0,7665,1,,21764.0,22014.0,2026-10-04T09:29:12+03:30,-0.67,,,,,,,,,,,
59921975187856916,غشاذر,پگاهآذربایجانغربی,2026-10-04T09:29:45+03:30,21310.0,-0.05,20870.0,-2.11,21320.0,21800.0,20690.0,21800.0,242.0,3043765.0,63533458980.0,21950.0,20690,2810.0,7.4,1,42,سهم,محصولات غذایی و آشامیدنی به جز قند و شکر,بازار بورس,بازار دوم (تابلوی اصلی) بورس,9.49,2810.0,34951.066,1714137648.0,27.0,6780975.0,20040.0,21250.0,7810.0,21250.0,2026-10-03,35774052713760.0,1638288.0,102,34191070560.0,1394992.0,3,29113483040.0,2533280.0,62,52869553600.0,500000.0,1,10435000000.0,335206574.11764705,852734735.4838709,0.393,-18678483040.0,3,69245,21000.0,21310.0,32265,1,2,66061,20760.0,21320.0,22429,2,2,50474,20750.0,21500.0,301500,4,1,4000,20720.0,21590.0,118929,2,2,100241,20710.0,21600.0,24065,2,,,,,,,,,,,,,,,,
59962858215609867,ضملی9034,اختیارخ فملی-11000-1405/09/04,2026-10-04T09:25:22+03:30,18721.0,2.74,18651.0,2.36,18221.0,18550.0,18550.0,18722.0,7.0,225.0,4196457000.0,100000.0,1,0.0,,1.0,27,اختیار معامله,,,,,,,,,,,,,,,,225.0,3,4196475.0,0.0,0,0.0,18.0,4,335718.0,207.0,1,3860757.0,1398825.0,83929.5,16.667,3860757.0,1,100,18710.0,18751.0,1,1,1,81,18000.0,18752.0,109,1,1,20,17800.0,18990.0,2,2,1,2,15000.0,19000.0,10,1,1,1000,2.0,20000.0,156,1,,,,,,فملی,35425587644337450,28740,11000,1000,1405/05/17,1405/09/04,52,خرید,7845,6450750000.0
59966494064188343,ضستا8059,اختیارخ شستا-3250-1405/08/13,2026-10-04T09:29:03+03:30,646.0,-8.11,651.0,-7.4,703.0,701.0,410.0,701.0,34.0,1386.0,902314000.0,100000.0,1,0.0,,1.0,39,اختیار معامله,,,,,,,,,,,,,,,,1321.0,13,859971.0,65.0,1,42315.0,1386.0,10,902286.0,0.0,0,0.0,66151.61538461539,90228.59999999999,0.733,-42315.0,2,120,646.0,667.0,47,1,2,1007,645.0,780.0,300,1,1,400,625.0,788.0,30,1,1,30,620.0,789.0,300,3,1,1000,619.0,790.0,50,1,,,,,,شستا,2400322364771558,3580,3250,1000,1405/05/17,1405/08/13,31,خرید,120944,4483920000.0
60079434631497942,ورازی,بیمه رازی,2026-10-04T09:28:33+03:30,1740.0,2.23,1733.0,1.82,1702.0,1653.0,1653.0,1753.0,85.0,13107204.0,22711692835.0,1753.0,1651,18.0,96.3,1,66,سهم,بیمه وصندوق بازنشستگی به جزتامین اجتماعی,بازار پایه فرابورس,بازار پایه زرد فرابورس,0.0,18.0,0.0,19039453000.0,,47863736.0,1584.0,1723.0,685.0,1797.0,2026-10-03,32995372049000.0,13107204.0,19,22714784532.0,0.0,0,0.0,12807204.0,49,22194884532.0,300000.0,1,519900000.0,1195514975.368421,452956827.18367344,2.639,519900000.0,1,36610,1730.0,1740.0,639826,1,3,108566,1725.0,1750.0,500000,1,1,48280,1708.0,1751.0,300000,1,1,200000,1701.0,1752.0,1000000,1,1,189370,1700.0,1753.0,1908333,6,,,,,,,,,,,,,,,,
60136526892506361,ضجار8030,اختیارخ وتجارت-791-1405/08/20,2026-10-04T09:29:35+03:30,189.0,-5.5,172.0,-14.0,200.0,175.0,163.0,188.0,513.0,163298.0,28092245000.0,100000.0,1,0.0,,1.0,57,اختیار معامله,,,,,,,,,,,,,,,,162798.0,72,28001256.0,500.0,1,86000.0,44530.0,30,7659160.0,118768.0,3,20428096.0,388906.3333333334,255305.3333333333,1.523,20342096.0,1,100,178.0,186.0,400,1,12,12000,177.0,187.0,2000,2,4,3300,176.0,188.0,2050,3,1,323,175.0,189.0,1900,2,1,100,174.0,190.0,435,3,,,,,,وتجارت,63917421733088077,899,791,1000,1405/04/21,1405/08/20,38,خرید,4311361,136401710000.0
60162288821230099,تماوند,تامین سرمایه دماوند,2026-10-04T09:29:50+03:30,2454.0,-0.61,2418.0,-2.07,2469.0,2510.0,2402.0,2510.0,39.0,1404822.0,3397192192.0,2543.0,2395,337.0,7.2,1,67,سهم,فعالیتهای کمکی به نهادهای مالی واسط,بازار فرابورس,بازار دوم فرابورس,9.07,337.0,0.0,21000000000.0,,24553442.0,2443.0,2591.0,1900.0,2763.0,2026-10-04,50778000000000.0,1184822.0,16,2864899596.0,200000.0,1,483600000.0,1384822.0,14,3348499596.0,0.0,0,0.0,179056224.75,239178542.57142857,0.749,-483600000.0,1,49000,2420.0,2454.0,75324,1,1,10000,2415.0,2469.0,250999,3,1,500000,2414.0,2479.0,12100,2,1,500000,2413.0,2480.0,629760,2,1,500000,2412.0,2497.0,75000,1,,,,,,,,,,,,,,,,
60235881999727383,آکو,آکو باتری ایرانیان,2026-10-04T09:29:49+03:30,41030.0,2.99,40690.0,2.13,39840.0,40800.0,39000.0,41030.0,5012.0,12314725.0,501130616730.0,41030.0,38650,4427.0,9.2,1,26,سهم,تولید محصولات کامپیوتری الکترونیکی ونوری,بازار بورس,بازار دوم (تابلوی اصلی) بورس,8.68,4427.0,14269.463,10020000000.0,15.0,44763588.0,38710.0,39580.0,32934.0,45300.0,2026-10-03,407713800000000.0,11758710.0,595,478461909900.0,522371.0,4,21255275990.0,11532221.0,3447,469246072490.0,748860.0,5,30471113400.0,804137663.697479,136131729.762112,5.907,9215837410.0,102,1734242,41030.0,0.0,0,0,3,9287,41010.0,0.0,0,0,5,20738,41000.0,0.0,0,0,1,141,40990.0,0.0,0,0,3,4091,40960.0,0.0,0,0,صف خرید,,,,,,,,,,,,,,,
60289595205403229,بهیر,س. توسعه تجارت هیرمند,2026-10-04T09:27:59+03:30,4800.0,1.91,4800.0,1.91,4710.0,4800.0,4800.0,4800.0,29.0,1236764.0,5936467200.0,4800.0,4620,223.0,21.5,1,56,سهم,سرمایه گذاریها,بازار پایه فرابورس,بازار پایه نارنجی فرابورس,0.0,223.0,0.0,600000000.0,,3152152.0,4460.0,4630.0,2950.0,4630.0,2026-10-03,2880000000000.0,1236764.0,7,5936467200.0,0.0,0,0.0,990592.0,12,4754841600.0,246172.0,1,1181625600.0,848066742.8571428,396236800.0,2.14,1181625600.0,1,10756,4650.0,4800.0,21494,1,1,19853,4640.0,0.0,0,0,3,274602,4630.0,0.0,0,0,1,11000,4620.0,0.0,0,0,1,100000,3980.0,0.0,0,0,,,,,,,,,,,,,,,,
60369091709615715,مهرمام,مهرمام میهن,2026-10-04T09:29:47+03:30,4640.0,-1.07,4700.0,0.21,4690.0,4650.0,4640.0,4820.0,488.0,23760346.0,111771712630.0,4830.0,4550,403.0,11.7,1,84,سهم,سلامت انسان و مددکاری اجتماعی,بازار فرابورس,بازار نوآفرین - دانش بنیان,11.66,403.0,0.0,7933352000.0,,73558411.0,4210.0,4630.0,2557.0,5480.0,2026-10-03,37286754400000.0,22184061.0,97,104265086700.0,1437285.0,1,6755239500.0,22280493.0,216,104718317100.0,1340853.0,2,6302009100.0,1074897801.030928,484807023.61111116,2.217,-453230400.0,1,3200,4630.0,4640.0,101366,1,4,504259,4620.0,4650.0,466267,4,4,63650,4610.0,4660.0,190818,3,7,335000,4600.0,4670.0,284510,1,4,610000,4590.0,4680.0,399061,5,,,,,,,,,,,,,,,,
60410592153141114,دلتا,صندوق س صنایع تمدن1-بخشی,2026-10-04T09:27:30+03:30,14976.0,-2.18,14979.0,-2.16,15310.0,14978.0,14976.0,15016.0,10.0,2739.0,41026720.0,15769.0,14851,0.0,,1,68,صندوق,صندوق سرمایه گذاری قابل معامله,بازار بورس,بازار صندوق های قابل معامله,0.0,,0.0,1000000000.0,,534665.0,15062.0,15747.0,13547.0,16282.0,2026-10-03,14979000000000.0,548.0,2,8208492.0,2191.0,1,32818989.0,2739.0,9,41027481.0,0.0,0,0.0,4104246.0,4558609.0,0.9,-32818989.0,2,2000000,15063.0,15081.0,24,1,1,3130,14987.0,15174.0,72,1,1,3270,14983.0,15213.0,2004000,3,1,3480,14980.0,15250.0,24,1,1,3720,14976.0,15296.0,4720,1,,15100.0,15250.0,2026-10-04T09:27:31+03:30,-0.8,,,,,,,,,,,
60451823714332895,دالبر,البرزدارو,2026-10-04T09:29:48+03:30,15970.0,-2.98,16000.0,-2.79,16460.0,16460.0,15970.0,16460.0,1038.0,18359494.0,293671043280.0,16950.0,15970,1779.0,9.0,1,43,سهم,مواد و محصولات دارویی,بازار بورس,بازار دوم (تابلوی اصلی) بورس,14.91,1779.0,7473.858,14000000000.0,31.0,62898619.0,15050.0,16360.0,3333.0,16990.0,2026-10-03,224000000000000.0,15471036.0,459,247536576000.0,2886335.0,6,46181360000.0,18353587.0,189,293657392000.0,3784.0,1,60544000.0,539295372.5490197,1553742814.8148148,0.347,-46120816000.0,3,2943,15870.0,15970.0,18016992,267,3,3584,14970.0,15990.0,146080,4,1,1000,14660.0,16000.0,3321,1,1,500,13730.0,16100.0,31523,2,0,0,0.0,16110.0,3443,1,,,,,,,,,,,,,,,,
60452655970982723,ضملت7040,اختیارخ وبملت-1054-1405/07/22,2026-10-04T09:28:26+03:30,446.0,-3.25,438.0,-4.99,461.0,432.0,421.0,446.0,16.0,1055.0,461605000.0,100000.0,1,0.0,,1.0,57,اختیار معامله,,,,,,,,,,,,,,,,1005.0,11,440190.0,50.0,1,21900.0,1055.0,8,462090.0,0.0,0,0.0,40017.27272727273,57761.25,0.693,-21900.0,1,100,445.0,461.0,200,1,1,30,435.0,469.0,250,1,1,200,427.0,470.0,254,1,2,101,405.0,474.0,50,1,5,239,387.0,575.0,200,1,,,,,,وبملت,778253364357513,1459,1054,1000,1405/04/27,1405/07/22,10,خرید,368497,615698000.0
60518811070166899,ضهرم7064,اختیارخ اهرم-74000-1405/07/29,2026-10-04T09:23:07+03:30,2700.0,-39.43,3883.0,-12.9,4458.0,4001.0,2700.0,4001.0,2.0,11.0,42710000.0,500000.0,1,0.0,,1.0,68,اختیار معامله,,,,,,,,,,,,,,,,11.0,2,42713.0,0.0,0,0.0,11.0,2,42713.0,0.0,0,0.0,21356.5,21356.5,1.0,0.0,1,55,3000.0,4400.0,72,3,1,50,2810.0,4499.0,3,1,1,50,2802.0,4500.0,113,3,1,25,2750.0,4600.0,10,1,1,49,2700.0,4899.0,3,1,,,,,,اهرم,17914401175772326,72311,74000,1000,1405/06/10,1405/07/29,17,خرید,357882,790141000.0
60523145697836739,بورس,بورس اوراق بهادار تهران,2026-10-04T09:29:40+03:30,5210.0,-0.57,5110.0,-2.48,5240.0,5160.0,5090.0,5240.0,760.0,23425138.0,119789347110.0,5390.0,5090,280.0,18.3,1,67,سهم,فعالیتهای کمکی به نهادهای مالی واسط,بازار بورس,بازار اول (تابلوی اصلی) بورس,6.35,280.0,0.0,32000000000.0,88.0,222975226.0,5160.0,5410.0,2654.0,6240.0,2026-10-04,163520000000000.0,22283001.0,272,113866135110.0,1135137.0,2,5800550070.0,17118139.0,231,87473690290.0,6299999.0,4,32192994890.0,418625496.7279412,378673983.93939394,1.106,26392444820.0,4,53846,5210.0,5220.0,36047,8,4,223033,5200.0,5230.0,252914,3,1,203060,5190.0,5240.0,682886,16,4,16344,5180.0,5250.0,320412,3,6,546533,5170.0,5260.0,992777,4,,,,,,,,,,,,,,,,
60526941576173556,طهمن9032,اختیارف خبهمن-2400-1405/09/25,2026-10-04T09:11:00+03:30,11.0,-26.67,11.0,-26.67,15.0,11.0,11.0,11.0,1.0,1.0,11000.0,100000.0,1,0.0,,1.0,34,اختیار معامله,,,,,,,,,,,,,,,,1.0,1,11.0,0.0,0,0.0,0.0,0,0.0,1.0,1,11.0,11.0,,,11.0,2,610,11.0,85.0,45,1,1,444,4.0,154.0,301,1,4,3024,2.0,0.0,0,0,1,100,1.0,0.0,0,0,0,0,0.0,0.0,0,0,,,,,,خبهمن,26824673819862694,2554,2400,1000,1405/05/31,1405/09/25,73,فروش,53556,2543000.0
60610861509165508,حکشتی,کشتیرانی جمهوری اسلامی ایران,2026-10-04T09:29:48+03:30,8070.0,-2.65,8070.0,-2.65,8290.0,8160.0,8050.0,8220.0,1510.0,65323732.0,527227293380.0,8530.0,8050,331.0,24.4,1,60,سهم,حمل ونقل، انبارداری و ارتباطات,بازار بورس,بازار اول (تابلوی فرعی) بورس,18.53,331.0,0.0,116000000000.0,20.0,100142467.0,8480.0,8480.0,5250.0,10240.0,2026-10-03,936120000000000.0,56932440.0,637,459444790800.0,8333000.0,2,67247310000.0,54456751.0,385,439465980570.0,10808689.0,3,87226120230.0,721263407.8492935,1141470079.4025974,0.632,19978810230.0,2,11305,8080.0,8100.0,31074,2,4,68500,8060.0,8120.0,581,1,27,1999454,8050.0,8130.0,417301,5,1,700,8000.0,8140.0,788857,7,0,0,0.0,8150.0,118211,4,,,,,,,,,,,,,,,,
60654872678917533,سقاین,سیمان قائن,2026-10-04T09:29:46+03:30,33900.0,-2.53,33750.0,-2.96,34780.0,33750.0,33740.0,34550.0,385.0,2408137.0,81279644080.0,35820.0,33740,3814.0,8.8,1,53,سهم,سیمان، آهک و گچ,بازار بورس,بازار اول (تابلوی فرعی) بورس,7.59,3814.0,5543.6616,4000000000.0,12.0,5757152.0,34200.0,36770.0,6380.0,36770.0,2026-10-04,135000000000000.0,1566784.0,120,52878960000.0,838383.0,3,28295426250.0,2117390.0,114,71461912500.0,287777.0,1,9712473750.0,440658000.0,626858881.5789473,0.703,-18582952500.0,4,37922,33820.0,33990.0,82373,8,7,76652,33800.0,34000.0,203350,10,1,30000,33790.0,34190.0,8886,1,1,30000,33780.0,34200.0,12828,2,1,30000,33770.0,34210.0,30000,1,,,,,,,,,,,,,,,,
60783654574662426,وهنر,گروه توسعه هنر ایران,2026-10-04T09:27:24+03:30,4820.0,0.21,4920.0,2.29,4810.0,4940.0,4800.0,4940.0,26.0,689037.0,3387673870.0,4950.0,4670,-181.0,-27.2,1,90,سهم,فعالیت های هنری، سرگرمی و خلاقانه,بازار پایه فرابورس,بازار پایه زرد فرابورس,0.0,-181.0,0.0,993748000.0,,7090882.0,4390.0,4760.0,3040.0,9850.0,2026-10-03,4889240160000.0,189029.0,7,930022680.0,500008.0,1,2460039360.0,689037.0,15,3390062040.0,0.0,0,0.0,132860382.85714287,226004136.0,0.588,-2460039360.0,1,27411,4730.0,4890.0,77576,1,1,200000,4720.0,4900.0,109438,7,3,236654,4710.0,4910.0,3695,1,1,300000,4700.0,4920.0,346665,2,3,41400,4690.0,4930.0,603695,3,,,,,,,,,,,,,,,,
60839809440381862,طذوب7044,اختیارف ذوب-650-1405/07/22,2026-10-04T09:29:48+03:30,26.0,-7.14,31.0,10.71,28.0,21.0,21.0,37.0,170.0,73856.0,2281610000.0,100000.0,1,0.0,,1.0,27,اختیار معامله,,,,,,,,,,,,,,,,69713.0,32,2161103.0,2573.0,2,79763.0,72286.0,33,2240866.0,0.0,0,0.0,67534.46875,67905.0303030303,0.995,-79763.0,3,1557,26.0,27.0,100,1,2,1010,24.0,28.0,100,1,1,1000,23.0,30.0,1572,3,4,3500,22.0,31.0,3000,3,1,1000,20.0,32.0,2000,2,,,,,,ذوب,71483646978964608,656,650,1000,1405/04/21,1405/07/22,10,فروش,820609,41940048000.0
60887982279284651,ثجنوب,سرمایه گذاری مسکن جنوب,2026-10-04T09:28:25+03:30,18520.0,-2.94,18530.0,-2.88,19080.0,19280.0,18510.0,19280.0,232.0,1909197.0,35376487630.0,19650.0,18510,6363.0,2.9,1,70,سهم,انبوه سازی، املاک و مستغلات,بازار فرابورس,بازار دوم فرابورس,24.09,6363.0,0.0,1400000000.0,,12691325.0,18870.0,19900.0,8150.0,19940.0,2026-10-04,25942000000000.0,1909197.0,111,35377420410.0,0.0,0,0.0,1909197.0,54,35377420410.0,0.0,0,0.0,318715499.1891892,655137415.0,0.486,0.0,4,70078,18530.0,18750.0,15604,4,2,100301,18520.0,18770.0,30,1,8,97510,18510.0,18850.0,300,1,1,7000,17740.0,19000.0,31130,2,1,9500,16480.0,19050.0,2500,1,,,,,,,,,,,,,,,,
61265100181977543,مانی,صندوق س. با درآمد ثابت مانی,2026-10-04T09:18:31+03:30,34440.0,0.13,34441.0,0.13,34397.0,34440.0,34440.0,34441.0,15.0,199483.0,6870299929.0,35428.0,33366,0.0,,1,68,صندوق,صندوق سرمایه گذاری قابل معامله,بازار بورس,بازار صندوق های قابل معامله,0.0,,0.0,1400000000.0,,19746373.0,34310.0,34397.0,25445.0,34397.0,2026-10-04,48217400000000.0,106520.0,3,3668655320.0,92963.0,1,3201738683.0,94657.0,11,3260081737.0,104826.0,1,3610312266.0,1222885106.6666665,296371067.0,4.126,408573583.0,4,3003759,34440.0,34441.0,3000000,3,2,5010000,34439.0,34442.0,10000,1,2,5010000,34438.0,34443.0,10000,1,2,5010000,34437.0,34444.0,10000,1,2,5010000,34436.0,34445.0,10000,1,,34555.0,34588.0,2026-10-04T09:29:00+03:30,-0.33,,,,,,,,,,,
61298636307861167,وبرق,س.کارکنان صنعت برق زنجان وقزوی,2026-10-04T09:28:32+03:30,60120.0,-2.99,60190.0,-2.87,61970.0,61900.0,60120.0,61900.0,83.0,326560.0,19654443420.0,63820.0,60120,4946.0,12.2,1,56,سهم,سرمایه گذاریها,بازار پایه فرابورس,بازار پایه زرد فرابورس,0.0,4946.0,0.0,351750000.0,,2449875.0,60330.0,64170.0,23100.0,74000.0,2026-10-03,21171832500000.0,326560.0,46,19655646400.0,0.0,0,0.0,326560.0,35,19655646400.0,0.0,0,0.0,427296660.86956525,561589897.1428571,0.761,0.0,1,900,58350.0,60120.0,508797,45,1,1200,44530.0,60130.0,12694,1,1,1600,31800.0,60140.0,2000,1,0,0,0.0,61300.0,4500,2,0,0,0.0,61490.0,10420,2,,,,,,,,,,,,,,,,
61310599391543522,سباقر,سیمان باقران,2026-10-04T09:29:51+03:30,396700.0,-2.55,395200.0,-2.92,407100.0,394900.0,394900.0,400000.0,3192.0,3092322.0,1222043668300.0,419300.0,394900,44486.0,8.9,1,53,سهم,سیمان، آهک و گچ,بازار فرابورس,بازار دوم فرابورس,7.01,44486.0,69684.35,600000000.0,,2274367.0,405500.0,430000.0,60050.0,430000.0,2026-10-04,237120000000000.0,2611647.0,737,1032122894400.0,455102.0,5,179856310400.0,2983249.0,453,1178980004800.0,83500.0,3,32999200000.0,1400438119.945726,2602604867.108168,0.538,-146857110400.0,7,3338,395400.0,396700.0,2251,5,68,81478,395300.0,396900.0,5415,3,36,78839,395200.0,397200.0,516,2,13,7618,395100.0,398000.0,985,2,75,95944,395000.0,399000.0,2931,6,,,,,,,,,,,,,,,,
61332057061846617,دابور,داروسازی ابوریحان,2026-10-04T09:29:40+03:30,70480.0,-2.99,70480.0,-2.99,72650.0,70480.0,70480.0,70480.0,124.0,445110.0,31371352800.0,74820.0,70480,6272.0,11.2,1,43,سهم,مواد و محصولات دارویی,بازار بورس,بازار اول (تابلوی فرعی) بورس,14.67,6272.0,28933.703,1800000000.0,17.0,6516837.0,70050.0,74820.0,20170.0,74820.0,2026-10-04,126864000000000.0,107810.0,84,7598448800.0,336000.0,1,23681280000.0,443810.0,15,31279728800.0,0.0,0,0.0,90457723.8095238,2085315253.3333333,0.043,-23681280000.0,1,72,69580.0,70480.0,5237295,413,0,0,0.0,70610.0,4661,1,0,0,0.0,71850.0,1000,1,0,0,0.0,71860.0,287,1,0,0,0.0,72000.0,2750,1,,,,,,,,,,,,,,,,
61469668095573716,ولکار,لیزینگ کارآفرین,2026-10-04T09:29:46+03:30,5100.0,-2.86,5100.0,-2.86,5250.0,5110.0,5100.0,5230.0,108.0,2600876.0,13269804050.0,5400.0,5100,641.0,8.0,1,58,سهم,سایر واسطه گریهای مالی,بازار بورس,بازار دوم (تابلوی فرعی) بورس,10.55,641.0,0.0,2900000000.0,19.0,12452093.0,4930.0,5430.0,2661.0,5800.0,2026-10-03,14790000000000.0,1909876.0,34,9740367600.0,640000.0,1,3264000000.0,1649876.0,48,8414367600.0,900000.0,1,4590000000.0,286481400.0,175299325.0,1.634,1326000000.0,1,193862,5100.0,5110.0,2856,2,0,0,0.0,5120.0,65,1,0,0,0.0,5200.0,74175,3,0,0,0.0,5210.0,65,1,0,0,0.0,5220.0,3900,1,,,,,,,,,,,,,,,,
61483657213051835,بازبیمه,صندوق س.بخشی بازده صنایع1-ب,2026-10-04T09:18:41+03:30,29900.0,0.0,29900.0,0.0,29899.0,29900.0,29900.0,29900.0,2.0,5000.0,149500000.0,30795.0,29003,0.0,,1,68,صندوق,صندوق سرمایه گذاری قابل معامله,بازار فرابورس,بازار ابزارهاي نوين مالي فرابورس,1084.02,,0.0,1000000000.0,,2086981.0,28888.0,30900.0,14099.0,30900.0,2026-10-03,29900000000000.0,0.0,0,0.0,5000.0,1,149500000.0,5000.0,1,149500000.0,0.0,0,0.0,,149500000.0,,-149500000.0,1,34,29721.0,29900.0,3000,1,1,15000,29720.0,30345.0,8000,1,1,20000,29480.0,30516.0,1600,1,1,10000,29350.0,30786.0,15000,1,1,18000,29291.0,30791.0,5000,1,,,,,,,,,,,,,,,,
61500711433740234,ضهرم8030,اختیارخ اهرم-56000-1405/08/27,2026-10-04T09:29:48+03:30,21730.0,-2.59,20999.0,-5.86,22307.0,21400.0,19500.0,21850.0,287.0,4303.0,90359472000.0,500000.0,1,0.0,,1.0,68,اختیار معامله,,,,,,,,,,,,,,,,4288.0,79,90043712.0,10.0,1,209990.0,4221.0,48,88636779.0,77.0,4,1616923.0,1139793.82278481,1846599.5625,0.617,1406933.0,1,1,21650.0,21829.0,5,1,1,47,21601.0,21830.0,3,1,2,57,21600.0,21840.0,1,1,2,24,21599.0,21850.0,7,1,1,20,21425.0,21899.0,5,1,,,,,,اهرم,17914401175772326,72311,56000,1000,1405/05/31,1405/08/27,45,خرید,136322,279982341000.0
61506294208022391,غشصفا,شیرپاستوریزهپگاهاصفهان,2026-10-04T09:27:44+03:30,25920.0,-2.99,25920.0,-2.99,26720.0,25920.0,25920.0,25960.0,141.0,1179138.0,30566599730.0,27520.0,25920,3764.0,6.9,1,42,سهم,محصولات غذایی و آشامیدنی به جز قند و شکر,بازار بورس,بازار اول (تابلوی فرعی) بورس,9.49,3764.0,60166.156,2145560000.0,27.0,4115212.0,25990.0,27490.0,7400.0,27510.0,2026-10-03,55612915200000.0,1079138.0,56,27971256960.0,100000.0,1,2592000000.0,1179138.0,46,30563256960.0,0.0,0,0.0,499486731.4285714,664418629.5652174,0.752,-2592000000.0,2,10221,25930.0,26490.0,7000,1,10,238334,25920.0,26500.0,8097,2,1,300,18110.0,27050.0,47835,2,1,500,14350.0,27300.0,20000,1,0,0,0.0,27350.0,9000,2,,,,,,,,,,,,,,,,
61585220712931150,ضسپا8091,اختیارخ خساپا-900-1405/08/27,2026-10-04T09:27:22+03:30,64.0,23.08,64.0,23.08,52.0,64.0,64.0,64.0,1.0,1.0,64000.0,100000.0,1,0.0,,1.0,34,اختیار معامله,,,,,,,,,,,,,,,,1.0,1,64.0,0.0,0,0.0,1.0,1,64.0,0.0,0,0.0,64.0,64.0,1.0,0.0,1,1000,46.0,0.0,0,0,1,1000,45.0,0.0,0,0,1,1000,23.0,0.0,0,0,1,1000,22.0,0.0,0,0,1,1000,21.0,0.0,0,0,,,,,,خساپا,44891482026867833,686,900,1000,1405/05/31,1405/08/27,45,خرید,87210,0.0
61664227282090067,سلار,شرکت سیمان لارستان,2026-10-04T09:23:51+03:30,2967.0,-2.94,2968.0,-2.91,3057.0,3000.0,2966.0,3000.0,425.0,2054033.0,6097304393.0,3148.0,2966,114.0,26.0,1,53,سهم,سیمان، آهک و گچ,بازار پایه فرابورس,بازار پایه زرد فرابورس,0.0,114.0,2121.9712,3399999504.0,,7076008.0,2944.0,3018.0,1909.0,3560.0,2026-10-03,10091198527872.0,2054033.0,26,6096369944.0,0.0,0,0.0,2054033.0,391,6096369944.0,0.0,0,0.0,234475767.07692307,15591738.987212276,15.038,0.0,1,100000,2981.0,3057.0,50000,1,1,25000,2980.0,3058.0,11548,1,3,150128,2970.0,3059.0,100000,1,3,234952,2967.0,3099.0,50820,3,7,1860280,2966.0,3100.0,69800,2,,,,,,,,,,,,,,,,
61792732570093263,بهامرز,بیمه زندگی هامرز,2026-10-04T09:20:08+03:30,8730.0,2.95,8730.0,2.95,8480.0,8730.0,8730.0,8730.0,10.0,370811.0,3237180030.0,8730.0,8230,253.0,34.5,1,66,سهم,بیمه وصندوق بازنشستگی به جزتامین اجتماعی,بازار پایه فرابورس,بازار پایه زرد فرابورس,0.0,253.0,0.0,2400000000.0,,4839985.0,7850.0,8330.0,2182.0,8330.0,2026-10-03,20952000000000.0,370811.0,4,3237180030.0,0.0,0,0.0,370811.0,6,3237180030.0,0.0,0,0.0,809295007.5,539530005.0,1.5,0.0,42,6456273,8730.0,0.0,0,0,1,72313,8230.0,0.0,0,0,0,0,0.0,0.0,0,0,0,0,0.0,0.0,0,0,0,0,0.0,0.0,0,0,صف خرید,,,,,,,,,,,,,,,
61920683599787147,پاسارگاد,صندوق س.درآمد ثابت پاسارگاد-د,2026-10-04T09:29:50+03:30,17531.0,0.13,17532.0,0.13,17509.0,17531.0,17531.0,17533.0,2237.0,219410962.0,3846621952291.0,18034.0,16984,0.0,,1,68,صندوق,صندوق سرمایه گذاری قابل معامله,بازار فرابورس,بازار ابزارهاي نوين مالي فرابورس,1067.75,,0.0,37500000000.0,,2184429594.0,17463.0,17515.0,12662.0,17515.0,2026-10-04,657450000000000.0,125668313.0,633,2203216863516.0,92393709.0,7,1619846506188.0,129820904.0,982,2276020088928.0,88241118.0,10,1547043280776.0,3480595361.0047393,2317739398.0936866,1.502,-72803225412.0,3,998188717,17531.0,17532.0,93393135,14,8,5236354,17530.0,17533.0,10176361,38,3,5055070,17529.0,17534.0,7178642,14,5,5526152,17528.0,17535.0,5334329,9,3,5428822,17527.0,17536.0,6101000,8,,17516.0,17534.0,2026-10-04T09:29:25+03:30,0.09,,,,,,,,,,,
61964603703044288,ضتاص1000,اختیارخ تاصیکو-20000-05/10/09,2026-10-04T09:28:04+03:30,22800.0,-8.58,23554.0,-5.56,24940.0,26400.0,21902.0,26400.0,16.0,113.0,2661650000.0,100000.0,1,0.0,,1.0,13,اختیار معامله,,,,,,,,,,,,,,,,113.0,9,2661602.0,0.0,0,0.0,113.0,5,2661602.0,0.0,0,0.0,295733.55555555556,532320.4,0.556,0.0,1,29,21952.0,22800.0,41,2,1,15,21906.0,22902.0,30,1,1,29,21905.0,23980.0,20,1,1,1,21890.0,23988.0,20,1,2,20,21853.0,26500.0,10,1,,,,,,تاصیکو,23293437377896568,37890,20000,1000,1405/07/11,1405/10/09,87,خرید,377,4243680000.0
61978776664766359,غپونه,نوش پونه مشهد,2026-10-04T09:29:48+03:30,8780.0,-2.98,8800.0,-2.76,9050.0,9250.0,8780.0,9250.0,181.0,2103190.0,18503278220.0,9320.0,8780,1310.0,6.7,1,42,سهم,محصولات غذایی و آشامیدنی به جز قند و شکر,بازار فرابورس,بازار دوم فرابورس,7.69,1310.0,11800.634,3151000000.0,,16449786.0,8470.0,9340.0,2722.0,9880.0,2026-10-04,27728800000000.0,1877123.0,111,16518682400.0,0.0,0,0.0,1877123.0,38,16518682400.0,0.0,0,0.0,148816958.55855855,434702168.42105263,0.342,0.0,1,25000,8010.0,8780.0,891388,16,1,626,8000.0,8800.0,47321,5,0,0,0.0,8810.0,5000,1,0,0,0.0,8890.0,2200,1,0,0,0.0,8920.0,4435,1,,,,,,,,,,,,,,,,
62012736978844991,دارا,صندوق س. دارا الگوریتم-د,2026-10-04T09:29:50+03:30,25719.0,0.12,25719.0,0.12,25688.0,25718.0,25718.0,25719.0,89.0,6281564.0,161554176764.0,26458.0,24918,0.0,,1,68,صندوق,صندوق سرمایه گذاری قابل معامله,بازار فرابورس,بازار ابزارهاي نوين مالي فرابورس,1067.75,,0.0,3000000000.0,,81341475.0,25609.0,25688.0,18496.0,25688.0,2026-10-04,77157000000000.0,5197569.0,27,133676277111.0,1005990.0,1,25873056810.0,2026519.0,45,52120042161.0,4177040.0,1,107429291760.0,4950973226.333334,1158223159.1333334,4.275,81556234950.0,4,299305106,25718.0,25719.0,15822850,1,2,1005000,25717.0,25720.0,1000000,1,1,1000000,25716.0,25721.0,1000000,1,1,1000000,25715.0,25722.0,1000000,1,1,1000000,25714.0,25723.0,1000000,1,,25866.0,25895.0,2026-10-04T09:29:32+03:30,-0.57,,,,,,,,,,,
62069100905581368,سیمانو,صندوق س صنایع مفید3- بخشی,2026-10-04T09:29:48+03:30,43325.0,-1.1,43308.0,-1.14,43809.0,43100.0,43010.0,43769.0,349.0,988929.0,42828355534.0,45123.0,42495,0.0,,1,68,صندوق,صندوق سرمایه گذاری قابل معامله,بازار بورس,بازار صندوق های قابل معامله,0.0,,0.0,2000000000.0,,17959066.0,41960.0,44364.0,20180.0,44364.0,2026-10-03,86616000000000.0,860808.0,146,37279872864.0,128094.0,3,5547494952.0,889452.0,153,38520387216.0,99450.0,1,4306980600.0,255341594.95890412,251767236.70588234,1.014,-1240514352.0,3,21488,43261.0,43325.0,35949,1,2,24406,43260.0,43400.0,11370,3,6,30265,43259.0,43480.0,20654,1,2,8876,43258.0,43496.0,21,1,7,51537,43250.0,43499.0,1801,3,,43400.0,43833.0,2026-10-04T09:28:08+03:30,-0.21,,,,,,,,,,,
62089850077838382,ضستا7060,اختیارخ شستا-2800-1405/07/15,2026-10-04T09:29:45+03:30,891.0,-3.68,841.0,-9.08,925.0,780.0,780.0,948.0,233.0,60774.0,51119543000.0,100000.0,1,0.0,,1.0,39,اختیار معامله,,,,,,,,,,,,,,,,60766.0,40,51104206.0,3.0,1,2523.0,60691.0,53,51041131.0,78.0,1,65598.0,1277605.1500000001,963040.2075471699,1.327,63075.0,1,14,891.0,905.0,368,2,2,1500,880.0,907.0,100,1,1,1000,877.0,908.0,1000,1,3,1090,875.0,920.0,1100,2,1,500,865.0,927.0,500,1,,,,,,شستا,2400322364771558,3580,2800,1000,1405/04/10,1405/07/15,3,خرید,1852648,202372590000.0
62107151670661969,بکابل,سیم و کابل ابهر,2026-10-04T09:27:50+03:30,5580.0,-1.76,5530.0,-2.64,5680.0,5670.0,5510.0,5670.0,249.0,7022315.0,38806928840.0,5850.0,5510,1041.0,5.3,1,31,سهم,ماشین آلات و دستگاههای برقی,بازار فرابورس,بازار اول فرابورس,5.74,1041.0,17953.277,6142500000.0,,27778720.0,5610.0,5950.0,4030.0,8450.0,2026-10-04,33968025000000.0,4649355.0,96,25710933150.0,2372960.0,2,13122468800.0,7022315.0,48,38833401950.0,0.0,0,0.0,267822220.3125,809029207.2916666,0.331,-13122468800.0,5,1010354,5570.0,5580.0,20561,1,6,15162,5560.0,5590.0,277415,4,5,71203,5550.0,5640.0,20000,1,6,5780,5540.0,5670.0,205575,4,6,306668,5530.0,5690.0,193434,1,,,,,,,,,,,,,,,,
62177651435283872,شکلر,نیروکلر,2026-10-04T09:29:45+03:30,33350.0,-3.0,33390.0,-2.88,34380.0,34950.0,33350.0,34950.0,227.0,1369326.0,45719307610.0,35410.0,33350,3984.0,8.4,1,44,سهم,محصولات شیمیایی,بازار بورس,بازار اول (تابلوی اصلی) بورس,10.38,3984.0,8825.687,4000000000.0,23.0,8943272.0,31960.0,33840.0,11860.0,33840.0,2026-10-03,133560000000000.0,656452.0,101,21918932280.0,692874.0,2,23135062860.0,1349326.0,41,45053995140.0,0.0,0,0.0,217019131.48514852,1098877930.2439024,0.197,-23135062860.0,1,5000,31880.0,33350.0,3572070,150,1,500,27560.0,34260.0,30000,1,1,1000,13130.0,34270.0,30000,1,1,419,11940.0,34280.0,30000,1,0,0,0.0,34380.0,7774,1,,,,,,,,,,,,,,,,
62197167000390087,ضذوب7046,اختیارخ ذوب-750-1405/07/22,2026-10-04T09:29:48+03:30,16.0,-15.79,12.0,-36.84,19.0,14.0,9.0,16.0,1142.0,609411.0,7265492000.0,100000.0,1,0.0,,1.0,27,اختیار معامله,,,,,,,,,,,,,,,,514230.0,50,6170760.0,77334.0,3,928008.0,418282.0,35,5019384.0,173282.0,3,2079384.0,123415.20000000001,143410.9714285714,0.861,1151376.0,9,7719,14.0,16.0,145,1,7,7000,13.0,17.0,5010,6,7,6727,12.0,18.0,7452,11,2,2000,11.0,19.0,4010,5,13,12090,10.0,20.0,6664,9,,,,,,ذوب,71483646978964608,656,750,1000,1405/06/21,1405/07/22,10,خرید,3929022,341414544000.0
62235397452612911,دارا یکم,صندوق واسطه گری مالی یکم-سهام,2026-10-04T09:29:49+03:30,539000.0,-0.21,530533.0,-1.78,540137.0,532000.0,524000.0,538000.0,2797.0,3028921.0,1606943554526.0,556341.0,523933,0.0,,1,68,صندوق,صندوق سرمایه گذاری قابل معامله,بازار بورس,بازار صندوق های قابل معامله,0.0,,0.0,588283082.0,,14184548.0,526150.0,555764.0,263380.0,608000.0,2026-10-03,312103588342706.0,2534483.0,893,1344626869439.0,472660.0,4,250761727780.0,2625488.0,879,1392908025104.0,381655.0,6,202480572115.0,1505741175.1836505,1584650768.036405,0.95,-48281155665.0,1,3315,539474.0,539495.0,10395,2,2,9290,539300.0,539500.0,460,5,3,20840,539200.0,539579.0,460,4,2,3289,539000.0,539580.0,70000,1,1,300,538685.0,539600.0,100,1,,827889.0,835238.0,2026-10-04T09:29:26+03:30,-35.92,,,,,,,,,,,
62275280734625819,وبشهرح,ح . صنایع بهشهر(هلدینگ,2026-10-04T09:29:09+03:30,6300.0,0.93,6300.0,0.93,6242.0,6300.0,6300.0,6300.0,5.0,20282.0,127776600.0,6429.0,6055,0.0,,1,42,سهم,محصولات غذایی و آشامیدنی به جز قند و شکر,بازار بورس,-',9.46,,0.0,0.0,,237346.0,6100.0,6435.0,2130.0,6435.0,2026-10-03,,20282.0,5,127776600.0,0.0,0,0.0,0.0,0,0.0,20282.0,1,127776600.0,25555320.0,,,127776600.0,2,10000,6060.0,6300.0,9379718,32,3,7392,6055.0,0.0,0,0,5,276,1000.0,0.0,0,0,0,0,0.0,0.0,0,0,0,0,0.0,0.0,0,0,,,,,,,,,,,,,,,,
62327572123241646,طستا9054,اختیارف شستا-3250-1405/09/11,2026-10-04T09:09:21+03:30,125.0,21.36,125.0,21.36,103.0,125.0,125.0,125.0,2.0,170.0,21250000.0,100000.0,1,0.0,,1.0,39,اختیار معامله,,,,,,,,,,,,,,,,170.0,1,21250.0,0.0,0,0.0,170.0,2,21250.0,0.0,0,0.0,21250.0,10625.0,2.0,0.0,2,1025,125.0,214.0,387,1,1,99,15.0,0.0,0,0,1,25,12.0,0.0,0,0,2,50,2.0,0.0,0,0,1,100,1.0,0.0,0,0,,,,,,شستا,2400322364771558,3580,3250,1000,1405/06/14,1405/09/11,59,فروش,3301,606900000.0
62345299023008859,ضسپا8088,اختیارخ خساپا-700-1405/08/27,2026-10-04T09:29:40+03:30,130.0,6.56,117.0,-4.1,122.0,118.0,110.0,130.0,92.0,13047.0,1527111000.0,100000.0,1,0.0,,1.0,34,اختیار معامله,,,,,,,,,,,,,,,,12947.0,12,1514799.0,0.0,0,0.0,5147.0,5,602199.0,7800.0,1,912600.0,126233.25000000001,120439.80000000002,1.048,912600.0,1,990,131.0,135.0,959,1,2,1700,130.0,140.0,1000,1,2,2000,120.0,150.0,1000,1,2,1001,119.0,160.0,1000,1,3,2198,118.0,164.0,1000,1,,,,,,خساپا,44891482026867833,686,700,1000,1405/05/31,1405/08/27,45,خرید,1028711,7999707000.0
62346804681275278,کگاز,شیشه و گاز,2026-10-04T09:29:29+03:30,48500.0,-1.0,47790.0,-2.45,48990.0,48880.0,47540.0,48880.0,115.0,457326.0,21853565150.0,50450.0,47530,5055.0,9.5,1,54,سهم,سایر محصولات کانی غیرفلزی,بازار بورس,بازار اول (تابلوی فرعی) بورس,14.7,5055.0,34109.87,850000000.0,29.0,3624847.0,49160.0,52530.0,24330.0,57980.0,2026-10-03,40621500000000.0,438376.0,48,20949989040.0,18950.0,2,905620500.0,457326.0,49,21855609540.0,0.0,0,0.0,436458105.0,446032847.75510204,0.979,-905620500.0,1,22545,48500.0,48600.0,20619,2,1,15950,47960.0,48700.0,242,1,1,1000,47600.0,48710.0,5700,2,1,7990,47590.0,48780.0,150,1,3,1749,47580.0,48800.0,150860,8,,,,,,,,,,,,,,,,
62352378001405867,ضملت8078,اختیارخ وبملت-1800-1405/08/20,2026-10-04T09:28:27+03:30,59.0,-10.61,59.0,-10.61,66.0,63.0,53.0,63.0,55.0,17746.0,1053720000.0,100000.0,1,0.0,,1.0,57,اختیار معامله,,,,,,,,,,,,,,,,17746.0,11,1047014.0,0.0,0,0.0,16726.0,7,986834.0,1020.0,1,60180.0,95183.09090909091,140976.2857142857,0.675,60180.0,3,2016,59.0,62.0,980,1,1,100,56.0,64.0,1000,1,2,611,55.0,66.0,1000,1,2,480,53.0,68.0,1000,1,1,200,52.0,69.0,543,2,,,,,,وبملت,778253364357513,1459,1800,1000,1405/05/24,1405/08/20,38,خرید,435180,25307814000.0
62404730109947970,غکورش,صنعت غذایی کورش,2026-10-04T09:29:48+03:30,30830.0,2.97,30470.0,1.77,29940.0,30830.0,29460.0,30830.0,2222.0,19447180.0,592602021850.0,30830.0,29050,2993.0,10.2,1,42,سهم,محصولات غذایی و آشامیدنی به جز قند و شکر,بازار بورس,بازار اول (تابلوی فرعی) بورس,9.53,2993.0,20854.59,44000000000.0,14.0,32194475.0,27510.0,29070.0,3713.0,29070.0,2026-10-03,1340680000000000.0,18602279.0,1122,566811441130.0,770487.0,3,23476738890.0,19011683.0,510,579285981010.0,361083.0,3,11002199010.0,505179537.54901963,1135854864.7254903,0.445,-12474539880.0,23,283225,30820.0,30830.0,2164688,120,5,7461,30810.0,0.0,0,0,12,79581,30800.0,0.0,0,0,1,3705,30790.0,0.0,0,0,5,31263,30780.0,0.0,0,0,,,,,,,,,,,,,,,,
62575434414985179,اوج,صندوق س.اوج دماوند-س,2026-10-04T09:25:33+03:30,53525.0,-2.2,53314.0,-2.58,54728.0,54500.0,53285.0,54500.0,5.0,19989.0,1065685275.0,56369.0,53087,0.0,,1,68,صندوق,صندوق سرمایه گذاری قابل معامله,بازار فرابورس,بازار ابزارهاي نوين مالي فرابورس,1083.96,,0.0,200000000.0,,3315901.0,50952.0,54205.0,20113.0,54205.0,2026-10-03,10662800000000.0,174.0,1,9276636.0,19815.0,1,1056416910.0,19989.0,5,1065693546.0,0.0,0,0.0,9276636.0,213138709.20000002,0.044,-1056416910.0,1,98500,53525.0,54496.0,826,1,1,81685,53285.0,54498.0,900,1,1,100000,53158.0,54500.0,391,1,2,100188,53087.0,54995.0,1020,1,0,0,0.0,55000.0,15700,1,,53964.0,54600.0,2026-10-04T09:28:51+03:30,-1.2,,,,,,,,,,,
62603302940123327,ونیرو,سرمایهگذارینیرو,2026-10-04T09:29:44+03:30,4180.0,1.21,4060.0,-1.69,4130.0,4110.0,4020.0,4170.0,541.0,20128280.0,81715836080.0,4250.0,4010,599.0,6.8,1,40,سهم,عرضه برق، گاز، بخاروآب گرم,بازار بورس,بازار اول (تابلوی فرعی) بورس,7.14,599.0,0.0,15750000000.0,32.0,143723591.0,4200.0,4370.0,2201.0,4820.0,2026-10-03,63945000000000.0,16902942.0,142,68625944520.0,3083209.0,5,12517828540.0,18617875.0,142,75588572500.0,1368276.0,2,5555200560.0,483281299.43661976,532313890.84507036,0.908,-6962627980.0,3,66500,4150.0,4180.0,26906,2,3,151604,4140.0,4190.0,755523,6,1,264130,4130.0,4200.0,1057504,14,1,221206,4120.0,4210.0,330390,5,3,25800,4110.0,4220.0,744789,8,,,,,,,,,,,,,,,,
62661155960709863,ضجار8027,اختیارخ وتجارت-641-1405/08/20,2026-10-04T09:28:06+03:30,353.0,17.28,202.0,-32.89,301.0,185.0,185.0,353.0,8.0,1143.0,230529000.0,100000.0,1,0.0,,1.0,57,اختیار معامله,,,,,,,,,,,,,,,,1143.0,5,230886.0,0.0,0,0.0,1143.0,5,230886.0,0.0,0,0.0,46177.2,46177.2,1.0,0.0,1,20,251.0,354.0,501,2,1,968,250.0,355.0,28,1,1,1,249.0,0.0,0,0,1,10,247.0,0.0,0,0,1,500,246.0,0.0,0,0,,,,,,وتجارت,63917421733088077,899,641,1000,1405/04/21,1405/08/20,38,خرید,164315,938556000.0
62708526880913292,ساحل,ص.ساحل سرمایه امن خلیج فارس-د,2026-10-04T09:29:08+03:30,30786.0,0.09,30786.0,0.09,30757.0,30786.0,30786.0,30787.0,66.0,5188434.0,159731189632.0,31679.0,29835,0.0,,1,68,صندوق,صندوق سرمایه گذاری قابل معامله,بازار فرابورس,بازار ابزارهاي نوين مالي فرابورس,1067.75,,0.0,6000000000.0,,176168290.0,30648.0,30758.0,22352.0,30758.0,2026-10-04,184716000000000.0,1104102.0,13,33990884172.0,4084332.0,1,125740244952.0,3049674.0,42,93887263764.0,2138760.0,4,65843865360.0,2614683397.8461537,2235411042.0,1.17,-59896379592.0,1,245915668,30786.0,30787.0,30084815,3,1,3000000,30785.0,30788.0,200000,1,1,3000000,30784.0,30789.0,200000,1,1,3000000,30783.0,30790.0,200000,1,1,3000000,30782.0,30791.0,200000,1,,31138.0,31160.0,2026-10-04T09:29:07+03:30,-1.13,,,,,,,,,,,
62903303469086655,ضخود8058,اختیارخ خودرو-550-1405/08/06,2026-10-04T09:29:48+03:30,204.0,15.91,186.0,5.68,176.0,179.0,164.0,202.0,405.0,93435.0,17395928000.0,100000.0,1,0.0,,1.0,34,اختیار معامله,,,,,,,,,,,,,,,,91111.0,83,16946646.0,2087.0,3,388182.0,79097.0,61,14712042.0,14101.0,5,2622786.0,204176.45783132533,241181.01639344264,0.847,2234604.0,1,1,203.0,204.0,2085,4,1,1,202.0,205.0,1100,4,1,1,201.0,206.0,16915,17,5,2764,200.0,207.0,2000,2,1,500,198.0,209.0,8050,9,,,,,,خودرو,65883838195688438,716,550,1000,1405/05/10,1405/08/06,24,خرید,1477093,55974732000.0
62913554535814385,طهرم7060,اختیارف اهرم-50000-1405/07/29,2026-10-04T09:27:22+03:30,300.0,-11.24,300.0,-11.24,338.0,300.0,300.0,300.0,10.0,230.0,69000000.0,500000.0,1,0.0,,1.0,68,اختیار معامله,,,,,,,,,,,,,,,,108.0,1,32400.0,122.0,1,36600.0,230.0,4,69000.0,0.0,0,0.0,32400.0,17250.0,1.878,-36600.0,1,10,255.0,300.0,339,1,1,10,251.0,465.0,356,5,1,10,245.0,490.0,427,4,1,10,239.0,498.0,20,2,1,10,233.0,499.0,30,3,,,,,,اهرم,17914401175772326,72311,50000,1000,1405/05/03,1405/07/29,17,فروش,480649,12414616000.0
62922467095421733,طهرم7061,اختیارف اهرم-56000-1405/07/29,2026-10-04T09:28:04+03:30,260.0,-38.68,257.0,-39.39,424.0,225.0,225.0,260.0,2.0,11.0,2825000.0,500000.0,1,0.0,,1.0,68,اختیار معامله,,,,,,,,,,,,,,,,11.0,2,2827.0,0.0,0,0.0,11.0,2,2827.0,0.0,0,0.0,1413.5,1413.5,1.0,0.0,1,980,260.0,700.0,6,2,1,249,256.0,800.0,6,2,1,600,200.0,900.0,350,2,2,925,180.0,1000.0,215,2,1,366,165.0,1100.0,300,1,,,,,,اهرم,17914401175772326,72311,56000,1000,1405/05/03,1405/07/29,17,فروش,239969,71646000.0
62945240926992257,امگا,صندوق س.بخشی صنایع سورنا3-ب,2026-10-04T09:27:41+03:30,17157.0,-1.0,17158.0,-0.99,17330.0,17160.0,17157.0,17160.0,7.0,309199.0,5305278243.0,17849.0,16811,0.0,,1,68,صندوق,صندوق سرمایه گذاری قابل معامله,بازار فرابورس,بازار ابزارهاي نوين مالي فرابورس,1083.9,,0.0,500000000.0,,3009544.0,16948.0,17724.0,10000.0,18300.0,2026-10-03,8579000000000.0,117000.0,1,2007486000.0,192199.0,1,3297750442.0,192199.0,4,3297750442.0,117000.0,1,2007486000.0,2007486000.0,824437610.5,2.435,-1290264442.0,1,7801,17157.0,17500.0,500,1,1,100000,16983.0,17849.0,182599,9,1,20000,16901.0,18250.0,10000,1,1,200000,16900.0,18551.0,272,1,1,200000,16854.0,0.0,0,0,,17288.0,17464.0,2026-10-04T09:29:06+03:30,-0.75,,,,,,,,,,,
62952165421099192,بالبر,کابل البرز,2026-10-04T09:26:40+03:30,26550.0,-2.89,26540.0,-2.93,27340.0,26540.0,26520.0,27500.0,115.0,484315.0,12855469030.0,28160.0,26520,309.0,85.9,1,31,سهم,ماشین آلات و دستگاههای برقی,بازار بورس,بازار دوم (تابلوی فرعی) بورس,6.36,309.0,43887.08,640000000.0,17.0,2336671.0,27010.0,28330.0,19830.0,42230.0,2026-10-03,16985600000000.0,484315.0,59,12853720100.0,0.0,0,0.0,484315.0,33,12853720100.0,0.0,0,0.0,217859662.7118644,389506669.6969697,0.559,0.0,1,206,26590.0,27000.0,106300,3,1,406,26580.0,27080.0,200,1,1,216,26570.0,27090.0,702,2,1,206,26560.0,27100.0,3202,2,2,9876,26550.0,27170.0,3202,2,,,,,,,,,,,,,,,,
62969097124964887,رهنو,صندوق س راه نو ره سود-سهام,2026-10-04T09:28:58+03:30,10175.0,-2.24,10131.0,-2.66,10408.0,10470.0,10115.0,10470.0,80.0,530385.0,5373557874.0,10720.0,10096,0.0,,1,68,صندوق,صندوق سرمایه گذاری قابل معامله,بازار بورس,بازار صندوق های قابل معامله,0.0,,0.0,400000000.0,,20709294.0,10200.0,10506.0,10000.0,10506.0,2026-10-03,4052400000000.0,230385.0,20,2334030435.0,300000.0,1,3039300000.0,530385.0,47,5373330435.0,0.0,0,0.0,116701521.75,114326179.46808511,1.021,-3039300000.0,2,21673,10131.0,10248.0,77420,2,1,500,10130.0,10249.0,10000,1,1,28052,10123.0,10250.0,20867,3,2,8200,10122.0,10279.0,997,1,3,1793,10117.0,10299.0,13942,1,,10095.0,10153.0,2026-10-04T09:29:11+03:30,0.36,,,,,,,,,,,
62977319271289925,کی بی سی,شرکت کی بی سی,2026-10-04T09:28:58+03:30,13500.0,2.97,13490.0,2.9,13110.0,13500.0,13370.0,13500.0,404.0,8092571.0,109203392380.0,13500.0,12720,1043.0,12.9,1,43,سهم,مواد و محصولات دارویی,بازار فرابورس,بازار دوم فرابورس,10.25,1043.0,0.0,1740000000.0,,25876978.0,12430.0,13130.0,2400.0,13130.0,2026-10-04,23472600000000.0,8092571.0,192,109168782790.0,0.0,0,0.0,7935362.0,99,107048033380.0,157209.0,1,2120749410.0,568587410.3645833,1081293266.4646466,0.526,2120749410.0,266,9659790,13500.0,0.0,0,0,3,9386,13490.0,0.0,0,0,1,20950,13470.0,0.0,0,0,3,12375,13460.0,0.0,0,0,3,5291,13440.0,0.0,0,0,صف خرید,,,,,,,,,,,,,,,
63084741752814852,دشیری,شیرین دارو,2026-10-04T09:21:43+03:30,478500.0,2.99,478500.0,2.99,464600.0,478500.0,478500.0,478500.0,81.0,48918.0,23407263000.0,478500.0,450700,57790.0,8.3,1,43,سهم,مواد و محصولات دارویی,بازار پایه فرابورس,بازار پایه زرد فرابورس,0.0,57790.0,108519.76,50000000.0,,67401.0,420000.0,452300.0,163750.0,452300.0,2026-10-03,23925000000000.0,21391.0,15,10235593500.0,27527.0,1,13171669500.0,29917.0,26,14315284500.0,19001.0,1,9091978500.0,682372900.0,550587865.3846154,1.239,-4079691000.0,9,5304,478500.0,0.0,0,0,2,1379,466000.0,0.0,0,0,1,200,464600.0,0.0,0,0,1,1000,460000.0,0.0,0,0,2,2762,450900.0,0.0,0,0,صف خرید,,,,,,,,,,,,,,,
63305142946100720,ضخود1326,اختیارخ خودرو-1200-1405/10/09,2026-10-04T09:23:02+03:30,96.0,9.09,96.0,9.09,88.0,96.0,96.0,96.0,2.0,20.0,1920000.0,100000.0,1,0.0,,1.0,34,اختیار معامله,,,,,,,,,,,,,,,,20.0,1,1920.0,0.0,0,0.0,20.0,2,1920.0,0.0,0,0.0,1920.0,960.0,2.0,0.0,1,66,60.0,96.0,283,1,1,111,11.0,99.0,200,1,3,3000,5.0,119.0,300,1,1,1000,2.0,125.0,10,1,1,100,1.0,140.0,200,1,,,,,,خودرو,65883838195688438,716,1200,1000,1405/07/11,1405/10/09,87,خرید,2024,2133000.0
63315013743060811,ثنور,سرمایه گذاری کوه نور,2026-10-04T09:29:35+03:30,6870.0,-2.97,6870.0,-2.97,7080.0,6880.0,6870.0,6880.0,27.0,736884.0,5063973080.0,7290.0,6870,26.0,264.2,1,70,سهم,انبوه سازی، املاک و مستغلات,بازار پایه فرابورس,بازار پایه زرد فرابورس,0.0,26.0,0.0,1200486000.0,,4435889.0,6890.0,7270.0,2544.0,7540.0,2026-10-03,8247338820000.0,736884.0,18,5062393080.0,0.0,0,0.0,437740.0,5,3007273800.0,299144.0,1,2055119280.0,281244060.0,601454760.0,0.468,2055119280.0,3,80488,6870.0,7030.0,700,1,1,15000,6790.0,7160.0,100000,1,0,0,0.0,7170.0,7000,1,0,0,0.0,7180.0,5000,1,0,0,0.0,7190.0,47890,3,,,,,,,,,,,,,,,,
63363116407864462,لابسا,آبسال,2026-10-04T09:27:09+03:30,6210.0,2.99,6160.0,2.16,6030.0,6150.0,5900.0,6210.0,106.0,3487795.0,21469443640.0,6210.0,5850,484.0,12.7,1,29,سهم,ماشین آلات و تجهیزات,بازار بورس,بازار دوم (تابلوی فرعی) بورس,5.58,484.0,3974.7805,4860000000.0,24.0,5878299.0,5470.0,5880.0,3158.0,5880.0,2026-10-03,29937600000000.0,3486795.0,25,21478657200.0,1000.0,1,6160000.0,3368417.0,49,20749448720.0,119378.0,2,735368480.0,859146287.9999999,423458137.14285713,2.029,729208480.0,20,4209119,6210.0,0.0,0,0,2,22182,6160.0,0.0,0,0,1,8261,6030.0,0.0,0,0,1,30000,5950.0,0.0,0,0,3,11957,5940.0,0.0,0,0,صف خرید,,,,,,,,,,,,,,,
63380098535169030,قنیشا,قند نیشابور,2026-10-04T09:29:48+03:30,3420.0,1.18,3400.0,0.59,3380.0,3370.0,3300.0,3460.0,85.0,2783719.0,9458761020.0,3480.0,3280,119.0,28.6,1,38,سهم,قند و شکر,بازار بورس,بازار دوم (تابلوی فرعی) بورس,10.03,119.0,4806.7617,4000000000.0,32.0,15162078.0,3420.0,3610.0,1605.0,3610.0,2026-10-03,13600000000000.0,2155441.0,30,7328499400.0,511293.0,1,1738396200.0,2196432.0,32,7467868800.0,470302.0,1,1599026800.0,244283313.33333334,233370900.0,1.047,-139369400.0,2,7000,3400.0,3420.0,128625,1,1,100000,3380.0,3430.0,7000,2,1,10000,3370.0,3440.0,76134,3,1,100000,3360.0,3450.0,156857,6,1,5000,3350.0,3460.0,704945,8,,,,,,,,,,,,,,,,
63488755143055250,طخود8061,اختیارف خودرو-700-1405/08/06,2026-10-04T09:29:28+03:30,54.0,-16.92,60.0,-7.69,65.0,58.0,51.0,67.0,926.0,366705.0,21926155000.0,100000.0,1,0.0,,1.0,34,اختیار معامله,,,,,,,,,,,,,,,,366705.0,121,22002300.0,0.0,0,0.0,366705.0,115,22002300.0,0.0,0,0.0,181837.19008264464,191324.34782608695,0.95,0.0,3,2415,54.0,55.0,2110,7,8,2578,53.0,56.0,3000,3,5,4100,52.0,57.0,6000,8,5,1209,51.0,58.0,800,1,6,2631,50.0,59.0,984,1,,,,,,خودرو,65883838195688438,716,700,1000,1405/05/10,1405/08/06,24,فروش,471287,251939636000.0
63499217872110599,کقزوی,شیشه قزوین,2026-10-04T09:29:51+03:30,815.0,0.25,823.0,1.23,813.0,833.0,805.0,833.0,45.0,3012602.0,2478544430.0,837.0,789,-4.0,-205.8,1,54,سهم,سایر محصولات کانی غیرفلزی,بازار پایه فرابورس,بازار پایه زرد فرابورس,0.0,-4.0,1014.0508,25397409000.0,,70758346.0,810.0,850.0,418.0,920.0,2026-10-03,20902067607000.0,3002602.0,11,2471141446.0,0.0,0,0.0,3002602.0,24,2471141446.0,0.0,0,0.0,224649222.36363634,102964226.91666667,2.182,0.0,2,613027,815.0,822.0,143000,2,1,44996,810.0,823.0,41133,4,2,307653,805.0,824.0,115000,4,2,1065000,793.0,825.0,200000,1,5,10880922,792.0,826.0,66071,2,,,,,,,,,,,,,,,,
63507121552152989,بانکدار,صندوق س صنایع اعتبار1-بخشی,2026-10-04T09:17:44+03:30,24300.0,-2.04,24325.0,-1.94,24805.0,24443.0,24300.0,24443.0,3.0,21340.0,519087900.0,25549.0,24061,0.0,,1,68,صندوق,صندوق سرمایه گذاری قابل معامله,بازار بورس,بازار صندوق های قابل معامله,0.0,,0.0,500000000.0,,2098035.0,24652.0,25897.0,10830.0,27089.0,2026-10-03,12162500000000.0,40.0,1,973000.0,21300.0,1,518122500.0,21340.0,3,519095500.0,0.0,0,0.0,973000.0,173031833.3333333,0.006,-518122500.0,2,4174,24300.0,24950.0,107263,2,1,10000,24108.0,24980.0,100000,1,1,10000,24070.0,24990.0,118500,1,1,11100,24068.0,24997.0,1000,1,1,7800,24065.0,25492.0,11842,1,,24281.0,24546.0,2026-10-04T09:11:28+03:30,0.18,,,,,,,,,,,
63514093298304639,هامون,صندوق س. سهام ثروت هامون-س,2026-10-04T09:19:07+03:30,31790.0,-0.57,31765.0,-0.65,31972.0,32116.0,31701.0,32150.0,30.0,15616159.0,496042572110.0,32931.0,31013,0.0,,1,68,صندوق,صندوق سرمایه گذاری قابل معامله,بازار فرابورس,بازار ابزارهاي نوين مالي فرابورس,1083.83,,0.0,1000000000.0,,26316241.0,30354.0,32185.0,11760.0,32185.0,2026-10-03,31765000000000.0,9825.0,2,312091125.0,15606334.0,1,495735199510.0,13684821.0,10,434698339065.0,1931338.0,3,61348951570.0,156045562.5,43469833906.5,0.004,-434386247940.0,1,96647,31950.0,32150.0,9000,1,1,100000,31900.0,32195.0,200000,1,1,100000,31800.0,32900.0,31286,2,4,2101000,31701.0,32931.0,51500,3,2,2000000,31700.0,0.0,0,0,,,,,,,,,,,,,,,,
63580313877463104,پاسا,ایرانیاساتایرورابر,2026-10-04T09:29:48+03:30,11860.0,2.95,11790.0,2.34,11520.0,11860.0,11530.0,11860.0,433.0,9183629.0,108258765370.0,11860.0,11180,2053.0,5.7,1,25,سهم,لاستیک و پلاستیک,بازار بورس,بازار اول (تابلوی فرعی) بورس,8.6,2053.0,11784.413,4300000000.0,26.0,29180250.0,10380.0,11210.0,5560.0,18820.0,2026-10-03,50697000000000.0,5844859.0,106,68910887610.0,3314370.0,2,39076422300.0,7422707.0,173,87513715530.0,1736522.0,2,20473594380.0,650102713.3018868,505859627.3410405,1.285,-18602827920.0,1,52132,11850.0,11860.0,425693,9,6,130850,11840.0,0.0,0,0,2,100450,11810.0,0.0,0,0,1,8000,11790.0,0.0,0,0,1,500,11760.0,0.0,0,0,,,,,,,,,,,,,,,,
63599360240809517,ضهرم8028,اختیارخ اهرم-46000-1405/08/27,2026-10-04T09:29:03+03:30,30100.0,-1.07,27416.0,-9.9,30427.0,24501.0,24501.0,30100.0,13.0,90.0,2467467000.0,500000.0,1,0.0,,1.0,68,اختیار معامله,,,,,,,,,,,,,,,,49.0,8,1343384.0,41.0,2,1124056.0,90.0,9,2467440.0,0.0,0,0.0,167923.0,274160.0,0.613,-1124056.0,1,30,29700.0,30500.0,5,1,1,10,29602.0,31000.0,1,1,1,6,29601.0,34000.0,70,1,2,1006,29600.0,37999.0,30,2,1,15,29102.0,38995.0,1,1,,,,,,اهرم,17914401175772326,72311,46000,1000,1405/05/31,1405/08/27,45,خرید,6586,6207050000.0
63629840201702332,ضملت8070,اختیارخ وبملت-1000-1405/08/20,2026-10-04T09:22:35+03:30,530.0,-1.85,530.0,-1.85,540.0,530.0,530.0,530.0,1.0,5.0,2650000.0,100000.0,1,0.0,,1.0,57,اختیار معامله,,,,,,,,,,,,,,,,5.0,1,2650.0,0.0,0,0.0,5.0,1,2650.0,0.0,0,0.0,2650.0,2650.0,1.0,0.0,1,545,498.0,530.0,145,1,1,660,497.0,580.0,315,2,1,5,495.0,589.0,200,1,1,1000,494.0,590.0,247,2,1,500,492.0,620.0,200,1,,,,,,وبملت,778253364357513,1459,1000,1000,1405/05/24,1405/08/20,38,خرید,92600,7290000.0
63704201144621295,حبندر,دریایی و کشتیرانی خط دریابندر,2026-10-04T09:19:14+03:30,9860.0,1.65,9710.0,0.1,9700.0,9850.0,9850.0,9990.0,13.0,215810.0,2141372710.0,9990.0,9410,1112.0,8.7,3335548,60,سهم,حمل ونقل، انبارداری و ارتباطات,بازار پایه فرابورس,بازار پایه زرد فرابورس,0.0,1112.0,0.0,3000000000.0,,3328131.0,9210.0,9870.0,5180.0,18320.0,2026-10-03,29130000000000.0,215810.0,7,2095515100.0,0.0,0,0.0,85810.0,5,833215100.0,130000.0,1,1262300000.0,299359300.0,166643020.0,1.796,1262300000.0,1,5995,9870.0,9950.0,7633,1,3,53700,9860.0,9990.0,37469,6,1,10000,9850.0,0.0,0,0,1,15000,9820.0,0.0,0,0,2,22500,9800.0,0.0,0,0,,,,,,,,,,,,,,,,
63830424809501048,اپرداز,آتیه داده پرداز,2026-10-04T09:29:35+03:30,4790.0,-0.21,4690.0,-2.29,4800.0,4890.0,4660.0,4890.0,154.0,4596476.0,21571851450.0,4940.0,4660,332.0,14.1,1,73,سهم,اطلاعات و ارتباطات,بازار فرابورس,بازار دوم فرابورس,11.53,332.0,0.0,2250000000.0,,16836827.0,4850.0,5240.0,2561.0,6040.0,2026-10-03,10552500000000.0,4176151.0,71,19586148190.0,289529.0,1,1357891010.0,4401095.0,31,20641135550.0,64585.0,1,302903650.0,275861242.112676,665843082.2580645,0.414,-1054987360.0,1,43951,4790.0,4800.0,127860,2,1,50000,4720.0,4840.0,10000,1,1,99354,4710.0,4850.0,148674,2,1,1900,4700.0,4880.0,106800,2,1,1073,4680.0,4890.0,57000,5,,,,,,,,,,,,,,,,
63886404454477678,رخش,صندوق س.سهامی ثروت البرز-س,2026-10-04T09:29:20+03:30,39200.0,-0.81,39163.0,-0.9,39520.0,39200.0,39000.0,39800.0,6.0,17535.0,686717200.0,40705.0,38335,0.0,,1,68,صندوق,صندوق سرمایه گذاری قابل معامله,بازار فرابورس,بازار ابزارهاي نوين مالي فرابورس,1083.79,,0.0,100000000.0,,169755.0,37305.0,39455.0,14700.0,39455.0,2026-10-03,3916300000000.0,3976.0,1,155712088.0,13559.0,1,531011117.0,4293.0,2,168126759.0,13242.0,2,518596446.0,155712088.0,84063379.5,1.852,-12414671.0,1,3441,39200.0,39800.0,3758,1,1,10000,39000.0,40000.0,10000,1,1,26,38801.0,40705.0,160922,3,1,5000,38800.0,0.0,0,0,1,10000,38700.0,0.0,0,0,,,,,,,,,,,,,,,,
63915926161403347,خشرق,الکتریک خودرو شرق,2026-10-04T09:29:45+03:30,3190.0,1.59,3130.0,-0.32,3140.0,3160.0,3060.0,3190.0,121.0,5541800.0,17364071210.0,3230.0,3050,137.0,22.8,1,34,سهم,خودرو و ساخت قطعات,بازار بورس,بازار دوم (تابلوی فرعی) بورس,-23.96,137.0,19341.611,5377430000.0,43.0,30451625.0,2938.0,3116.0,1553.0,3218.0,2026-10-03,16831355900000.0,5255143.0,41,16448597590.0,0.0,0,0.0,5255143.0,50,16448597590.0,0.0,0,0.0,401185307.0731707,328971951.8,1.22,0.0,1,13343,3190.0,3200.0,158089,6,1,75990,3150.0,3210.0,313000,3,2,244910,3140.0,3220.0,376142,6,1,7907,3120.0,3230.0,1151839,25,2,256212,3110.0,5030.0,302000,2,,,,,,,,,,,,,,,,
63917421733088077,وتجارت,بانک تجارت,2026-10-04T09:29:48+03:30,898.0,-2.92,899.0,-2.81,925.0,910.0,898.0,910.0,5453.0,3284023180.0,2950869065265.0,952.0,898,105.0,8.6,1,57,سهم,بانکها و موسسات اعتباری,بازار بورس,بازار اول (تابلوی فرعی) بورس,5.33,105.0,0.0,1590603130011.0,41.0,9406412182.0,917.0,984.0,369.0,1042.0,2026-10-03,1429952213879889.0,1232071502.0,1846,1107632280298.0,2035537750.0,10,1829948437250.0,2821388815.0,922,2536428544685.0,446220437.0,4,401152172863.0,600017486.6186348,2751007098.356833,0.218,-1428796264387.0,1,5610,892.0,898.0,78633957,33,2,200000,888.0,899.0,15604571,12,1,162000,880.0,900.0,2869235,2,3,3056000,866.0,901.0,2409563,3,1,12000,850.0,902.0,4275104,5,,,,,,,,,,,,,,,,
63976939731487182,ضهرم7062,اختیارخ اهرم-62000-1405/07/29,2026-10-04T09:26:49+03:30,11000.0,-14.14,10205.0,-20.35,12812.0,8051.0,8051.0,11000.0,13.0,277.0,2826806000.0,500000.0,1,0.0,,1.0,68,اختیار معامله,,,,,,,,,,,,,,,,277.0,8,2826785.0,0.0,0,0.0,277.0,5,2826785.0,0.0,0,0.0,353348.125,565357.0,0.625,0.0,3,190,11000.0,12000.0,8,1,1,10,10694.0,13000.0,262,2,2,20,10640.0,13300.0,405,2,1,10,10576.0,13490.0,52,3,1,5,10501.0,13500.0,102,2,,,,,,اهرم,17914401175772326,72311,62000,1000,1405/05/03,1405/07/29,17,خرید,290146,19986658000.0
64002586935951598,ضدرو7007,اختیارخ دارونو-42000-05/07/15,2026-10-04T09:26:49+03:30,1000.0,-49.06,1008.0,-48.65,1963.0,1000.0,1000.0,1030.0,9.0,277.0,279111000.0,500000.0,1,0.0,,1.0,68,اختیار معامله,,,,,,,,,,,,,,,,177.0,5,178416.0,100.0,1,100800.0,100.0,1,100800.0,177.0,1,178416.0,35683.2,100800.0,0.354,77616.0,1,200,960.0,1256.0,113,1,1,100,957.0,1301.0,106,1,1,90,956.0,1347.0,100,1,2,7,935.0,1392.0,94,1,1,4,912.0,1598.0,30,1,,,,,,دارونو,34074071043606558,41987,42000,1000,1405/06/14,1405/07/15,3,خرید,12299,11627352000.0
64155926828410021,ساذری,آذریت,2026-10-04T09:28:52+03:30,28800.0,2.97,28790.0,2.93,27970.0,28750.0,28750.0,28800.0,37.0,68788.0,1980604400.0,28800.0,27140,-1371.0,-21.0,1,54,سهم,سایر محصولات کانی غیرفلزی,بازار پایه فرابورس,بازار پایه زرد فرابورس,0.0,-1371.0,37.061405,228000000.0,,249642.0,25610.0,27160.0,23140.0,40850.0,2026-10-03,6564120000000.0,68788.0,2,1980406520.0,0.0,0,0.0,68788.0,16,1980406520.0,0.0,0,0.0,990203260.0,123775407.5,8.0,0.0,10,193316,28800.0,28950.0,1046,1,1,2219,28750.0,36110.0,4365,1,3,13700,27140.0,0.0,0,0,1,20000,24230.0,0.0,0,0,0,0,0.0,0.0,0,0,,,,,,,,,,,,,,,,
64158949553973920,ضتاص9024,اختیارخ تاصیکو-27520-05/09/04,2026-10-04T09:21:13+03:30,17998.0,25.04,17998.0,25.04,14394.0,17998.0,17998.0,17998.0,1.0,1.0,17998000.0,100000.0,1,0.0,,1.0,13,اختیار معامله,,,,,,,,,,,,,,,,1.0,1,17998.0,0.0,0,0.0,1.0,1,17998.0,0.0,0,0.0,17998.0,17998.0,1.0,0.0,1,30,14001.0,15000.0,50,1,1,3,14000.0,17300.0,1,1,1,3,13442.0,17997.0,89,1,1,1,13440.0,17998.0,2,1,1,1,12005.0,18500.0,10,1,,,,,,تاصیکو,23293437377896568,37890,27520,1000,1405/05/10,1405/09/04,52,خرید,11743,37890000.0
64216772923447100,شتاب,صندوق س سهامی شتاب آگاه-اهرمی,2026-10-04T09:29:49+03:30,55870.0,1.07,54046.0,-2.23,55277.0,53067.0,53067.0,56218.0,3239.0,38754733.0,2094536662739.0,57488.0,53066,0.0,,1,68,صندوق,صندوق سرمایه گذاری قابل معامله,بازار بورس,بازار صندوق های قابل معامله,0.0,,0.0,2500000000.0,,48158338.0,49608.0,54371.0,12860.0,58730.0,2026-10-03,135115000000000.0,36693317.0,1354,1983127010582.0,1941913.0,6,104952629998.0,38179009.0,666,2063422720414.0,456221.0,5,24656920166.0,1464643286.9881833,3098232312.933934,0.473,-80295709832.0,2,6468,55800.0,55804.0,1062,1,4,15570,55751.0,55870.0,1975,1,6,30671,55750.0,55873.0,204359,4,2,1700,55640.0,55877.0,11000,2,1,357,55629.0,55889.0,8000,2,,68824.0,69923.0,2026-10-04T09:11:09+03:30,-21.47,,,,,,,,,,,
64298008532791199,ساینا,صنایع بهداشتی ساینا,2026-10-04T09:29:21+03:30,14660.0,2.95,14580.0,2.39,14240.0,14660.0,14200.0,14660.0,393.0,5163161.0,75268953030.0,14660.0,13820,1820.0,8.0,1,44,سهم,محصولات شیمیایی,بازار فرابورس,بازار اول فرابورس,8.81,1820.0,13540.313,2100000000.0,,20166392.0,13020.0,14300.0,3181.0,14300.0,2026-10-04,30618000000000.0,4802439.0,173,70019560620.0,360722.0,2,5259326760.0,3991989.0,104,58203199620.0,1171172.0,2,17075687760.0,404737344.6242775,559646150.1923077,0.723,11816361000.0,26,1342643,14660.0,0.0,0,0,14,95215,14650.0,0.0,0,0,1,500,14640.0,0.0,0,0,2,63011,14620.0,0.0,0,0,1,5000,14470.0,0.0,0,0,صف خرید,,,,,,,,,,,,,,,
64341992373049080,سدبیر,س. تدبیرگران فارس وخوزستان,2026-10-04T09:29:33+03:30,38720.0,-2.91,38690.0,-2.98,39880.0,38840.0,38690.0,38840.0,188.0,948765.0,36711220900.0,41070.0,38690,7407.0,5.2,1,56,سهم,سرمایه گذاریها,بازار فرابورس,بازار دوم فرابورس,8.88,7407.0,0.0,250000000.0,,2286888.0,39630.0,41480.0,20850.0,50150.0,2026-10-04,9672500000000.0,947068.0,79,36642060920.0,0.0,0,0.0,947068.0,43,36642060920.0,0.0,0,0.0,463823555.94936705,852140951.6279069,0.544,0.0,1,150,38730.0,39630.0,34350,4,3,14489,38720.0,39870.0,2000,1,1,130,38710.0,39880.0,33127,3,3,23666,38700.0,39990.0,3555,2,13,159780,38690.0,40000.0,5500,1,,,,,,,,,,,,,,,,
64358061873294912,چفیبر,تولید فیبر ایران,2026-10-04T09:29:27+03:30,6760.0,-2.59,6770.0,-2.45,6940.0,7130.0,6740.0,7130.0,272.0,9419656.0,63764477640.0,7140.0,6740,224.0,30.2,1,20,سهم,محصولات چوبی,بازار بورس,بازار دوم (تابلوی فرعی) بورس,31.03,224.0,495.56445,1800000000.0,23.0,10231629.0,6230.0,6750.0,3443.0,8540.0,2026-10-03,12186000000000.0,8541656.0,121,57827011120.0,878000.0,1,5944060000.0,9419656.0,77,63771071120.0,0.0,0,0.0,477909182.80991733,828195728.8311688,0.577,-5944060000.0,2,271214,6760.0,6860.0,17450,2,3,262782,6750.0,6870.0,11000,1,7,339912,6740.0,6890.0,100000,1,0,0,0.0,6900.0,107320,2,0,0,0.0,6910.0,1000,1,,,,,,,,,,,,,,,,
64380036977879368,کولان,کولان سل,2026-10-04T09:29:49+03:30,33760.0,2.99,33760.0,2.99,32780.0,33740.0,33740.0,33760.0,460.0,977266.0,32989076600.0,33760.0,31800,3233.0,10.4,1,21,سهم,محصولات کاغذی,بازار فرابورس,بازار دوم فرابورس,11.45,3233.0,18347.43,1020000000.0,,5575454.0,31570.0,33510.0,23500.0,33510.0,2026-10-04,34435200000000.0,976825.0,56,32977612000.0,0.0,0,0.0,661825.0,355,22343212000.0,315000.0,2,10634400000.0,588885928.5714287,62938625.35211268,9.357,10634400000.0,177,2607136,33760.0,0.0,0,0,8,18569,33750.0,0.0,0,0,3,749,33740.0,0.0,0,0,3,891,33700.0,0.0,0,0,1,10000,33690.0,0.0,0,0,صف خرید,,,,,,,,,,,,,,,
64427132952754690,طهرم9027,اختیارف اهرم-62000-1405/09/25,2026-10-04T09:21:56+03:30,5500.0,-3.98,5500.0,-3.98,5728.0,5501.0,5500.0,5501.0,2.0,20.0,110010000.0,500000.0,1,0.0,,1.0,68,اختیار معامله,,,,,,,,,,,,,,,,20.0,2,110000.0,0.0,0,0.0,20.0,1,110000.0,0.0,0,0.0,55000.0,110000.0,0.5,0.0,1,8,5500.0,6999.0,10,1,1,150,5401.0,7000.0,20,1,1,500,1501.0,9990.0,30,2,1,20,1500.0,0.0,0,0,1,2,1111.0,0.0,0,0,,,,,,اهرم,17914401175772326,72311,62000,1000,1405/06/28,1405/09/25,73,فروش,1161,1435700000.0
64485827086284311,فجوش,جوش و اکسیژن ایران,2026-10-04T09:07:56+03:30,5420.0,1.88,5320.0,0.0,5320.0,5420.0,5420.0,5420.0,2.0,2000.0,10840000.0,5420.0,5220,-28.0,-190.0,1335140,28,سهم,ساخت محصولات فلزی,بازار پایه فرابورس,بازار پایه نارنجی فرابورس,0.0,-28.0,107.16492,2109627000.0,,1464206.0,5310.0,5330.0,1157.0,5330.0,2026-10-03,11223215640000.0,2000.0,1,10640000.0,0.0,0,0.0,2000.0,1,10640000.0,0.0,0,0.0,10640000.0,10640000.0,1.0,0.0,12,1831279,5420.0,0.0,0,0,2,29700,5220.0,0.0,0,0,0,0,0.0,0.0,0,0,0,0,0.0,0.0,0,0,0,0,0.0,0.0,0,0,صف خرید,,,,,,,,,,,,,,,
64617910055465018,ضملی9036,اختیارخ فملی-13000-1405/09/04,2026-10-04T09:29:35+03:30,16883.0,0.93,16861.0,0.8,16728.0,17000.0,16640.0,17000.0,3.0,34.0,573284000.0,100000.0,1,0.0,,1.0,27,اختیار معامله,,,,,,,,,,,,,,,,30.0,2,505830.0,4.0,1,67444.0,6.0,2,101166.0,28.0,1,472108.0,252915.0,50583.0,5.0,404664.0,1,100,16820.0,16883.0,4,1,1,1,10005.0,17000.0,38,2,1,3,10000.0,17500.0,10,1,1,1000,2.0,21000.0,98,1,1,100,1.0,22499.0,97,1,,,,,,فملی,35425587644337450,28740,13000,1000,1405/05/17,1405/09/04,52,خرید,4292,171660000.0
64619251116188373,بپیوند,برق و انرژی پیوندگستر پارس,2026-10-04T09:28:40+03:30,18250.0,-2.98,18250.0,-2.98,18810.0,18480.0,18250.0,18480.0,107.0,172519.0,3149144970.0,19370.0,18250,1762.0,10.4,1,40,سهم,عرضه برق، گاز، بخاروآب گرم,بازار فرابورس,بازار اول فرابورس,10.26,1762.0,4808.7515,3000000000.0,,1498681.0,18660.0,19500.0,9840.0,20190.0,2026-10-04,54750000000000.0,100441.0,23,1833048250.0,72078.0,1,1315423500.0,158205.0,70,2887241250.0,14314.0,1,261230500.0,79697750.0,41246303.57142857,1.932,-1054193000.0,1,500,14340.0,18250.0,652280,60,1,1000,12330.0,18280.0,5077,2,0,0,0.0,18290.0,23993,13,0,0,0.0,18300.0,44026,6,0,0,0.0,18340.0,77,1,,,,,,,,,,,,,,,,
64659064562132185,شمیم,صندوق س.درآمدثابت شمیم تابان-د,2026-10-04T09:28:07+03:30,19328.0,0.14,19328.0,0.14,19301.0,19328.0,19328.0,19329.0,37.0,2307023.0,44590457250.0,19880.0,18722,0.0,,1,68,صندوق,صندوق سرمایه گذاری قابل معامله,بازار فرابورس,بازار ابزارهاي نوين مالي فرابورس,1067.75,,0.0,6000000000.0,,224322412.0,19249.0,19302.0,14038.0,19302.0,2026-10-04,115968000000000.0,1257674.0,11,24308323072.0,1049349.0,1,20281817472.0,2055235.0,17,39723582080.0,251788.0,1,4866558464.0,2209847552.0,2336681298.8235292,0.946,-15415259008.0,2,299119580,19328.0,19329.0,13216753,10,1,1000000,19327.0,19330.0,1000000,1,1,1000000,19326.0,19331.0,1000000,1,1,1000000,19325.0,19332.0,1000000,1,1,1000000,19324.0,19333.0,1000000,1,,19412.0,19435.0,2026-10-04T09:11:15+03:30,-0.43,,,,,,,,,,,
64699417405634265,نطرین,عطرین نخ قم,2026-10-04T09:29:43+03:30,2440.0,2.91,2386.0,0.63,2371.0,2307.0,2307.0,2441.0,514.0,42381691.0,101109466008.0,2442.0,2300,196.0,12.2,1,17,سهم,منسوجات,بازار فرابورس,بازار اول فرابورس,15.16,196.0,3086.0317,6447746297.0,,51911078.0,2333.0,2498.0,1890.0,5256.0,2026-10-04,15384322664642.0,42291991.0,76,100908690526.0,0.0,0,0.0,41761991.0,165,99644110526.0,530000.0,1,1264580000.0,1327745927.9736843,603903700.1575757,2.199,1264580000.0,1,8598,2423.0,2439.0,5741,1,4,66500,2420.0,2440.0,3514025,10,2,1007200,2419.0,2441.0,2404880,5,3,3000000,2416.0,2442.0,8922830,39,2,1003124,2415.0,2450.0,296454,1,,,,,,,,,,,,,,,,
64707090254488560,ثعتما,س. ساختمانی اعتماد گستر,2026-10-04T09:29:11+03:30,53050.0,-3.0,53070.0,-2.96,54690.0,53150.0,53050.0,53150.0,20.0,93449.0,4958908850.0,56330.0,53050,-163.0,-325.6,1,70,سهم,انبوه سازی، املاک و مستغلات,بازار پایه فرابورس,بازار پایه زرد فرابورس,0.0,-163.0,0.0,141466960.0,,307914.0,51860.0,54910.0,20500.0,54910.0,2026-10-03,7507651567200.0,93449.0,10,4959338430.0,0.0,0,0.0,93449.0,7,4959338430.0,0.0,0,0.0,495933843.0,708476918.5714285,0.7,0.0,2,3889,53050.0,55800.0,5078,2,1,1300,48840.0,55850.0,4207,2,0,0,0.0,55950.0,18781,1,0,0,0.0,56000.0,8375,2,0,0,0.0,56170.0,4700,1,,,,,,,,,,,,,,,,
64724847373019027,ضخود9049,اختیارخ خودرو-450-1405/09/04,2026-10-04T09:23:03+03:30,294.0,2.44,293.0,2.09,287.0,291.0,279.0,294.0,7.0,2033.0,596199000.0,100000.0,1,0.0,,1.0,34,اختیار معامله,,,,,,,,,,,,,,,,2033.0,3,595669.0,0.0,0,0.0,1932.0,3,566076.0,101.0,1,29593.0,198556.3333333333,188692.0,1.052,29593.0,1,68,294.0,303.0,4,1,1,50,211.0,305.0,100,1,2,20,203.0,309.0,822,1,1,1,202.0,310.0,1000,1,2,1001,201.0,312.0,1,1,,,,,,خودرو,65883838195688438,716,450,1000,1405/06/07,1405/09/04,52,خرید,106014,782811000.0
64772237400452285,طستا7063,اختیارف شستا-3500-1405/07/15,2026-10-04T09:29:48+03:30,30.0,-3.23,37.0,19.35,31.0,33.0,29.0,46.0,2409.0,953733.0,35578557000.0,100000.0,1,0.0,,1.0,39,اختیار معامله,,,,,,,,,,,,,,,,923816.0,231,34181192.0,26000.0,3,962000.0,940816.0,246,34810192.0,9000.0,2,333000.0,147970.52813852814,141504.84552845528,1.046,-629000.0,5,4066,31.0,32.0,968,1,11,7150,30.0,33.0,5607,6,9,8500,29.0,34.0,5000,5,5,4250,28.0,35.0,7944,9,1,1000,27.0,36.0,4020,5,,,,,,شستا,2400322364771558,3580,3500,1000,1405/06/18,1405/07/15,3,فروش,1983510,3312616960000.0
64842837716888827,خکاوه,سایپا دیزل,2026-10-04T09:29:43+03:30,847.0,-1.63,838.0,-2.67,861.0,841.0,836.0,858.0,418.0,184482254.0,154593103915.0,886.0,836,53.0,15.8,1,34,سهم,خودرو و ساخت قطعات,بازار پایه فرابورس,بازار پایه زرد فرابورس,0.0,53.0,1732.5845,55727971852.0,,656393963.0,844.0,895.0,478.0,967.0,2026-10-03,46700040411976.0,177209153.0,174,148501270214.0,5000000.0,1,4190000000.0,117482254.0,85,98450128852.0,64726899.0,2,54241141362.0,853455575.9425287,1158236810.0235293,0.737,50051141362.0,4,1180050,845.0,847.0,279100,1,2,160206,844.0,848.0,413256,1,3,2935540,843.0,849.0,800000,1,1,3000000,841.0,850.0,184868,1,3,422304,840.0,860.0,2000000,1,,,,,,,,,,,,,,,,
64843936383937546,غگلستا,شیر پاستوریزه پگاه گلستان,2026-10-04T09:27:24+03:30,18060.0,2.96,17990.0,2.57,17540.0,18050.0,17540.0,18060.0,276.0,3772569.0,67871325240.0,18060.0,17020,1656.0,10.9,1,42,سهم,محصولات غذایی و آشامیدنی به جز قند و شکر,بازار فرابورس,بازار اول فرابورس,7.69,1656.0,37920.727,1115000000.0,,6665312.0,16580.0,17580.0,7360.0,18590.0,2026-10-04,20058850000000.0,3652569.0,76,65709716310.0,120000.0,1,2158800000.0,3172569.0,85,57074516310.0,600000.0,1,10794000000.0,864601530.3947369,671464897.7647059,1.288,8635200000.0,17,774114,18060.0,18260.0,20000,1,3,21582,17970.0,18270.0,15000,1,1,500,17950.0,18280.0,20000,1,1,1737,17850.0,18690.0,269,2,1,600,17820.0,0.0,0,0,,,,,,,,,,,,,,,,
64899658576570461,بانیان,نیان باتری خاوران,2026-10-04T09:29:43+03:30,18120.0,0.17,18210.0,0.66,18090.0,18430.0,17980.0,18430.0,151.0,355243.0,6468518230.0,18630.0,17550,1652.0,11.0,1,31,سهم,ماشین آلات و دستگاههای برقی,بازار فرابورس,بازار دوم فرابورس,5.74,1652.0,5477.6226,1028358900.0,,8479222.0,17800.0,18630.0,0.0,22150.0,2026-10-04,18726415569000.0,31867.0,17,580298070.0,323301.0,3,5887311210.0,314665.0,118,5730049650.0,40503.0,1,737559630.0,34135180.5882353,48559742.79661017,0.703,-5149751580.0,2,20628,18120.0,18180.0,137,2,3,145975,18090.0,18190.0,229,2,2,1999,18080.0,18200.0,75743,4,1,16202,18050.0,18230.0,69165,4,1,300,18030.0,18290.0,776,1,,,,,,,,,,,,,,,,
64942549055019553,سرو,صندوق س سروسودمند مدبران-سهام,2026-10-04T09:29:48+03:30,46808.0,0.83,46428.0,0.02,46421.0,47460.0,45930.0,47460.0,364.0,3022105.0,140309259756.0,47813.0,45029,0.0,,1,68,صندوق,صندوق سرمایه گذاری قابل معامله,بازار بورس,بازار صندوق های قابل معامله,0.0,,0.0,2500000000.0,,19579751.0,42876.0,46244.0,18740.0,46300.0,2026-10-03,116070000000000.0,1360769.0,68,63177783132.0,1653565.0,4,76771715820.0,2382929.0,83,110634627612.0,631405.0,3,29314871340.0,929085046.0588236,1332947320.626506,0.697,-47456844480.0,1,227837,46800.0,46808.0,10000,2,1,300000,46600.0,46809.0,11742,1,2,6990,46553.0,46810.0,26424,2,2,7072,46552.0,46830.0,5000,1,1,18459,46551.0,46833.0,17839,1,,46777.0,47254.0,2026-10-04T09:11:38+03:30,-0.75,,,,,,,,,,,
64973252728260903,وکبهمن,مدیریت سرمایه گذاری کوثربهمن,2026-10-04T09:29:00+03:30,4300.0,1.42,4340.0,2.36,4240.0,4360.0,4160.0,4360.0,162.0,1268474.0,5505951350.0,4360.0,4120,671.0,6.5,1,56,سهم,سرمایه گذاریها,بازار فرابورس,بازار اول فرابورس,8.88,671.0,0.0,20000000000.0,,12655966.0,3960.0,4300.0,1529.0,4300.0,2026-10-04,86800000000000.0,232509.0,14,1009089060.0,1035965.0,2,4496088100.0,1182229.0,145,5130873860.0,86245.0,1,374303300.0,72077790.0,35385336.965517245,2.037,-4121784800.0,3,163241,4300.0,4310.0,14470,6,2,151816,4290.0,4340.0,2416,6,2,19194,4270.0,4350.0,1001478,8,1,86245,4260.0,4360.0,2387053,51,2,466000,4240.0,0.0,0,0,,,,,,,,,,,,,,,,
65004959184388996,فایرا,آلومینیومایران,2026-10-04T09:29:46+03:30,15850.0,-3.0,15860.0,-2.94,16340.0,16190.0,15850.0,16190.0,508.0,6502559.0,103126896670.0,16830.0,15850,2419.0,6.6,1,27,سهم,فلزات اساسی,بازار بورس,بازار اول (تابلوی اصلی) بورس,15.11,2419.0,12084.642,62000000000.0,21.0,47825375.0,15400.0,16750.0,4131.0,16750.0,2026-10-04,983320000000000.0,3732983.0,304,59205110380.0,2760226.0,5,43777184360.0,1623227.0,37,25744380220.0,4869982.0,1,77237914520.0,194753652.5657895,695794060.0,0.28,33460730160.0,1,10000,15790.0,15850.0,25270737,394,1,500,14960.0,15860.0,120200,3,1,356,14550.0,15970.0,172736,3,1,350,14380.0,16000.0,220961,4,2,1500,14240.0,16100.0,15330,3,,,,,,,,,,,,,,,,
65018804181564924,گوهران,سرمایه گذاری توسعه گوهران امید,2026-10-04T09:29:14+03:30,6870.0,0.0,6890.0,0.29,6870.0,7000.0,6850.0,7000.0,24.0,640767.0,4413141340.0,7070.0,6670,725.0,9.5,1,56,سهم,سرمایه گذاریها,بازار فرابورس,بازار دوم فرابورس,8.95,725.0,0.0,20000000000.0,,3189615.0,6500.0,7000.0,2830.0,7000.0,2026-10-03,137800000000000.0,330000.0,4,2273700000.0,310767.0,1,2141184630.0,543267.0,6,3743109630.0,97500.0,1,671775000.0,568425000.0,623851605.0,0.911,-1469409630.0,2,13572,6850.0,6870.0,19427,3,1,15600,6840.0,6890.0,220000,4,4,319000,6830.0,6900.0,140000,5,1,16200,6820.0,6910.0,140000,5,1,15500,6810.0,6920.0,257457,6,,,,,,,,,,,,,,,,
65023851436340574,کاردان,صندوق س تجارت شاخصی کاردان,2026-10-04T09:28:35+03:30,34140.0,0.54,33950.0,-0.02,33957.0,33907.0,33618.0,34290.0,37.0,267238.0,9072834719.0,34975.0,32939,0.0,,1,68,صندوق,صندوق سرمایه گذاری قابل معامله,بازار بورس,بازار صندوق های قابل معامله,0.0,,0.0,1000000000.0,,4409625.0,32227.0,34087.0,29340.0,299141.0,2026-10-03,33950000000000.0,57186.0,4,1941464700.0,210052.0,4,7131265400.0,205249.0,12,6968203550.0,61989.0,2,2104526550.0,485366175.0,580683629.1666666,0.836,-5026738850.0,2,110000,34071.0,34240.0,17562,1,1,15000,34067.0,34276.0,10000,1,1,20000,34064.0,34494.0,200,1,1,25000,34061.0,34611.0,9000,1,1,30000,34057.0,34636.0,125000,1,,34103.0,34457.0,2026-10-04T09:12:05+03:30,-0.45,,,,,,,,,,,
65122215875355555,شفن,پتروشیمی فناوران,2026-10-04T09:29:04+03:30,7560.0,-2.95,7560.0,-2.95,7790.0,7570.0,7560.0,7590.0,491.0,18812500.0,142260599550.0,8020.0,7560,284.0,26.6,1,44,سهم,محصولات شیمیایی,بازار بورس,بازار اول (تابلوی فرعی) بورس,10.14,284.0,6542.709,30950000000.0,15.0,45710345.0,7690.0,8170.0,3959.0,8170.0,2026-10-04,233982000000000.0,5567577.0,133,42090882120.0,13244923.0,5,100131617880.0,18812500.0,148,142222500000.0,0.0,0,0.0,316472797.8947368,960962837.8378378,0.329,-100131617880.0,8,630833,7560.0,7570.0,334085,8,0,0,0.0,7580.0,549059,4,0,0,0.0,7590.0,750,1,0,0,0.0,7600.0,325600,4,0,0,0.0,7630.0,50000,1,,,,,,,,,,,,,,,,
65190029034514887,خزانه ملت,صندوق س.مختص اوراق دولتی ملت-د,2026-10-04T09:21:06+03:30,18365.0,0.11,18365.0,0.11,18344.0,18366.0,18365.0,18366.0,18.0,2132703.0,39167148587.0,18894.0,17794,0.0,,1,68,صندوق,صندوق سرمایه گذاری قابل معامله,بازار فرابورس,بازار ابزارهاي نوين مالي فرابورس,1064.79,,0.0,1000000000.0,,47166128.0,18270.0,18320.0,13519.0,18320.0,2026-10-03,18365000000000.0,113210.0,7,2079101650.0,2019493.0,1,37087988945.0,2075711.0,4,38120432515.0,56992.0,1,1046658080.0,297014521.42857146,9530108128.75,0.031,-36041330865.0,3,22989567,18365.0,18366.0,14952233,3,1,1000000,18364.0,18894.0,100,1,1,1000000,18363.0,0.0,0,0,1,1000000,18362.0,0.0,0,0,1,1000000,18361.0,0.0,0,0,,,,,,,,,,,,,,,,
65197850030400728,نماد,گروه مالی نماد غدیر,2026-10-04T09:29:45+03:30,4100.0,-2.38,4100.0,-2.38,4200.0,4110.0,4080.0,4120.0,469.0,12225805.0,50080622330.0,4320.0,4080,995.0,4.1,1,56,سهم,سرمایه گذاریها,بازار بورس,بازار دوم (تابلوی اصلی) بورس,7.55,995.0,0.0,90000000000.0,9.0,81944753.0,4140.0,4380.0,2333.0,4380.0,2026-10-03,369000000000000.0,7276811.0,147,29834925100.0,4944718.0,2,20273343800.0,12221529.0,209,50108268900.0,0.0,0,0.0,202958674.14965987,239752482.77511963,0.847,-20273343800.0,2,60724,4100.0,4110.0,40134,2,19,2943038,4090.0,4120.0,184775,6,88,18598857,4080.0,4130.0,10994,4,1,3000,4030.0,4140.0,7000,1,1,5500,3930.0,4150.0,379741,10,,,,,,,,,,,,,,,,
65249046611427924,فردا,صندوق س آوای فردای زاگرس-ثابت,2026-10-04T09:29:40+03:30,43024.0,0.13,43024.0,0.13,42970.0,43024.0,43024.0,43025.0,95.0,1736312.0,74703245344.0,44259.0,41681,0.0,,1,68,صندوق,صندوق سرمایه گذاری قابل معامله,بازار بورس,بازار صندوق های قابل معامله,0.0,,0.0,5600000000.0,,214305062.0,42862.0,42980.0,31116.0,42980.0,2026-10-04,240934400000000.0,899002.0,17,38678662048.0,832195.0,1,35804357680.0,994045.0,39,42767792080.0,737152.0,3,31715227648.0,2275215414.5882354,1096610053.3333333,2.075,-4089130032.0,2,299162690,43024.0,43025.0,20383464,4,1,1000000,43023.0,43026.0,100000,1,1,1000000,43022.0,43027.0,100000,1,1,1000000,43021.0,43028.0,100000,1,1,1000000,43020.0,43029.0,100000,1,,43027.0,43065.0,2026-10-04T09:12:03+03:30,-0.01,,,,,,,,,,,
65321970913593427,سکرد,سیمان کردستان,2026-10-04T09:29:05+03:30,15320.0,-0.39,15230.0,-0.98,15380.0,15530.0,15110.0,15530.0,90.0,1123618.0,17116623480.0,15840.0,14920,2014.0,7.6,1,53,سهم,سیمان، آهک و گچ,بازار بورس,بازار دوم (تابلوی اصلی) بورس,7.7,2014.0,6581.3286,2900000000.0,14.0,5572896.0,15500.0,16340.0,7760.0,17300.0,2026-10-03,44167000000000.0,923618.0,29,14066702140.0,200000.0,1,3046000000.0,1123618.0,42,17112702140.0,0.0,0,0.0,485058694.48275864,407445289.04761904,1.19,-3046000000.0,1,500,15130.0,15320.0,6910,1,4,67179,15120.0,15360.0,1500,1,13,195634,15110.0,15410.0,1500,1,5,116480,15100.0,15460.0,400,1,5,65774,15000.0,15480.0,1500,1,,,,,,,,,,,,,,,,
65378630011538741,نبابک,نساجی بابکان,2026-10-04T09:29:01+03:30,8990.0,2.63,8880.0,1.37,8760.0,9010.0,8630.0,9010.0,103.0,831966.0,7386996790.0,9020.0,8500,351.0,25.3,1,17,سهم,منسوجات,بازار فرابورس,بازار نوآفرین - رشد,15.48,351.0,3727.9387,1500000000.0,,10945901.0,8000.0,8550.0,5630.0,15790.0,2026-10-03,13320000000000.0,666528.0,22,5918768640.0,165438.0,1,1469089440.0,735861.0,71,6534445680.0,96105.0,1,853412400.0,269034938.1818182,92034446.1971831,2.923,-615677040.0,1,82624,8990.0,9000.0,102968,7,2,51280,8900.0,9010.0,189993,4,2,8616,8860.0,9020.0,477336,20,1,14255,8810.0,9040.0,5267,3,1,25000,8800.0,0.0,0,0,,,,,,,,,,,,,,,,
65414507129586385,لخزر,پارس خزر,2026-10-04T09:28:58+03:30,4740.0,-1.04,4710.0,-1.67,4790.0,4670.0,4670.0,4890.0,132.0,2608355.0,12273464710.0,4930.0,4650,1120.0,4.2,1,29,سهم,ماشین آلات و تجهیزات,بازار بورس,بازار دوم (تابلوی فرعی) بورس,5.57,1120.0,5057.429,10000000000.0,10.0,28798788.0,4570.0,4890.0,2860.0,6380.0,2026-10-03,47100000000000.0,2608355.0,34,12285352050.0,0.0,0,0.0,2608355.0,28,12285352050.0,0.0,0,0.0,361333883.8235294,438762573.2142857,0.824,0.0,1,30000,4750.0,4860.0,25000,1,1,39600,4740.0,4870.0,54181,3,2,73646,4720.0,4880.0,28027,2,4,116500,4710.0,4890.0,60000,2,7,178300,4700.0,4900.0,32500,3,,,,,,,,,,,,,,,,
65473703162196532,ابتکار,صندوق س.پرتوابتکارهدف-س,2026-10-04T09:29:00+03:30,26500.0,-1.54,26172.0,-2.76,26914.0,26120.0,26107.0,26650.0,19.0,101171.0,2647869530.0,27721.0,26107,0.0,,1,68,صندوق,صندوق سرمایه گذاری قابل معامله,بازار فرابورس,بازار ابزارهاي نوين مالي فرابورس,1083.32,,0.0,200000000.0,,6105621.0,25400.0,27008.0,9900.0,28027.0,2026-10-03,5234400000000.0,84006.0,12,2198605032.0,17165.0,2,449242380.0,101171.0,10,2647847412.0,0.0,0,0.0,183217086.0,264784741.20000002,0.692,-449242380.0,1,8156,26200.0,26595.0,10000,1,1,40000,26132.0,26646.0,15000,1,1,20000,26124.0,26648.0,5000,1,1,10000,26121.0,26650.0,200,1,2,139,26111.0,26788.0,41603,2,,,,,,,,,,,,,,,,
65576885779918210,مدیر,ص.س.مدیریت ثروت ص.بازنشستگی-س,2026-10-04T09:29:50+03:30,59195.0,1.53,58734.0,0.74,58302.0,60048.0,58005.0,60048.0,49.0,176422.0,10361914030.0,60051.0,56553,0.0,,1,68,صندوق,صندوق سرمایه گذاری قابل معامله,بازار فرابورس,بازار ابزارهاي نوين مالي فرابورس,1083.32,,0.0,1000000000.0,,5676165.0,54349.0,57602.0,22099.0,57602.0,2026-10-03,58734000000000.0,127557.0,20,7491932838.0,29865.0,2,1754090910.0,136540.0,23,8019540360.0,20882.0,2,1226483388.0,374596641.90000004,348675667.82608694,1.074,-527607522.0,1,50000,58659.0,59443.0,6181,1,1,4000,58656.0,59499.0,10000,1,2,3530,58652.0,59584.0,10000,1,1,25,58643.0,59699.0,10000,1,1,8507,58640.0,59730.0,4000,1,,58966.0,59555.0,2026-10-04T09:12:09+03:30,-0.39,,,,,,,,,,,
65611214748857521,طستا7062,اختیارف شستا-3250-1405/07/15,2026-10-04T09:29:45+03:30,1.0,-66.67,2.0,-33.33,3.0,2.0,1.0,3.0,1160.0,485734.0,944487000.0,100000.0,1,0.0,,1.0,39,اختیار معامله,,,,,,,,,,,,,,,,483551.0,38,967102.0,1800.0,1,3600.0,485351.0,52,970702.0,0.0,0,0.0,25450.052631578947,18667.346153846152,1.363,-3600.0,742,730954,1.0,2.0,328741,334,0,0,0.0,3.0,215456,222,0,0,0.0,4.0,51722,54,0,0,0.0,5.0,68423,75,0,0,0.0,6.0,36320,59,,,,,,شستا,2400322364771558,3580,3250,1000,1405/04/10,1405/07/15,3,فروش,4948149,1660432640000.0
65640021232361587,آسان,صندوق س.درآمدثابت گنجینه مهر-د,2026-10-04T09:28:56+03:30,13592.0,0.18,13592.0,0.18,13567.0,13592.0,13591.0,13592.0,35.0,1161853.0,15791588730.0,13974.0,13160,0.0,,1,68,صندوق,صندوق سرمایه گذاری قابل معامله,بازار فرابورس,بازار ابزارهاي نوين مالي فرابورس,1067.75,,0.0,7500000000.0,,64476950.0,13514.0,13568.0,13444.0,13819.0,2026-10-04,101940000000000.0,869166.0,22,11813704272.0,292687.0,1,3978201704.0,353384.0,8,4803195328.0,808469.0,1,10988710648.0,536986557.8181819,600399416.0,0.894,7010508944.0,4,799716199,13591.0,13592.0,49191531,1,2,10000100,13590.0,13868.0,61,1,1,10000000,13589.0,0.0,0,0,1,10000000,13588.0,0.0,0,0,2,10000300,13587.0,0.0,0,0,,13603.0,13610.0,2026-10-04T09:12:10+03:30,-0.08,,,,,,,,,,,
65663173216130783,آواک,صنایع ارتباطی آوا,2026-10-04T09:29:50+03:30,2590.0,-3.0,2593.0,-2.88,2670.0,2629.0,2590.0,2629.0,266.0,9672233.0,25076752008.0,2750.0,2590,328.0,7.9,1,73,سهم,اطلاعات و ارتباطات,بازار فرابورس,بازار نوآفرین - دانش بنیان,11.53,328.0,0.0,2900000000.0,,38533664.0,2612.0,2790.0,1965.0,8900.0,2026-10-03,7519700000000.0,9314415.0,104,24152278095.0,0.0,0,0.0,9314415.0,59,24152278095.0,0.0,0,0.0,232233443.22115383,409360645.6779661,0.567,0.0,1,2500,2572.0,2590.0,3956185,46,1,10000,2190.0,2591.0,41789,1,0,0,0.0,2594.0,386407,1,0,0,0.0,2595.0,13177,3,0,0,0.0,2598.0,112186,3,,,,,,,,,,,,,,,,
65671173927025645,کتوکا,تولیدی و خدمات صنایع نسوز توکا,2026-10-04T09:29:15+03:30,8230.0,-2.14,8270.0,-1.66,8410.0,8230.0,8160.0,8440.0,292.0,8851894.0,73229591880.0,8660.0,8160,983.0,8.4,1,54,سهم,سایر محصولات کانی غیرفلزی,بازار فرابورس,بازار اول فرابورس,10.47,983.0,7811.5967,3500000000.0,,29706505.0,8370.0,8870.0,2929.0,9340.0,2026-10-04,28945000000000.0,8704796.0,100,71988662920.0,147098.0,1,1216500460.0,8778345.0,82,72596913150.0,73549.0,1,608250230.0,719886629.2,885328209.1463414,0.813,-608250230.0,3,21086,8230.0,8290.0,13414,1,1,1000,8220.0,8300.0,49266,1,2,121728,8210.0,8360.0,10948,1,7,151819,8200.0,8370.0,6910,1,3,111000,8180.0,8380.0,3000,1,,,,,,,,,,,,,,,,
65736765815044639,بنکر,صندوق س صنایع اندیشه صبا2-بخشی,2026-10-04T09:27:34+03:30,20792.0,-1.49,20788.0,-1.51,21107.0,20800.0,20744.0,20800.0,12.0,90775.0,1887009110.0,21740.0,20474,0.0,,1,68,صندوق,صندوق سرمایه گذاری قابل معامله,بازار بورس,بازار صندوق های قابل معامله,0.0,,0.0,2000000000.0,,3960657.0,20462.0,21268.0,9589.0,21628.0,2026-10-03,41576000000000.0,90775.0,7,1887030700.0,0.0,0,0.0,0.0,0,0.0,90775.0,1,1887030700.0,269575814.28571427,,,1887030700.0,1,1000,20783.0,20792.0,381,1,3,12000,20700.0,20833.0,65752,1,3,12000,20600.0,20850.0,2633,1,2,192532,20586.0,20854.0,161619,2,1,65784,20565.0,20875.0,87451,1,,,,,,,,,,,,,,,,
65852697063347955,پتروسورین,صندوق س.بخشی ثروت آفرین1-ب,2026-10-04T09:22:32+03:30,13510.0,-0.36,13453.0,-0.78,13559.0,13500.0,13400.0,13511.0,14.0,521808.0,7019967800.0,13965.0,13153,0.0,,1,68,صندوق,صندوق سرمایه گذاری قابل معامله,بازار فرابورس,بازار ابزارهاي نوين مالي فرابورس,1083.3,,0.0,1000000000.0,,15016697.0,12770.0,13522.0,7702.0,13522.0,2026-10-03,13453000000000.0,24100.0,4,324217300.0,497708.0,2,6695665724.0,518708.0,6,6978178724.0,3100.0,1,41704300.0,81054325.0,1163029787.3333333,0.07,-6653961424.0,2,6975,13510.0,13799.0,20000,1,2,100500,13500.0,13800.0,5000,1,1,100000,13490.0,13820.0,150000,1,1,100000,13470.0,13850.0,180000,2,1,100000,13450.0,13874.0,3054,2,,,,,,,,,,,,,,,,
65883838195688438,خودرو,ایران خودرو,2026-10-04T09:29:44+03:30,727.0,2.97,716.0,1.42,706.0,712.0,693.0,727.0,7444.0,4240730540.0,3036744796805.0,727.0,685,-49.0,-14.6,1,34,سهم,خودرو و ساخت قطعات,بازار بورس,بازار دوم (تابلوی فرعی) بورس,-23.96,-49.0,2442.9607,2563746068000.0,38.0,7123387632.0,659.0,692.0,433.0,786.0,2026-10-03,1835642184688000.0,3680592842.0,1528,2635304474872.0,558740100.0,11,400057911600.0,3657604532.0,2114,2618844844912.0,581728410.0,14,416517541560.0,1724675703.4502618,1238810238.8420057,1.392,16459629960.0,2895,7192462271,727.0,0.0,0,0,9,4731773,726.0,0.0,0,0,10,931227,725.0,0.0,0,0,4,183000,724.0,0.0,0,0,6,5941775,723.0,0.0,0,0,صف خرید,,,,,,,,,,,,,,,
65999092673039059,مداران,دادهپردازیایران,2026-10-04T09:25:05+03:30,9510.0,-2.96,9510.0,-2.96,9800.0,9510.0,9510.0,9510.0,31.0,1310303.0,12460981530.0,10090.0,9510,203.0,46.8,1,72,سهم,رایانه و فعالیتهای وابسته به آن,بازار بورس,بازار دوم (تابلوی فرعی) بورس,19.16,203.0,0.0,5800000000.0,18.0,4173061.0,9940.0,10230.0,3173.0,10230.0,2026-10-03,55158000000000.0,10303.0,4,97981530.0,1300000.0,2,12363000000.0,1310303.0,12,12460981530.0,0.0,0,0.0,24495382.5,1038415127.5,0.024,-12363000000.0,0,0,0.0,9510.0,5688285,104,0,0,0.0,9800.0,77212,4,0,0,0.0,10080.0,345686,6,0,0,0.0,10090.0,551851,9,0,0,0.0,10250.0,155000,2,صف فروش,,,,,,,,,,,,,,,
66021783818850713,فافزا,فولاد افزا سپاهان,2026-10-04T09:28:38+03:30,10070.0,-2.71,10050.0,-2.9,10350.0,10070.0,10040.0,10070.0,20.0,259444.0,2607800480.0,10660.0,10040,453.0,22.2,1,27,سهم,فلزات اساسی,بازار پایه فرابورس,بازار پایه زرد فرابورس,0.0,453.0,10429.673,450000000.0,,2802216.0,10260.0,11110.0,7640.0,13980.0,2026-10-03,4522500000000.0,259444.0,12,2607412200.0,0.0,0,0.0,259444.0,10,2607412200.0,0.0,0,0.0,217284350.0,260741220.0,0.833,0.0,2,59486,10070.0,10200.0,60721,2,2,12708,10050.0,10260.0,447300,6,14,202124,10040.0,10270.0,105000,2,0,0,0.0,10280.0,117200,3,0,0,0.0,10290.0,15302,3,,,,,,,,,,,,,,,,
66024698622203156,طهمن9033,اختیارف خبهمن-2600-1405/09/25,2026-10-04T09:06:30+03:30,11.0,-96.21,11.0,-96.21,290.0,11.0,11.0,11.0,1.0,1.0,11000.0,100000.0,1,0.0,,1.0,34,اختیار معامله,,,,,,,,,,,,,,,,1.0,1,11.0,0.0,0,0.0,1.0,1,11.0,0.0,0,0.0,11.0,11.0,1.0,0.0,1,99,25.0,0.0,0,0,1,10,23.0,0.0,0,0,2,2000,13.0,0.0,0,0,3,3000,2.0,0.0,0,0,1,100,1.0,0.0,0,0,,,,,,خبهمن,26824673819862694,2554,2600,1000,1405/05/31,1405/09/25,73,فروش,11160,2560000.0
66025809087145106,کیمازی,کیمیا کالای رازی,2026-10-04T09:29:39+03:30,20800.0,-2.99,20880.0,-2.61,21440.0,21880.0,20800.0,21880.0,184.0,2748069.0,57366015850.0,22080.0,20800,0.0,,1,43,سهم,مواد و محصولات دارویی,بازار فرابورس,بازار دوم فرابورس,10.25,,0.0,1605000000.0,,8261747.0,19900.0,21490.0,18400.0,21490.0,2026-10-04,33512400000000.0,1488069.0,107,31070880720.0,1250000.0,1,26100000000.0,2738069.0,24,57170880720.0,0.0,0,0.0,290382062.8037383,2382120030.0,0.122,-26100000000.0,1,386,20270.0,20800.0,3343491,199,3,25000,19680.0,20820.0,85989,1,1,5300,19290.0,20890.0,2009,2,0,0,0.0,20900.0,1500,1,0,0,0.0,20920.0,1614,1,,,,,,,,,,,,,,,,
66036975502302203,فیروزه,صندوق شاخص30 شرکت فیروزه- سهام,2026-10-04T09:29:09+03:30,43492.0,1.95,43184.0,1.23,42660.0,43570.0,42865.0,43575.0,202.0,1370891.0,59200234694.0,43939.0,41381,0.0,,1,68,صندوق,صندوق سرمایه گذاری قابل معامله,بازار بورس,بازار صندوق های قابل معامله,0.0,,0.0,800000000.0,,11630764.0,39556.0,41912.0,13780.0,41912.0,2026-10-03,34547200000000.0,977560.0,69,42214951040.0,393331.0,3,16985605904.0,1117111.0,63,48241321424.0,253780.0,4,10959235520.0,611810884.6376811,765735260.6984128,0.799,-6026370384.0,1,920,43575.0,43830.0,514,1,2,4831,43492.0,43934.0,78725,4,2,3036,43491.0,43935.0,296,1,1,541150,43490.0,43938.0,52115,4,1,491,43471.0,43939.0,446410,13,,43169.0,43613.0,2026-10-04T09:12:13+03:30,0.03,,,,,,,,,,,
66088235415673580,ضجار8029,اختیارخ وتجارت-741-1405/08/20,2026-10-04T09:25:57+03:30,215.0,-6.11,210.0,-8.3,229.0,200.0,200.0,249.0,7.0,2310.0,486190000.0,100000.0,1,0.0,,1.0,57,اختیار معامله,,,,,,,,,,,,,,,,2310.0,3,485100.0,0.0,0,0.0,2310.0,4,485100.0,0.0,0,0.0,161700.0,121275.0,1.333,0.0,1,10,202.0,230.0,70,1,1,10,201.0,237.0,10,1,1,1000,200.0,238.0,10,1,1,50,197.0,239.0,100,1,1,5,194.0,249.0,10,1,,,,,,وتجارت,63917421733088077,899,741,1000,1405/04/21,1405/08/20,38,خرید,1096432,2074380000.0
66105959479616770,رایکا,صندوق س نوع دوم رایکا- ثابت,2026-10-04T09:28:26+03:30,27951.0,0.13,27951.0,0.13,27914.0,27950.0,27950.0,27951.0,5.0,1521118.0,42516748100.0,28751.0,27077,0.0,,1,68,صندوق,صندوق سرمایه گذاری قابل معامله,بازار بورس,بازار صندوق های قابل معامله,0.0,,0.0,1500000000.0,,2815600.0,27805.0,27878.0,20660.0,27878.0,2026-10-03,41926500000000.0,1500000.0,1,41926500000.0,21118.0,1,590269218.0,21118.0,1,590269218.0,1500000.0,1,41926500000.0,41926500000.0,590269218.0,71.029,41336230782.0,1,500000,27951.0,27952.0,10000,1,4,3000000,27950.0,27953.0,10000,1,1,10000,27949.0,27954.0,10000,1,1,10000,27948.0,27955.0,10000,1,1,10000,27947.0,0.0,0,0,,,,,,,,,,,,,,,,
66127247173352975,تشتاد,صنایع تولیدی اشتاد ایران,2026-10-04T09:29:35+03:30,7450.0,-2.99,7460.0,-2.86,7680.0,7450.0,7450.0,7670.0,24.0,526674.0,3927021300.0,7910.0,7450,-352.0,-21.2,1,34,سهم,خودرو و ساخت قطعات,بازار پایه فرابورس,بازار پایه زرد فرابورس,0.0,-352.0,11536.78,902719077.0,,1256885.0,7450.0,7900.0,3631.0,7900.0,2026-10-03,6734284314420.0,526674.0,11,3928988040.0,0.0,0,0.0,526674.0,13,3928988040.0,0.0,0,0.0,357180730.9090909,302229849.2307692,1.182,0.0,0,0,0.0,7450.0,3043,1,0,0,0.0,7660.0,6700,1,0,0,0.0,7670.0,7910,1,0,0,0.0,7810.0,10000,1,0,0,0.0,7850.0,10000,1,صف فروش,,,,,,,,,,,,,,,
66142616039907394,دماوند,تولید نیروی برق دماوند,2026-10-04T09:28:15+03:30,13190.0,0.61,13190.0,0.61,13110.0,13300.0,13150.0,13300.0,206.0,3430980.0,45240023670.0,13500.0,12720,1503.0,8.8,1,40,سهم,عرضه برق، گاز، بخاروآب گرم,بازار فرابورس,بازار دوم فرابورس,10.26,1503.0,4173.7065,13000000000.0,,13154249.0,13040.0,13700.0,7010.0,14650.0,2026-10-04,171470000000000.0,2263338.0,16,29853428220.0,1167642.0,1,15401197980.0,2820693.0,43,37204940670.0,610287.0,4,8049685530.0,1865839263.75,865231178.3720931,2.156,-7351512450.0,1,1000,13200.0,13210.0,278213,7,2,24086,13190.0,13220.0,3386,1,2,97614,13180.0,13250.0,151380,4,1,100000,13130.0,13260.0,90000,1,1,100000,13120.0,13270.0,1000,1,,,,,,,,,,,,,,,,
66214092362179379,ضملی9044,اختیارخ فملی-26000-1405/09/04,2026-10-04T09:28:14+03:30,6300.0,12.86,5070.0,-9.17,5582.0,5710.0,4500.0,6300.0,85.0,2306.0,11690999000.0,100000.0,1,0.0,,1.0,27,اختیار معامله,,,,,,,,,,,,,,,,2306.0,38,11691420.0,0.0,0,0.0,2306.0,34,11691420.0,0.0,0,0.0,307668.94736842107,343865.2941176471,0.895,0.0,2,58,6102.0,6300.0,5,1,1,10,6100.0,6390.0,6,2,1,10,5900.0,6397.0,1,1,1,7,5801.0,6399.0,15,1,1,1,5700.0,6400.0,118,2,,,,,,فملی,35425587644337450,28740,26000,1000,1405/06/17,1405/09/04,52,خرید,59590,64695950000.0
66219723709595228,سیمانیا,صندوق س.بخشی صنایع داریا-ب,2026-10-04T09:28:18+03:30,41300.0,-1.25,40878.0,-2.25,41821.0,42200.0,40571.0,42200.0,10.0,3602.0,147242736.0,43075.0,40567,0.0,,1,68,صندوق,صندوق سرمایه گذاری قابل معامله,بازار فرابورس,بازار ابزارهاي نوين مالي فرابورس,1083.1,,0.0,200000000.0,,975646.0,39870.0,42304.0,17001.0,43100.0,2026-10-03,8175600000000.0,670.0,5,27388260.0,2932.0,2,119854296.0,3602.0,5,147242556.0,0.0,0,0.0,5477652.0,29448511.2,0.186,-119854296.0,2,2300,40610.0,41100.0,1000,1,1,100000,40600.0,41300.0,5000,1,1,25,40581.0,41848.0,10000,1,3,28200,40580.0,41849.0,904,2,1,1000,40572.0,41850.0,3500,2,,41467.0,41880.0,2026-10-04T09:12:11+03:30,-1.42,,,,,,,,,,,
66220730726109607,طلوع2,صندوق س.طلوع نوین ثابت-د,2026-10-04T08:43:21+03:30,1.0,-100.0,1.0,-100.0,80144.0,1.0,1.0,1.0,1.0,5000000.0,5000000.0,1.0,1,0.0,,1,68,صندوق,صندوق سرمایه گذاری قابل معامله,بازار فرابورس,بازار ابزارهاي نوين مالي فرابورس,1067.75,,0.0,630000000.0,,5166667.0,1.0,1.0,1.0,1.0,2026-10-04,630000000.0,0.0,0,0.0,5000000.0,1,5000000.0,0.0,0,0.0,5000000.0,1,5000000.0,,,,0.0,0,0,0.0,0.0,0,0,,,,,,,,,,,,,,,,,,,,,,,,,,,,,,,,,,,,,,,,
66295665969375744,سبجنو,سیمان بجنورد,2026-10-04T09:26:11+03:30,57080.0,0.88,57800.0,2.16,56580.0,58270.0,56750.0,58270.0,43.0,123567.0,7142754430.0,58270.0,54890,8801.0,6.6,1,53,سهم,سیمان، آهک و گچ,بازار بورس,بازار دوم (تابلوی اصلی) بورس,7.7,8801.0,18730.566,2000000000.0,11.0,1510449.0,51210.0,55150.0,27410.0,56370.0,2026-10-03,115600000000000.0,123567.0,20,7142172600.0,0.0,0,0.0,119057.0,25,6881494600.0,4510.0,1,260678000.0,357108630.0,275259784.0,1.297,260678000.0,3,20445,57600.0,57950.0,600,3,1,10000,57220.0,57980.0,1504,2,1,30000,57210.0,58000.0,375,1,2,10088,57200.0,58140.0,14662,1,1,1500,57110.0,58240.0,3000,1,,,,,,,,,,,,,,,,
66305369579423152,اتکاسا,بیمه اتکایی سامان,2026-10-04T09:21:09+03:30,6240.0,-2.95,6290.0,-2.18,6430.0,6430.0,6240.0,6430.0,14.0,86000.0,540840000.0,6620.0,6240,889.0,7.1,1,66,سهم,بیمه وصندوق بازنشستگی به جزتامین اجتماعی,بازار فرابورس,بازار دوم فرابورس,18.62,889.0,0.0,5000000000.0,,2907593.0,6420.0,7090.0,2669.0,7090.0,2026-10-04,31450000000000.0,26000.0,4,163540000.0,60000.0,1,377400000.0,86000.0,8,540940000.0,0.0,0,0.0,40885000.0,67617500.0,0.605,-377400000.0,0,0,0.0,6240.0,588123,8,0,0,0.0,6300.0,146097,2,0,0,0.0,6320.0,2036,1,0,0,0.0,6410.0,60000,2,0,0,0.0,6420.0,250000,1,صف فروش,,,,,,,,,,,,,,,
66315581735594751,توسن,توسعه سامانه ی نرم افزاری نگین,2026-10-04T09:29:04+03:30,14450.0,2.99,14450.0,2.99,14030.0,14450.0,14370.0,14450.0,414.0,9405982.0,135895317550.0,14450.0,13610,2242.0,6.4,1,72,سهم,رایانه و فعالیتهای وابسته به آن,بازار فرابورس,بازار اول فرابورس,9.48,2242.0,0.0,7500000000.0,,34137806.0,12890.0,14040.0,3097.0,14040.0,2026-10-04,108375000000000.0,5805982.0,125,83896439900.0,3600000.0,2,52020000000.0,8105982.0,167,117131439900.0,1300000.0,1,18785000000.0,671171519.2,701385867.6646706,0.957,-33235000000.0,157,8134870,14450.0,0.0,0,0,1,349,14390.0,0.0,0,0,4,6720,14380.0,0.0,0,0,2,23056,14360.0,0.0,0,0,3,220000,14350.0,0.0,0,0,صف خرید,,,,,,,,,,,,,,,
66416853783916493,دی,بانک دی,2026-10-04T09:29:51+03:30,1785.0,-2.99,1785.0,-2.99,1840.0,1785.0,1785.0,1785.0,488.0,158059572.0,282136336020.0,1895.0,1785,414.0,4.3,1,57,سهم,بانکها و موسسات اعتباری,بازار پایه فرابورس,بازار پایه زرد فرابورس,0.0,414.0,0.0,135000000000.0,,563088889.0,0.0,0.0,608.0,1788.0,2026-10-03,240975000000000.0,62858859.0,147,112203063315.0,80200000.0,2,143157000000.0,143058859.0,94,255360063315.0,0.0,0,0.0,763286145.0,2716596418.244681,0.281,-143157000000.0,1,30000,1686.0,1785.0,935289549,1618,1,200000,1684.0,1786.0,435929,4,1,140649,1588.0,1788.0,1007000,2,1,100000,1543.0,1790.0,10273,1,1,283869,1404.0,1800.0,1943384,12,,,,,,,,,,,,,,,,
66450490505950110,ددام,داروسازی زاگرس فارمد پارس,2026-10-04T09:29:48+03:30,12610.0,-2.93,12610.0,-2.93,12990.0,12620.0,12610.0,12620.0,155.0,2687840.0,33897764440.0,13370.0,12610,887.0,14.2,1,43,سهم,مواد و محصولات دارویی,بازار بورس,بازار دوم (تابلوی اصلی) بورس,14.87,887.0,4711.988,2820590000.0,18.0,17008249.0,12730.0,13580.0,3900.0,14980.0,2026-10-03,35567639900000.0,1871340.0,69,23597597400.0,816000.0,1,10289760000.0,2687340.0,31,33887357400.0,0.0,0,0.0,341994165.2173913,1093140561.2903225,0.313,-10289760000.0,0,0,0.0,12610.0,7442796,133,0,0,0.0,12620.0,44906,2,0,0,0.0,12880.0,2000,1,0,0,0.0,12890.0,600,1,0,0,0.0,12910.0,5000,1,صف فروش,,,,,,,,,,,,,,,
66456062140680461,ثامان,سامان گستراصفهان,2026-10-04T09:29:40+03:30,28970.0,2.99,28910.0,2.77,28130.0,28800.0,28400.0,28970.0,502.0,5999269.0,173438566710.0,28970.0,27290,1764.0,16.4,1,70,سهم,انبوه سازی، املاک و مستغلات,بازار بورس,بازار دوم (تابلوی اصلی) بورس,7.06,1764.0,0.0,700000000.0,66.0,8318618.0,27230.0,28910.0,18120.0,82600.0,2026-10-03,20237000000000.0,5995269.0,170,173323226790.0,0.0,0,0.0,4718446.0,171,136410273860.0,1276823.0,2,36912952930.0,1019548392.882353,797720899.7660819,1.278,36912952930.0,184,4153880,28970.0,0.0,0,0,4,20297,28960.0,0.0,0,0,4,19465,28950.0,0.0,0,0,1,6483,28940.0,0.0,0,0,1,18241,28910.0,0.0,0,0,صف خرید,,,,,,,,,,,,,,,
66565762259123454,ذرت,زرین ذرت شاهرود,2026-10-04T09:29:52+03:30,9520.0,-1.14,9540.0,-0.93,9630.0,9680.0,9430.0,9690.0,2280.0,11896251.0,113433269930.0,9910.0,9350,1019.0,9.4,1,42,سهم,محصولات غذایی و آشامیدنی به جز قند و شکر,بازار فرابورس,بازار دوم فرابورس,7.69,1019.0,4587.085,7700000000.0,,38022408.0,9400.0,9980.0,8330.0,27780.0,2026-10-04,73458000000000.0,8616801.0,310,82204281540.0,3264684.0,1,31145085360.0,11881086.0,1662,113345560440.0,399.0,1,3806460.0,265175101.7419355,68198291.4801444,3.888,-31141278900.0,1,82521,9560.0,9570.0,7111,11,7,32720,9520.0,9580.0,3054,9,4,107537,9510.0,9590.0,2756,9,6,347483,9500.0,9600.0,7648,14,6,365945,9490.0,9620.0,15292,5,,,,,,,,,,,,,,,,
66599109405217136,گکوثر,هتل پارسیان کوثر اصفهان,2026-10-04T09:04:07+03:30,6820.0,2.87,6820.0,2.87,6630.0,6820.0,6820.0,6820.0,51.0,5590765.0,38129017300.0,6820.0,6440,257.0,26.5,1,55,سهم,هتل و رستوران,بازار فرابورس,بازار اول فرابورس,5.11,257.0,0.0,3829326575.0,,25225136.0,6210.0,6630.0,2071.0,6630.0,2026-10-04,26116007241500.0,5590765.0,25,38129017300.0,0.0,0,0.0,5542667.0,14,37800988940.0,48098.0,1,328028360.0,1525160692.0,2700070638.571429,0.565,328028360.0,39,7041506,6820.0,0.0,0,0,1,10000,6670.0,0.0,0,0,1,20000,6660.0,0.0,0,0,1,30000,6650.0,0.0,0,0,1,40000,6640.0,0.0,0,0,صف خرید,,,,,,,,,,,,,,,
66682662312253625,آساس,صندوق س.آسمان آرمانی سهام-س,2026-10-04T09:28:34+03:30,128000.0,0.26,127517.0,-0.12,127664.0,127664.0,126700.0,129230.0,78.0,192047.0,24489302125.0,131493.0,123835,0.0,,1,68,صندوق,صندوق سرمایه گذاری قابل معامله,بازار فرابورس,بازار ابزارهاي نوين مالي فرابورس,1082.94,,0.0,1000000000.0,,2208706.0,121444.0,129023.0,49460.0,129023.0,2026-10-03,127517000000000.0,26594.0,21,3391187098.0,165453.0,3,21098070201.0,169114.0,31,21564909938.0,22933.0,2,2924347361.0,161485099.90476188,695642256.0645161,0.232,-18173722840.0,1,218,128006.0,128999.0,10500,2,1,20000,128005.0,129000.0,2000,1,1,300,128004.0,129215.0,4780,1,1,3172,128003.0,129220.0,5000,1,1,40,128001.0,129228.0,1834,1,,128060.0,129057.0,2026-10-04T09:12:14+03:30,-0.42,,,,,,,,,,,
66684454927999933,طسپا8085,اختیارف خساپا-550-1405/08/27,2026-10-04T09:19:18+03:30,27.0,145.45,27.0,145.45,11.0,27.0,27.0,27.0,2.0,10.0,270000.0,100000.0,1,0.0,,1.0,34,اختیار معامله,,,,,,,,,,,,,,,,10.0,1,270.0,0.0,0,0.0,10.0,1,270.0,0.0,0,0.0,270.0,270.0,1.0,0.0,2,220,1.0,27.0,790,1,0,0,0.0,30.0,100,1,0,0,0.0,0.0,0,0,0,0,0.0,0.0,0,0,0,0,0.0,0.0,0,0,,,,,,خساپا,44891482026867833,686,550,1000,1405/05/31,1405/08/27,45,فروش,2029,6760000.0
66721204145017523,ثمین,صندوق س. ثروت افزون ثمین-س,2026-10-04T09:27:10+03:30,89850.0,1.5,88421.0,-0.11,88519.0,87634.0,86749.0,90800.0,14.0,12144.0,1073788467.0,91174.0,85864,0.0,,1,68,صندوق,صندوق سرمایه گذاری قابل معامله,بازار فرابورس,بازار ابزارهاي نوين مالي فرابورس,1082.94,,0.0,500000000.0,,2465703.0,83158.0,88170.0,30356.0,88170.0,2026-10-03,44210500000000.0,12144.0,9,1073784624.0,0.0,0,0.0,12144.0,4,1073784624.0,0.0,0,0.0,119309402.66666666,268446156.0,0.444,0.0,4,9150,86754.0,89850.0,3203,1,1,1150,86753.0,89899.0,5588,1,1,1170,86751.0,89970.0,1240,1,1,805,86750.0,90498.0,1000,1,1,5000,85901.0,90499.0,29998,2,,,,,,,,,,,,,,,,
66726992874614788,دتوزیع,توزیع دارو پخش,2026-10-04T09:23:19+03:30,7360.0,2.94,7360.0,2.94,7150.0,7360.0,7360.0,7360.0,77.0,5283381.0,38885684160.0,7360.0,6940,739.0,10.0,1,43,سهم,مواد و محصولات دارویی,بازار فرابورس,بازار دوم فرابورس,10.25,739.0,0.0,30000000000.0,,45049773.0,6750.0,7150.0,1655.0,7150.0,2026-10-04,220800000000000.0,5283381.0,23,38885684160.0,0.0,0,0.0,656562.0,32,4832296320.0,4626819.0,3,34053387840.0,1690681920.0,151009260.0,11.196,34053387840.0,2151,484721642,7360.0,0.0,0,0,4,88366,7350.0,0.0,0,0,1,68715,7250.0,0.0,0,0,2,2500,7220.0,0.0,0,0,4,338300,7200.0,0.0,0,0,صف خرید,,,,,,,,,,,,,,,
66772024744156373,فباهنر,مس شهیدباهنر,2026-10-04T09:29:48+03:30,12460.0,-1.66,12300.0,-2.92,12670.0,12310.0,12290.0,12500.0,2397.0,29475653.0,362586546430.0,13050.0,12290,1069.0,11.5,1,27,سهم,فلزات اساسی,بازار بورس,بازار اول (تابلوی اصلی) بورس,15.04,1069.0,12211.215,24583331714.0,27.0,71812701.0,12080.0,13000.0,5760.0,14110.0,2026-10-03,302374980082200.0,22626447.0,1123,278305298100.0,6836653.0,6,84090831900.0,29263100.0,625,359936130000.0,200000.0,1,2460000000.0,247823061.53161174,575897808.0,0.43,-81630831900.0,6,109378,12450.0,12460.0,162060,5,3,99190,12440.0,12470.0,55000,2,15,164948,12420.0,12480.0,64243,4,5,117088,12410.0,12490.0,150000,2,9,344968,12400.0,12500.0,103450,4,,,,,,,,,,,,,,,,
66790687790437196,وگردش,بانک گردشگری,2026-10-04T09:29:48+03:30,1817.0,2.95,1790.0,1.42,1765.0,1784.0,1720.0,1817.0,2805.0,602668630.0,1079003419583.0,1817.0,1713,1032.0,1.7,1,57,سهم,بانکها و موسسات اعتباری,بازار فرابورس,بازار دوم فرابورس,10.52,1032.0,0.0,159450000000.0,,418708765.0,1665.0,1765.0,649.0,1816.0,2026-10-04,285415500000000.0,567903921.0,493,1016548018590.0,29640506.0,9,53056505740.0,560487898.0,782,1003273337420.0,37056529.0,4,66331186910.0,2061963526.5517242,1282958231.994885,1.607,13274681170.0,330,182775607,1817.0,0.0,0,0,16,4981397,1816.0,0.0,0,0,1,10000,1815.0,0.0,0,0,1,10000,1814.0,0.0,0,0,3,91195,1811.0,0.0,0,0,صف خرید,,,,,,,,,,,,,,,
66818022341772870,اعتماد,صندوق س.اعتماد آفرین پارسیان-د,2026-10-04T09:29:33+03:30,141665.0,0.13,141666.0,0.13,141485.0,141665.0,141665.0,141666.0,374.0,6851923.0,970681857217.0,145729.0,137241,0.0,,1,68,صندوق,صندوق سرمایه گذاری قابل معامله,بازار فرابورس,بازار ابزارهاي نوين مالي فرابورس,1067.75,,0.0,4000000000.0,,112466045.0,141123.0,141485.0,103026.0,141485.0,2026-10-04,566664000000000.0,3372522.0,76,477771701652.0,3470980.0,2,491719852680.0,2495408.0,219,353514469728.0,4348094.0,4,615977084604.0,6286469758.578948,1614221322.958904,3.894,124257231924.0,2,67546068,141665.0,141666.0,10992606,22,1,1000000,141664.0,141667.0,2000000,1,1,1000000,141663.0,141668.0,2000300,2,1,1000000,141662.0,141669.0,2000000,1,2,1170767,141661.0,141670.0,2000000,1,,142948.0,143047.0,2026-10-04T09:11:40+03:30,-0.9,,,,,,,,,,,
66830065858417081,ولانا,شرکت لیزینگ آریا دانا,2026-10-04T09:27:20+03:30,4910.0,-2.58,4890.0,-2.98,5040.0,4910.0,4890.0,4910.0,32.0,1156166.0,5655103700.0,5190.0,4890,-5.0,-978.0,1,58,سهم,سایر واسطه گریهای مالی,بازار پایه فرابورس,بازار پایه زرد فرابورس,0.0,-5.0,0.0,1000000000.0,,9383286.0,4890.0,5360.0,3480.0,38000.0,2026-10-03,4890000000000.0,1156166.0,14,5653651740.0,0.0,0,0.0,1156166.0,9,5653651740.0,0.0,0,0.0,403832267.14285713,628183526.6666666,0.643,0.0,1,25000,4910.0,5040.0,14337,1,2,37000,4900.0,5050.0,12000,2,3,136653,4890.0,5080.0,106000,1,0,0,0.0,5120.0,25000,1,0,0,0.0,5140.0,96960,5,,,,,,,,,,,,,,,,
66929476371860041,طستا7065,اختیارف شستا-4000-1405/07/15,2026-10-04T09:29:48+03:30,288.0,-1.37,338.0,15.75,292.0,340.0,276.0,394.0,318.0,91988.0,31070995000.0,100000.0,1,0.0,,1.0,39,اختیار معامله,,,,,,,,,,,,,,,,90987.0,52,30753606.0,1000.0,1,338000.0,91987.0,63,31091606.0,0.0,0,0.0,591415.5,493517.55555555556,1.198,-338000.0,1,510,288.0,299.0,1000,1,2,142,287.0,300.0,1000,1,2,1695,276.0,301.0,1755,4,2,11,275.0,316.0,1250,2,3,1007,270.0,321.0,250,1,,,,,,شستا,2400322364771558,3580,4000,1000,1405/06/28,1405/07/15,3,فروش,222312,304570980000.0
67030488744129337,قپیرا,فرآوردههایغداییوقندپیرانشهر,2026-10-04T09:28:47+03:30,22780.0,-2.98,22790.0,-2.94,23480.0,22780.0,22780.0,22940.0,105.0,440408.0,10036624620.0,24180.0,22780,2920.0,7.8,1,38,سهم,قند و شکر,بازار بورس,بازار اول (تابلوی فرعی) بورس,10.01,2920.0,16672.512,2529129000.0,23.0,2092676.0,24160.0,25350.0,8210.0,26290.0,2026-10-03,57638849910000.0,368773.0,61,8404336670.0,71635.0,2,1632561650.0,440408.0,27,10036898320.0,0.0,0,0.0,137776010.98360655,371736974.8148148,0.371,-1632561650.0,2,21700,22780.0,23330.0,15818,2,1,969,17370.0,23380.0,4281,2,0,0,0.0,23440.0,41624,1,0,0,0.0,23450.0,7005,1,0,0,0.0,23470.0,2000,1,,,,,,,,,,,,,,,,
67085405784697641,ضبساما730,اختیارخ بساما-12000-14050726,2026-10-04T09:24:08+03:30,1468.0,25.26,1131.0,-3.5,1172.0,1047.0,1047.0,1468.0,4.0,150.0,169690000.0,1000000.0,1,0.0,,1.0,66,اختیار معامله,,,,,,,,,,,,,,,,150.0,3,169650.0,0.0,0,0.0,30.0,1,33930.0,120.0,2,135720.0,56550.0,33930.0,1.667,135720.0,1,20,1071.0,1299.0,80,1,1,50,1070.0,1300.0,20,1,1,1,1060.0,1370.0,79,1,1,10,1048.0,1400.0,1346,3,1,200,1047.0,1448.0,20,1,,,,,,بساما,41625340598198551,15090,12000,1000,1405/05/11,1405/07/26,14,خرید,84944,2262000000.0
67126881188552864,رمپنا,گروه مپنا (سهامی عام),2026-10-04T09:29:48+03:30,12480.0,2.97,12480.0,2.97,12120.0,12480.0,12480.0,12480.0,856.0,36535663.0,455965074240.0,12480.0,11760,2442.0,5.1,1,74,سهم,خدمات فنی و مهندسی,بازار بورس,بازار دوم (تابلوی اصلی) بورس,4.93,2442.0,0.0,180000000000.0,20.0,22653464.0,0.0,0.0,11970.0,35030.0,2026-10-03,2246400000000000.0,18219212.0,23,227375765760.0,17100000.0,3,213408000000.0,6309702.0,101,78745080960.0,29009510.0,6,362038684800.0,9885902859.130436,779654266.930693,12.68,148630684800.0,978,80832344,12480.0,17500.0,20000,1,1,450,12400.0,22880.0,26000,3,1,500,12380.0,0.0,0,0,1,28728,12210.0,0.0,0,0,1,95565,12200.0,0.0,0,0,,,,,,,,,,,,,,,,
67141987086032267,موج,ص.س.اهرمی موج فیروزه-س,2026-10-04T09:29:52+03:30,100100.0,2.83,97922.0,0.59,97346.0,97000.0,95111.0,100429.0,5168.0,54426233.0,5329513215189.0,101239.0,93453,0.0,,1,68,صندوق,صندوق سرمایه گذاری قابل معامله,بازار فرابورس,-',1082.9,,0.0,2500000000.0,,122354714.0,87331.0,95108.0,21045.0,96896.0,2026-10-03,244805000000000.0,51221037.0,1587,5015666385114.0,3078281.0,7,301431432082.0,52630072.0,1304,5153641910384.0,1669246.0,6,163455906812.0,3160470311.9810963,3952179379.1288342,0.8,-137975525270.0,3,5508,99954.0,99999.0,163243,2,1,4991,99942.0,100000.0,213300,4,2,13908,99904.0,100001.0,99934,1,6,224777,99800.0,100020.0,86027,2,1,844,99787.0,100200.0,81495,3,,118521.0,120220.0,2026-10-04T09:12:09+03:30,-17.38,,,,,,,,,,,
67170215467608124,زنگان,صنعت روی زنگان,2026-10-04T09:29:35+03:30,9010.0,-2.91,9140.0,-1.51,9280.0,9010.0,9010.0,9410.0,324.0,5448201.0,49772986300.0,9550.0,9010,403.0,22.7,1,27,سهم,فلزات اساسی,بازار فرابورس,بازار دوم فرابورس,8.67,403.0,2361.2954,1467002000.0,,7944313.0,9010.0,9420.0,3600.0,9420.0,2026-10-04,13408398280000.0,5396404.0,127,49323132560.0,50242.0,1,459211880.0,5446646.0,80,49782344440.0,0.0,0,0.0,388371122.51968503,622279305.5,0.624,-459211880.0,1,563,8890.0,9010.0,4125542,48,1,1000,6600.0,9040.0,12000,1,1,5000,6500.0,9120.0,50000,1,1,10000,5900.0,9280.0,71490,1,1,30000,5590.0,9290.0,33544,4,,,,,,,,,,,,,,,,
67206358287598044,کهمدا,شیشه همدان,2026-10-04T09:29:44+03:30,6420.0,0.78,6340.0,-0.47,6370.0,6390.0,6190.0,6480.0,268.0,9686822.0,61452125310.0,6560.0,6180,981.0,6.5,1,54,سهم,سایر محصولات کانی غیرفلزی,بازار بورس,بازار اول (تابلوی اصلی) بورس,14.8,981.0,2133.7166,16500000000.0,49.0,40660095.0,6020.0,6380.0,1427.0,6380.0,2026-10-04,104610000000000.0,9522640.0,96,60373537600.0,0.0,0,0.0,8822640.0,98,55935537600.0,700000.0,2,4438000000.0,628891016.6666667,570770791.8367348,1.102,4438000000.0,1,82700,6370.0,6420.0,175711,4,1,300000,6360.0,6450.0,314800,4,6,243256,6350.0,6460.0,600000,2,2,13991,6340.0,6470.0,107014,2,3,315656,6330.0,6480.0,304136,4,,,,,,,,,,,,,,,,
67213778593531096,وامیر,گروه صنعتی و معدنی امیر,2026-10-04T09:29:26+03:30,12050.0,1.77,12020.0,1.52,11840.0,12180.0,11700.0,12180.0,171.0,3478523.0,41817020420.0,12190.0,11490,598.0,20.1,1,13,سهم,استخراج کانه های فلزی,بازار پایه فرابورس,بازار پایه زرد فرابورس,0.0,598.0,0.0,6300000000.0,,9481125.0,10670.0,11560.0,3000.0,12050.0,2026-10-03,75726000000000.0,3478523.0,71,41811846460.0,0.0,0,0.0,3478523.0,62,41811846460.0,0.0,0,0.0,588899245.9154929,674384620.3225807,0.873,0.0,2,22239,12020.0,12050.0,74550,1,1,10699,12010.0,12090.0,70000,1,2,20880,11870.0,12100.0,190128,4,6,392500,11840.0,12110.0,34905,2,1,65866,11830.0,12120.0,100000,1,,,,,,,,,,,,,,,,
67244978897607661,وپایا,سرمایه گذاری پایا تدبیرپارسا,2026-10-04T09:29:42+03:30,2241.0,2.99,2241.0,2.99,2176.0,2241.0,2241.0,2241.0,108.0,6409766.0,14364285606.0,2241.0,2111,235.0,9.5,1,56,سهم,سرمایه گذاریها,بازار فرابورس,بازار دوم فرابورس,8.88,235.0,0.0,13000000000.0,,17777184.0,2052.0,2176.0,1030.0,2176.0,2026-10-04,29133000000000.0,6409466.0,10,14363613306.0,0.0,0,0.0,171480.0,86,384286680.0,6237986.0,2,13979326626.0,1436361330.6,4468449.76744186,321.445,13979326626.0,130,95736823,2241.0,0.0,0,0,1,181441,2115.0,0.0,0,0,1,4096,1824.0,0.0,0,0,1,3126,1675.0,0.0,0,0,1,3256,1642.0,0.0,0,0,صف خرید,,,,,,,,,,,,,,,
67245068099249026,تسه1403,امتیاز تسهیلات مسکن سال1403,2026-10-04T09:29:41+03:30,1237380.0,3.0,1237380.0,3.0,1201340.0,1237380.0,1237380.0,1237380.0,61.0,6221.0,7697740980.0,1237380.0,1165300,0.0,,1,59,سهم,اوراق حق تقدم استفاده از تسهیلات مسکن,بازار فرابورس,بازار ابزارهاي نوين مالي فرابورس,0.0,,0.0,4427343.0,,19118.0,1095000.0,1170385.0,741000.0,1700000.0,2026-10-03,5478305681340.0,6069.0,4,7509659220.0,0.0,0,0.0,2871.0,53,3552517980.0,3198.0,1,3957141240.0,1877414805.0,67028641.13207547,28.009,3957141240.0,9,5746,1237380.0,1238113.0,26,1,1,20,1203575.0,1712492.0,100,2,1,100,1165300.0,1725012.0,100,2,1,500,777186.0,0.0,0,0,0,0,0.0,0.0,0,0,,,,,,,,,,,,,,,,
67261627618765635,خودران,صندوق س صنایع مفید2-بخشی,2026-10-04T09:29:48+03:30,16542.0,2.07,16265.0,0.36,16207.0,16220.0,15830.0,16580.0,721.0,13927442.0,226525242980.0,16693.0,15721,0.0,,1,68,صندوق,صندوق سرمایه گذاری قابل معامله,بازار بورس,بازار صندوق های قابل معامله,0.0,,0.0,2000000000.0,,28691972.0,15480.0,16329.0,9030.0,17134.0,2026-10-03,32530000000000.0,13456860.0,187,218875827900.0,413637.0,2,6727805805.0,11756860.0,194,191225327900.0,2113637.0,2,34378305805.0,1170458972.7272727,985697566.4948454,1.187,27650500000.0,3,20200,16523.0,16539.0,215791,2,4,40000,16521.0,16542.0,2000,1,1,7000,16520.0,16560.0,171053,2,1,1000,16500.0,16563.0,74600,2,18,73142,16491.0,16564.0,50000,1,,15729.0,15886.0,2026-10-04T09:12:01+03:30,3.41,,,,,,,,,,,
67327029014085707,سخزر,سیمان خزر,2026-10-04T09:29:32+03:30,6870.0,-2.83,6890.0,-2.55,7070.0,7050.0,6860.0,7070.0,200.0,6558166.0,45182035510.0,7280.0,6860,822.0,8.4,1,53,سهم,سیمان، آهک و گچ,بازار بورس,بازار اول (تابلوی اصلی) بورس,7.69,822.0,3285.5706,9300000000.0,28.0,29560017.0,6600.0,6960.0,3794.0,7280.0,2026-10-03,64077000000000.0,6363331.0,77,43843350590.0,194835.0,2,1342413150.0,6538166.0,71,45047963740.0,20000.0,1,137800000.0,569394163.5064934,634478362.5352113,0.897,-1204613150.0,2,6384,6890.0,6940.0,52963,3,13,95725,6870.0,6960.0,2000,1,38,493374,6860.0,6990.0,3698,1,1,732,6840.0,7000.0,3000,2,2,1741,6760.0,7010.0,206730,1,,,,,,,,,,,,,,,,
67444038023709774,اراد233,مرابحه عام دولت233-ش.خ061001,2026-10-04T09:16:31+03:30,874500.0,0.13,874500.0,0.13,873400.0,874500.0,874500.0,874500.0,2.0,215000.0,188017500000.0,899600.0,847200,0.0,,1.0,69,اوراق بدهی,,,,,,,,,,,,,,,,0.0,0,0.0,215000.0,1,188017500000.0,0.0,0,0.0,215000.0,1,188017500000.0,,,,0.0,0,0,0.0,874500.0,3230000,4,0,0,0.0,0.0,0,0,0,0,0.0,0.0,0,0,0,0,0.0,0.0,0,0,0,0,0.0,0.0,0,0,,,,,,,,,,,,,,,,
67455383896188985,جوانه کوچک,صندوق س.جوانه کوچک گندم-سهام,2026-10-04T09:28:30+03:30,34201.0,0.04,33929.0,-0.76,34188.0,33422.0,33404.0,34509.0,201.0,2608891.0,88518158995.0,35213.0,33163,0.0,,1,68,صندوق,صندوق سرمایه گذاری قابل معامله,بازار بورس,بازار صندوق های قابل معامله,0.0,,0.0,1200000000.0,,11976512.0,32676.0,34525.0,11360.0,34525.0,2026-10-03,40714800000000.0,665166.0,35,22568417214.0,1943725.0,2,65948645525.0,2489999.0,69,84483176071.0,118892.0,1,4033886668.0,644811920.4,1224393856.1014493,0.527,-61914758857.0,1,76559,34250.0,34390.0,8000,1,2,81313,34230.0,34400.0,14341,4,4,9717,34201.0,34478.0,5818,1,1,7296,34188.0,34480.0,25000,1,1,1460,34160.0,34487.0,1000,1,,34258.0,34589.0,2026-10-04T09:12:13+03:30,-0.96,,,,,,,,,,,
67522512921942106,پادا,صندوق س.پاداش سرمایه پارس-س,2026-10-04T09:29:30+03:30,16493.0,0.91,16594.0,1.52,16345.0,16597.0,16484.0,16610.0,44.0,7701095.0,127789584028.0,16835.0,15855,0.0,,1,68,صندوق,صندوق سرمایه گذاری قابل معامله,بازار فرابورس,بازار ابزارهاي نوين مالي فرابورس,1082.87,,0.0,500000000.0,,3481170.0,15785.0,16699.0,15120.0,474781.0,2026-10-03,8297000000000.0,6956427.0,8,115434949638.0,744668.0,4,12357020792.0,444737.0,7,7379965778.0,7256358.0,4,120412004652.0,14429368704.75,1054280825.4285715,13.686,108054983860.0,1,78754,16492.0,16579.0,4241,1,2,149108,16490.0,16580.0,3421,1,2,148842,16489.0,16584.0,5421,1,12,342305,16488.0,16588.0,12254,1,1,4239,16484.0,16592.0,5600,1,,16519.0,16677.0,2026-10-04T09:11:20+03:30,0.45,,,,,,,,,,,
67717913151786055,دانیک,ص.س.املاک ومستغلات نیک رای,2026-10-04T09:28:48+03:30,15786.0,2.99,15786.0,2.99,15327.0,15786.0,15786.0,15786.0,48.0,2816416.0,44459942976.0,15786.0,14868,0.0,,1,68,صندوق,صندوق سرمایه گذاری قابل معامله,بازار فرابورس,-',1053.86,,0.0,150000000.0,,17889392.0,14381.0,15448.0,10090.0,15689.0,2026-10-04,2367900000000.0,2816416.0,3,44459942976.0,0.0,0,0.0,2816416.0,39,44459942976.0,0.0,0,0.0,14819980992.0,1139998537.846154,13.0,0.0,94,13214526,15786.0,0.0,0,0,1,400,15780.0,0.0,0,0,1,135566,15431.0,0.0,0,0,6,101169,15327.0,0.0,0,0,3,130663,15200.0,0.0,0,0,صف خرید,21650.0,21650.0,2026-10-03T18:04:14+03:30,-27.09,,,,,,,,,,,
67736618887990616,طملت7047,اختیارف وبملت-1754-1405/07/22,2026-10-04T09:27:30+03:30,255.0,1.59,265.0,5.58,251.0,280.0,255.0,280.0,8.0,705.0,186730000.0,100000.0,1,0.0,,1.0,57,اختیار معامله,,,,,,,,,,,,,,,,455.0,2,120575.0,250.0,1,66250.0,705.0,3,186825.0,0.0,0,0.0,60287.5,62275.0,0.968,-66250.0,1,100,251.0,260.0,91,1,1,1000,250.0,278.0,740,1,3,300,230.0,280.0,470,1,1,1000,220.0,305.0,2,1,1,1000,200.0,310.0,149,1,,,,,,وبملت,778253364357513,1459,1754,1000,1405/04/27,1405/07/22,10,فروش,18650,444690000.0
67868738676326187,اخشان,اخشان خراسان,2026-10-04T09:29:46+03:30,16710.0,-1.12,16930.0,0.18,16900.0,16420.0,16420.0,17320.0,108.0,164739.0,2788821160.0,17400.0,16400,1452.0,11.7,1,01,سهم,زراعت و خدمات وابسته,بازار فرابورس,بازار دوم فرابورس,8.72,1452.0,0.0,1100000000.0,,1446977.0,16700.0,17590.0,6860.0,19080.0,2026-10-04,18623000000000.0,101787.0,11,1723253910.0,62885.0,1,1064643050.0,101128.0,89,1712097040.0,63544.0,1,1075799920.0,156659446.36363634,19237045.393258426,8.144,11156870.0,1,572,16710.0,16830.0,1893,5,2,32591,16700.0,16960.0,31772,1,1,1283,16600.0,17200.0,67,1,1,31772,16550.0,17250.0,2945,1,4,13838,16480.0,17270.0,1000,1,,,,,,,,,,,,,,,,
67988012428906654,دارو,کارخانجاتداروپخش,2026-10-04T09:29:48+03:30,9770.0,-1.41,9800.0,-1.11,9910.0,9980.0,9620.0,9980.0,4226.0,214362845.0,2101061309350.0,10200.0,9620,841.0,11.7,1,43,سهم,مواد و محصولات دارویی,بازار بورس,بازار اول (تابلوی فرعی) بورس,14.67,841.0,3518.5615,51800000000.0,13.0,66760078.0,9350.0,9910.0,1531.0,9910.0,2026-10-04,507640000000000.0,191366990.0,1691,1875396502000.0,22367244.0,19,219198991200.0,195919578.0,893,1920011864400.0,17814656.0,13,174583628800.0,1109045832.0520403,2150069277.043673,0.516,-44615362400.0,3,115230,9760.0,9770.0,545651,14,17,819817,9750.0,9780.0,160506,3,3,310114,9740.0,9790.0,135176,7,13,174096,9730.0,9800.0,286735,18,1,245162,9720.0,9810.0,1100,1,,,,,,,,,,,,,,,,
68117765376081366,وتوس,توسعهشهریتوسگستر,2026-10-04T09:25:36+03:30,7570.0,-2.82,7580.0,-2.7,7790.0,7900.0,7560.0,7990.0,72.0,541788.0,4104525400.0,8020.0,7560,381.0,19.9,1,70,سهم,انبوه سازی، املاک و مستغلات,بازار بورس,بازار دوم (تابلوی اصلی) بورس,7.06,381.0,0.0,3200000000.0,15.0,4383483.0,7500.0,8040.0,5060.0,11100.0,2026-10-03,24256000000000.0,541788.0,41,4106753040.0,0.0,0,0.0,541788.0,21,4106753040.0,0.0,0,0.0,100164708.29268293,195559668.57142857,0.512,0.0,3,8318,7580.0,7760.0,16056,4,4,42000,7570.0,7780.0,1000,1,11,219416,7560.0,7790.0,2661,2,1,1500,7450.0,7800.0,20000,3,1,736,7440.0,7850.0,1000,1,,,,,,,,,,,,,,,,
68170146919557967,طستا7059,اختیارف شستا-2600-1405/07/15,2026-10-04T09:27:30+03:30,2.0,100.0,1.0,0.0,1.0,1.0,1.0,2.0,49.0,35505.0,35545000.0,100000.0,1,0.0,,1.0,39,اختیار معامله,,,,,,,,,,,,,,,,35505.0,4,35505.0,0.0,0,0.0,25505.0,3,25505.0,10000.0,1,10000.0,8876.25,8501.666666666666,1.044,10000.0,9,7614,1.0,2.0,31099,32,0,0,0.0,10.0,540,1,0,0,0.0,40.0,467,1,0,0,0.0,49.0,4000,4,0,0,0.0,52.0,60,2,,,,,,شستا,2400322364771558,3580,2600,1000,1405/04/10,1405/07/15,3,فروش,415845,126645750000.0
68203878405672734,صنوین,صندوق سرمایهگذاری صنوین-مختلط,2026-10-04T09:29:40+03:30,617817.0,0.0,617964.0,0.02,617817.0,636350.0,617817.0,636350.0,21.0,4814.0,2974879533.0,636351.0,599283,0.0,,1,68,صندوق,صندوق سرمایه گذاری قابل معامله,بازار بورس,بازار صندوق های قابل معامله,0.0,,0.0,100000000.0,,36975.0,583903.0,613200.0,293450.0,613200.0,2026-10-03,61796400000000.0,231.0,7,142749684.0,4408.0,1,2723985312.0,4639.0,8,2866734996.0,0.0,0,0.0,20392812.0,358341874.5,0.057,-2723985312.0,1,3140,617817.0,634966.0,1429,1,1,2000,601921.0,634967.0,166,1,1,3,600052.0,634968.0,316,1,1,20,600051.0,634970.0,1787,2,1,16,600000.0,634974.0,85,1,,613537.0,617165.0,2026-10-04T09:11:40+03:30,0.72,,,,,,,,,,,
68267727062585934,طخود8058,اختیارف خودرو-550-1405/08/06,2026-10-04T09:28:53+03:30,4.0,-33.33,5.0,-16.67,6.0,6.0,4.0,6.0,38.0,13402.0,70440000.0,100000.0,1,0.0,,1.0,34,اختیار معامله,,,,,,,,,,,,,,,,13302.0,11,66510.0,100.0,1,500.0,13402.0,7,67010.0,0.0,0,0.0,6046.363636363636,9572.857142857143,0.632,-500.0,27,25030,4.0,5.0,15618,16,44,42020,3.0,6.0,13219,16,41,41000,2.0,7.0,6000,6,93,92100,1.0,8.0,6000,6,0,0,0.0,9.0,5973,10,,,,,,خودرو,65883838195688438,716,550,1000,1405/05/10,1405/08/06,24,فروش,474502,9485451000.0
68326919524398561,هم ارز,صندوق س.سهم نگر جام جم-س,2026-10-04T09:28:50+03:30,20376.0,0.0,20432.0,0.27,20376.0,20986.0,20376.0,20986.0,19.0,394291.0,8055957916.0,20987.0,19765,0.0,,1,68,صندوق,صندوق سرمایه گذاری قابل معامله,بازار فرابورس,بازار ابزارهاي نوين مالي فرابورس,1082.82,,0.0,200000000.0,,2084723.0,18794.0,20209.0,8390.0,20209.0,2026-10-03,4086400000000.0,344191.0,10,7032510512.0,50100.0,2,1023643200.0,394291.0,4,8056153712.0,0.0,0,0.0,703251051.1999999,2014038428.0,0.349,-1023643200.0,1,24374,20174.0,20376.0,290262,1,1,17513,20173.0,20700.0,50000,1,2,740,20172.0,20790.0,50000,1,1,23000,19971.0,20870.0,130000,1,1,100000,19970.0,20877.0,40000,1,,21105.0,21318.0,2026-10-03T03:31:38+03:30,-3.19,,,,,,,,,,,
68347423518804677,نیروترانسفو,کارخانجات تولیدی نیروترانسفو,2026-10-04T09:29:51+03:30,25420.0,2.96,24180.0,-2.07,24690.0,24560.0,23950.0,24870.0,969.0,5660203.0,136858438030.0,25430.0,23950,2731.0,8.9,1,31,سهم,ماشین آلات و دستگاههای برقی,بازار فرابورس,بازار دوم فرابورس,5.74,2731.0,8620.9375,3000000000.0,,14114411.0,24500.0,26470.0,8060.0,30140.0,2026-10-04,72540000000000.0,4111197.0,193,99408743460.0,1240973.0,3,30006727140.0,2959924.0,572,71570962320.0,2392246.0,3,57844508280.0,515071209.63730574,125124060.0,4.116,27837781140.0,3,1549,24170.0,25430.0,376687,70,1,95542,24160.0,25530.0,199,1,2,107500,24150.0,25790.0,1200,1,2,727,24110.0,25860.0,2011,1,4,21087,23980.0,25880.0,201,1,,,,,,,,,,,,,,,,
68488673556087148,فپنتا,سپنتا,2026-10-04T09:29:45+03:30,50760.0,2.98,50760.0,2.98,49290.0,50760.0,50760.0,50760.0,171.0,1407883.0,71464141080.0,50760.0,47820,4100.0,12.4,1,27,سهم,فلزات اساسی,بازار بورس,بازار اول (تابلوی فرعی) بورس,15.04,4100.0,68402.22,1029283200.0,39.0,5226722.0,45280.0,48020.0,24960.0,53780.0,2026-10-03,52246415232000.0,586551.0,21,29773328760.0,814229.0,2,41330264040.0,1042780.0,86,52931512800.0,358000.0,1,18172080000.0,1417777560.0,615482706.9767442,2.304,-23158184040.0,353,7714214,50760.0,50850.0,1000,1,2,1500,50150.0,52410.0,150,1,1,1000,49520.0,53780.0,11257,3,1,1000,49500.0,54030.0,193,2,4,3070,49460.0,0.0,0,0,,,,,,,,,,,,,,,,
68517032834363488,شبصیر,تولیدات پتروشیمی قائد بصیر,2026-10-04T09:29:46+03:30,16320.0,-2.33,16280.0,-2.57,16710.0,16400.0,16210.0,16700.0,361.0,6585757.0,107223812430.0,17210.0,16210,2884.0,5.6,1,44,سهم,محصولات شیمیایی,بازار فرابورس,بازار دوم فرابورس,8.81,2884.0,9926.381,10000000000.0,,20590805.0,16380.0,17500.0,8130.0,20230.0,2026-10-04,162800000000000.0,4827233.0,145,78587353240.0,1641024.0,2,26715870720.0,4218257.0,59,68673223960.0,2250000.0,3,36630000000.0,541981746.4827586,1163952948.4745762,0.466,9914129280.0,2,922,16300.0,16500.0,41475,5,1,1000,16290.0,16600.0,10000,1,4,12575,16280.0,16610.0,86747,1,6,105315,16270.0,16620.0,49982,3,2,2000,16260.0,16630.0,68667,2,,,,,,,,,,,,,,,,
68536788290212877,آوید,صندوق س. مشترک امین آوید-س,2026-10-04T09:29:31+03:30,20943.0,-1.68,20974.0,-1.53,21300.0,21130.0,20942.0,21130.0,14.0,1873178.0,39287979856.0,21939.0,20661,0.0,,1,68,صندوق,صندوق سرمایه گذاری قابل معامله,بازار فرابورس,بازار ابزارهاي نوين مالي فرابورس,1082.82,,0.0,500000000.0,,2541967.0,20000.0,21139.0,9824.0,21139.0,2026-10-03,10487000000000.0,35000.0,1,734090000.0,1118263.0,1,23454448162.0,1119686.0,4,23484294164.0,33577.0,1,704243998.0,734090000.0,5871073541.0,0.125,-22750204164.0,1,500000,21124.0,21130.0,447062,1,1,101737,20942.0,21650.0,135640,1,0,0,0.0,21700.0,200000,1,0,0,0.0,21770.0,200000,1,0,0,0.0,21800.0,200000,1,,20568.0,20776.0,2026-10-04T09:13:10+03:30,1.97,,,,,,,,,,,
68635710163497089,همراه,شرکت ارتباطات سیار ایران,2026-10-04T09:29:40+03:30,9550.0,-2.25,9560.0,-2.15,9770.0,9580.0,9530.0,9700.0,145.0,1636176.0,15633726060.0,10060.0,9480,1086.0,8.8,1,64,سهم,مخابرات,بازار بورس,بازار دوم (تابلوی فرعی) بورس,8.56,1086.0,0.0,89200000000.0,11.0,37156375.0,9360.0,9850.0,3628.0,10560.0,2026-10-03,852752000000000.0,1435684.0,52,13725139040.0,199492.0,2,1907143520.0,1335176.0,45,12764282560.0,300000.0,1,2868000000.0,263944981.53846154,283650723.5555555,0.931,960856480.0,1,73714,9540.0,9550.0,16905,3,4,319460,9530.0,9680.0,100000,2,4,370000,9520.0,9690.0,20000,1,5,331020,9510.0,9700.0,26000,3,8,320400,9500.0,9710.0,5000,1,,,,,,,,,,,,,,,,
68696706057281209,اخزا501,اسنادخزانه-م1بودجه05-080225,2026-10-04T09:16:31+03:30,384760.0,-0.97,384560.0,-1.02,388520.0,384100.0,384000.0,384760.0,18.0,209417.0,80534197350.0,400170.0,376870,0.0,,1.0,69,اوراق بدهی,,,,,,,,,,,,,,,,3695.0,5,1420949200.0,205722.0,1,79112452320.0,54122.0,1,20813156320.0,155295.0,1,59720245200.0,284189840.0,20813156320.0,0.014,-19392207120.0,1,1000,384780.0,388900.0,1450,1,1,30,384760.0,389000.0,32017,1,2,1200,383500.0,389900.0,25,1,1,50000,383050.0,392000.0,200,1,1,50000,383000.0,393010.0,2000,1,,,,,,,,,,,,,,,,
68863997659126807,داتام,گروه مالی داتام,2026-10-04T09:26:37+03:30,3810.0,-2.81,3810.0,-2.81,3920.0,3810.0,3810.0,3810.0,33.0,201286.0,766899660.0,4030.0,3810,1405.0,2.7,1,56,سهم,سرمایه گذاریها,بازار بورس,بازار دوم (تابلوی اصلی) بورس,7.55,1405.0,0.0,12000000000.0,5.0,12105562.0,3730.0,4050.0,1801.0,4265.0,2026-10-03,45720000000000.0,201286.0,27,766899660.0,0.0,0,0.0,201286.0,1,766899660.0,0.0,0,0.0,28403691.111111112,766899660.0,0.037,0.0,1,30000,3730.0,3810.0,8509625,101,0,0,0.0,3850.0,5464,1,0,0,0.0,3860.0,100900,2,0,0,0.0,3920.0,1802,2,0,0,0.0,4000.0,87975,5,,,,,,,,,,,,,,,,
68872777230282083,ضذوب7034,اختیارخ ذوب-300-1405/07/22,2026-10-04T09:22:52+03:30,350.0,-5.66,350.0,-5.66,371.0,321.0,321.0,350.0,3.0,506.0,176926000.0,100000.0,1,0.0,,1.0,27,اختیار معامله,,,,,,,,,,,,,,,,26.0,2,9100.0,480.0,1,168000.0,506.0,2,177100.0,0.0,0,0.0,4550.0,88550.0,0.051,-168000.0,1,50,353.0,370.0,1010,2,1,50,352.0,390.0,30,1,2,1500,351.0,400.0,33,1,1,1000,350.0,440.0,20,1,1,6,330.0,450.0,50,1,,,,,,ذوب,71483646978964608,656,300,1000,1405/04/21,1405/07/22,10,خرید,95422,331936000.0
68909035712962732,ثباغ,شهر سازی و خانه سازی باغمیشه,2026-10-04T09:29:38+03:30,7760.0,1.57,7830.0,2.49,7640.0,7860.0,7700.0,7860.0,110.0,2643044.0,20699761750.0,7860.0,7420,1129.0,6.9,1,70,سهم,انبوه سازی، املاک و مستغلات,بازار فرابورس,بازار اول فرابورس,24.09,1129.0,0.0,4620000000.0,,13051035.0,7410.0,7860.0,3921.0,9480.0,2026-10-04,36174600000000.0,2640044.0,38,20671544520.0,0.0,0,0.0,1754649.0,39,13738901670.0,885395.0,1,6932642850.0,543988013.6842105,352279530.0,1.544,6932642850.0,1,2000,7750.0,7760.0,4541,1,3,55000,7740.0,7790.0,53060,3,2,400000,7730.0,7800.0,18000,3,5,77000,7720.0,7810.0,18472,1,1,10000,7710.0,7840.0,56835,5,,,,,,,,,,,,,,,,
68960649297297447,ضملی9038,اختیارخ فملی-15000-1405/09/04,2026-10-04T09:25:57+03:30,15000.0,4.27,14903.0,3.59,14386.0,14900.0,14900.0,15000.0,5.0,47.0,700420000.0,100000.0,1,0.0,,1.0,27,اختیار معامله,,,,,,,,,,,,,,,,1.0,1,14903.0,46.0,2,685538.0,47.0,4,700441.0,0.0,0,0.0,14903.0,175110.25,0.085,-685538.0,1,100,14930.0,15000.0,9,1,1,10,14000.0,15003.0,33,1,1,20,13500.0,16035.0,7,1,1,5,11050.0,18000.0,40,1,1,5,10051.0,27000.0,10,1,,,,,,فملی,35425587644337450,28740,15000,1000,1405/05/17,1405/09/04,52,خرید,4261,1347960000.0
68984808439842234,طهرم7062,اختیارف اهرم-62000-1405/07/29,2026-10-04T09:29:03+03:30,901.0,-15.48,889.0,-16.6,1066.0,1000.0,810.0,1000.0,5.0,335.0,297900000.0,500000.0,1,0.0,,1.0,68,اختیار معامله,,,,,,,,,,,,,,,,335.0,3,297815.0,0.0,0,0.0,335.0,4,297815.0,0.0,0,0.0,99271.66666666667,74453.75,1.333,0.0,1,20,900.0,1300.0,3,1,1,435,810.0,1399.0,570,1,1,250,805.0,1400.0,30,2,1,500,801.0,1488.0,30,1,1,100,800.0,1489.0,101,2,,,,,,اهرم,17914401175772326,72311,62000,1000,1405/05/03,1405/07/29,17,فروش,295385,6103340000.0
68991773475135927,طهرم7050,اختیارف اهرم-20000-1405/07/29,2026-10-04T09:13:07+03:30,5.0,0.0,5.0,0.0,5.0,5.0,5.0,5.0,2.0,10.0,50000.0,500000.0,1,0.0,,1.0,68,اختیار معامله,,,,,,,,,,,,,,,,10.0,1,50.0,0.0,0,0.0,10.0,1,50.0,0.0,0,0.0,50.0,50.0,1.0,0.0,1,998,4.0,14.0,100,1,2,1015,3.0,15.0,1000,1,5,4220,2.0,37.0,49,2,8,4118,1.0,38.0,5,1,0,0,0.0,50.0,984,2,,,,,,اهرم,17914401175772326,72311,20000,1000,1405/05/03,1405/07/29,17,فروش,23527,715530000.0
69066583567362240,ضجار1080,اختیارخ وتجارت-600-1405/10/23,2026-10-04T09:28:09+03:30,439.0,3.78,440.0,4.02,423.0,450.0,439.0,450.0,6.0,74.0,32560000.0,100000.0,1,0.0,,1.0,57,اختیار معامله,,,,,,,,,,,,,,,,74.0,2,32560.0,0.0,0,0.0,73.0,4,32120.0,1.0,1,440.0,16280.0,8030.0,2.027,440.0,2,40,377.0,428.0,23,1,1,500,375.0,429.0,980,1,1,1,358.0,440.0,169,1,2,201,357.0,442.0,20,1,1,1,356.0,460.0,10,1,,,,,,وتجارت,63917421733088077,899,600,1000,1405/06/21,1405/10/23,101,خرید,142901,3592000.0
69067576215760005,کاریس,صندوق س.سپند کاریزما-س,2026-10-04T09:29:42+03:30,89220.0,-0.0,88748.0,-0.53,89221.0,88002.0,88000.0,89499.0,75.0,201023.0,17840327285.0,91897.0,86545,0.0,,1,68,صندوق,صندوق سرمایه گذاری قابل معامله,بازار فرابورس,بازار ابزارهاي نوين مالي فرابورس,1082.78,,0.0,3200000000.0,,4897522.0,83150.0,88849.0,34000.0,88849.0,2026-10-03,283993600000000.0,49808.0,14,4420360384.0,149450.0,3,13263388600.0,146154.0,28,12970875192.0,53104.0,3,4712873792.0,315740027.42857146,463245542.5714286,0.682,-8550514808.0,1,18439,88890.0,89220.0,8679,2,1,14555,88880.0,89221.0,976020,1,2,100000,88870.0,89499.0,5000,1,3,130888,88850.0,89595.0,5000,1,1,19834,88402.0,89600.0,50555,2,,88675.0,89542.0,2026-10-04T09:11:56+03:30,0.08,,,,,,,,,,,
69090868458637360,دیران,ایراندارو,2026-10-04T09:28:26+03:30,21010.0,2.99,21010.0,2.99,20400.0,21010.0,21010.0,21010.0,39.0,423500.0,8897735000.0,21010.0,19790,1532.0,13.7,1,43,سهم,مواد و محصولات دارویی,بازار بورس,بازار دوم (تابلوی اصلی) بورس,14.86,1532.0,11553.561,1780000000.0,49.0,14188685.0,18680.0,19810.0,2712.0,19810.0,2026-10-03,37397800000000.0,423500.0,5,8897735000.0,0.0,0,0.0,423500.0,35,8897735000.0,0.0,0,0.0,1779547000.0,254221000.0,7.0,0.0,293,16508519,21010.0,0.0,0,0,1,1500,21000.0,0.0,0,0,2,44921,20910.0,0.0,0,0,29,217296,20400.0,0.0,0,0,5,61378,19810.0,0.0,0,0,صف خرید,,,,,,,,,,,,,,,
69143674941561637,پترول,گ.س.وت.ص.پتروشیمی خلیج فارس,2026-10-04T09:29:35+03:30,2477.0,-1.39,2443.0,-2.75,2512.0,2490.0,2437.0,2500.0,851.0,63660132.0,155521661170.0,2587.0,2437,729.0,3.4,1,44,سهم,محصولات شیمیایی,بازار بورس,بازار دوم (تابلوی اصلی) بورس,10.36,729.0,0.0,100000000000.0,24.0,281307320.0,2456.0,2569.0,1357.0,2825.0,2026-10-03,244300000000000.0,57933510.0,417,141531564930.0,5726622.0,1,13990137546.0,63660132.0,194,155521702476.0,0.0,0,0.0,339404232.44604313,801658260.1855669,0.423,-13990137546.0,1,2897,2470.0,2477.0,1124469,3,4,28091,2461.0,2479.0,2220,1,2,30250,2460.0,2483.0,400000,2,1,273378,2458.0,2488.0,48491,3,1,87945,2448.0,2489.0,100000,1,,,,,,,,,,,,,,,,
69155867302158609,بلد,ص.س.درآمد ثابت برلیان شهر-د,2026-10-04T09:27:13+03:30,11077.0,0.09,11077.0,0.09,11067.0,11077.0,11077.0,11078.0,9.0,775832.0,8593947223.0,11399.0,10735,0.0,,1,68,صندوق,صندوق سرمایه گذاری قابل معامله,بازار فرابورس,بازار ابزارهاي نوين مالي فرابورس,1067.75,,0.0,2000000000.0,,44989559.0,11035.0,11068.0,10000.0,11090.0,2026-10-04,22154000000000.0,166724.0,5,1846801748.0,609108.0,1,6747089316.0,719673.0,4,7971817821.0,56159.0,1,622073243.0,369360349.6,1992954455.25,0.185,-6125016073.0,108,107390892,11077.0,11078.0,572504,7,1,1000000,11076.0,11079.0,50000,1,1,1000000,11075.0,11080.0,30000,1,1,1000000,11074.0,11081.0,200000,1,1,1000000,11073.0,11082.0,100000,1,,11020.0,11032.0,2026-10-04T09:12:17+03:30,0.52,,,,,,,,,,,
69171897374421261,فن افزار,توسعه فن افزار توسن,2026-10-04T09:29:45+03:30,10090.0,-2.98,10120.0,-2.69,10400.0,10300.0,10090.0,10300.0,278.0,2608989.0,26400748980.0,10710.0,10090,1478.0,6.8,1,72,سهم,رایانه و فعالیتهای وابسته به آن,بازار فرابورس,بازار اول فرابورس,9.48,1478.0,0.0,6000000000.0,,20416783.0,10360.0,11280.0,2822.0,11750.0,2026-10-04,60720000000000.0,2547489.0,129,25780588680.0,0.0,0,0.0,2542489.0,90,25729988680.0,5000.0,1,50600000.0,199849524.65116277,285888763.1111111,0.699,50600000.0,1,569,9050.0,10090.0,1387982,48,1,1000,8780.0,10100.0,100000,1,1,10000,6660.0,10110.0,662,2,1,1500,5070.0,10120.0,11662,3,0,0,0.0,10180.0,122681,4,,,,,,,,,,,,,,,,
69357254079049448,ضهرم9033,اختیارخ اهرم-110000-1405/09/25,2026-10-04T09:22:04+03:30,5595.0,-0.09,5544.0,-1.0,5600.0,5035.0,5035.0,5595.0,2.0,110.0,609850000.0,500000.0,1,0.0,,1.0,68,اختیار معامله,,,,,,,,,,,,,,,,110.0,2,609840.0,0.0,0,0.0,110.0,2,609840.0,0.0,0,0.0,304920.0,304920.0,1.0,0.0,1,10,5029.0,5599.0,1,1,1,20,5028.0,5600.0,13,1,1,1,5020.0,5980.0,8,1,1,1,5012.0,5990.0,10,1,1,10,4021.0,7900.0,20,2,,,,,,اهرم,17914401175772326,72311,110000,1000,1405/06/28,1405/09/25,73,خرید,1447,7897120000.0
69424502368002685,ضطعام809,اختیارخ طعام-36000-14050810,2026-10-04T09:22:58+03:30,700.0,16.67,700.0,16.67,600.0,700.0,700.0,700.0,1.0,10.0,7000000.0,1000000.0,1,0.0,,1.0,68,اختیار معامله,,,,,,,,,,,,,,,,10.0,1,7000.0,0.0,0,0.0,10.0,1,7000.0,0.0,0,0.0,7000.0,7000.0,1.0,0.0,1,111,11.0,0.0,0,0,3,3000,2.0,0.0,0,0,1,100,1.0,0.0,0,0,0,0,0.0,0.0,0,0,0,0,0.0,0.0,0,0,,,,,,طعام,31230051169165044,33706,36000,1000,1405/06/10,1405/08/10,28,خرید,2110,337590000.0
69446612239102459,شکام,صنایع شیمیایی کیمیاگران امروز,2026-10-04T09:29:47+03:30,11900.0,0.51,11610.0,-1.94,11840.0,11870.0,11490.0,11900.0,1526.0,31601409.0,367036870080.0,12190.0,11490,1258.0,9.2,1,44,سهم,محصولات شیمیایی,بازار فرابورس,بازار اول فرابورس,8.81,1258.0,7278.7085,17400000000.0,,93657706.0,11200.0,11870.0,3122.0,11870.0,2026-10-04,202014000000000.0,29915281.0,593,347316412410.0,1229785.0,4,14277803850.0,21728963.0,268,252273260430.0,9416103.0,5,109320955830.0,585693781.4671164,941318135.9328358,0.622,95043151980.0,4,142043,11880.0,11900.0,430122,5,5,119055,11860.0,11920.0,10000,1,3,102250,11840.0,11930.0,200700,5,5,242946,11830.0,11950.0,1688,1,2,53729,11820.0,11970.0,1000,1,,,,,,,,,,,,,,,,
69454539056549106,بشهاب,لامپ پارس شهاب,2026-10-04T09:29:15+03:30,8570.0,-1.72,8500.0,-2.52,8720.0,8460.0,8460.0,8700.0,211.0,5111259.0,43442000230.0,8980.0,8460,1212.0,7.0,1,31,سهم,ماشین آلات و دستگاههای برقی,بازار بورس,بازار دوم (تابلوی اصلی) بورس,6.35,1212.0,4096.315,4050000000.0,11.0,12408691.0,8240.0,8720.0,5130.0,9500.0,2026-10-03,34425000000000.0,4511259.0,75,38345701500.0,600000.0,1,5100000000.0,5111259.0,72,43445701500.0,0.0,0,0.0,511276020.0,603412520.8333333,0.847,-5100000000.0,2,58671,8570.0,8600.0,128210,2,9,2295809,8560.0,8650.0,10000,1,3,236230,8550.0,8660.0,10000,1,2,84917,8500.0,8670.0,123000,3,1,20000,8480.0,8680.0,40000,4,,,,,,,,,,,,,,,,
69460050518905041,ضهرم8033,اختیارخ اهرم-74000-1405/08/27,2026-10-04T09:29:45+03:30,11470.0,-2.7,10697.0,-9.26,11788.0,10770.0,9705.0,12000.0,1009.0,22727.0,243121865000.0,500000.0,1,0.0,,1.0,68,اختیار معامله,,,,,,,,,,,,,,,,22493.0,153,240607621.0,184.0,2,1968248.0,19636.0,137,210046292.0,3041.0,4,32529577.0,1572598.8300653596,1533184.613138686,1.026,30561329.0,1,17,11478.0,11479.0,235,1,1,6,11470.0,11550.0,22,1,1,50,11410.0,11589.0,30,2,1,1,11402.0,11590.0,193,1,1,91,11400.0,11600.0,366,2,,,,,,اهرم,17914401175772326,72311,74000,1000,1405/05/31,1405/08/27,45,خرید,241155,1564003413000.0
69465378458212880,طستا8058,اختیارف شستا-3000-1405/08/13,2026-10-04T09:20:57+03:30,70.0,22.81,70.0,22.81,57.0,70.0,70.0,70.0,5.0,1082.0,75740000.0,100000.0,1,0.0,,1.0,39,اختیار معامله,,,,,,,,,,,,,,,,1082.0,3,75740.0,0.0,0,0.0,0.0,0,0.0,1082.0,1,75740.0,25246.666666666668,,,75740.0,2,1020,60.0,69.0,220,1,1,20,54.0,70.0,9918,10,1,1000,53.0,85.0,979,1,1,300,47.0,89.0,1010,2,1,1000,46.0,98.0,1000,1,,,,,,شستا,2400322364771558,3580,3000,1000,1405/05/17,1405/08/13,31,فروش,85783,3570000000.0
69472361926040823,ویسا,سرمایه گذاری ایساتیس پویا,2026-10-04T09:29:43+03:30,5900.0,2.79,5900.0,2.79,5740.0,5890.0,5880.0,5910.0,84.0,3042061.0,17952778550.0,5910.0,5570,633.0,9.3,1,56,سهم,سرمایه گذاریها,بازار پایه فرابورس,بازار پایه زرد فرابورس,0.0,633.0,0.0,2052000000.0,,4108318.0,5050.0,5580.0,2589.0,5700.0,2026-10-03,12106800000000.0,3033224.0,39,17896021600.0,0.0,0,0.0,2936606.0,22,17325975400.0,96618.0,1,570046200.0,458872348.71794873,787544336.3636364,0.583,570046200.0,1,10000,5810.0,5900.0,944228,5,1,23000,5770.0,5910.0,445079,3,1,34596,5760.0,0.0,0,0,6,413096,5750.0,0.0,0,0,2,39000,5740.0,0.0,0,0,,,,,,,,,,,,,,,,
69540585676934415,ددانا,داروسازی دانا,2026-10-04T09:29:43+03:30,24190.0,2.98,24100.0,2.6,23490.0,24190.0,23130.0,24190.0,871.0,18742054.0,451758250630.0,24190.0,22790,2409.0,10.0,1,43,سهم,مواد و محصولات دارویی,بازار فرابورس,بازار اول فرابورس,10.24,2409.0,10329.554,14400000000.0,,17287542.0,22270.0,23610.0,5310.0,23810.0,2026-10-04,347040000000000.0,12262561.0,272,295527720100.0,6479049.0,5,156145080900.0,14809051.0,290,356898129100.0,3932559.0,4,94774671900.0,1086498970.9558823,1230683203.7931035,0.883,-61370409000.0,129,3357407,24190.0,0.0,0,0,2,77840,24180.0,0.0,0,0,8,204092,24170.0,0.0,0,0,1,10260,24150.0,0.0,0,0,1,318,24100.0,0.0,0,0,صف خرید,,,,,,,,,,,,,,,
69562625496483761,کروی,توسعه معادن روی ایران,2026-10-04T09:29:50+03:30,6540.0,-1.95,6540.0,-1.95,6670.0,6540.0,6540.0,6540.0,134.0,8584996.0,56145873840.0,6800.0,6540,0.0,,1,13,سهم,استخراج کانه های فلزی,بازار پایه فرابورس,بازار پایه نارنجی فرابورس,0.0,,0.0,10000000000.0,,21146417.0,6590.0,6850.0,6590.0,7905.0,2026-10-03,65400000000000.0,7873996.0,32,51495933840.0,400000.0,1,2616000000.0,8273996.0,20,54111933840.0,0.0,0,0.0,1609247932.5,2705596692.0,0.595,-2616000000.0,0,0,0.0,6540.0,31262902,284,0,0,0.0,6600.0,50,1,0,0,0.0,6610.0,88883,8,0,0,0.0,6660.0,10000,1,0,0,0.0,6670.0,215001,4,صف فروش,,,,,,,,,,,,,,,
69577137566471607,ضملی8099,اختیارخ فملی-38000-1405/08/06,2026-10-04T09:25:04+03:30,510.0,2.41,506.0,1.61,498.0,499.0,490.0,555.0,26.0,3720.0,1880988000.0,100000.0,1,0.0,,1.0,27,اختیار معامله,,,,,,,,,,,,,,,,3720.0,9,1882320.0,0.0,0,0.0,3720.0,12,1882320.0,0.0,0,0.0,209146.66666666666,156860.0,1.333,0.0,2,170,316.0,508.0,10,1,2,4,315.0,509.0,5,1,1,286,314.0,510.0,160,1,1,130,310.0,544.0,243,1,1,50,305.0,545.0,50,1,,,,,,فملی,35425587644337450,28740,38000,1000,1405/07/07,1405/08/06,24,خرید,14464,106615200000.0
69785040812006218,ضملت7039,اختیارخ وبملت-954-1405/07/22,2026-10-04T09:10:56+03:30,492.0,-6.11,492.0,-6.11,524.0,493.0,492.0,493.0,4.0,105.0,51661000.0,100000.0,1,0.0,,1.0,57,اختیار معامله,,,,,,,,,,,,,,,,105.0,4,51660.0,0.0,0,0.0,105.0,2,51660.0,0.0,0,0.0,12915.0,25830.0,0.5,0.0,1,5,497.0,544.0,15,2,1,50,496.0,550.0,20,1,1,150,495.0,560.0,10,1,1,100,493.0,606.0,200,1,2,659,492.0,610.0,20,1,,,,,,وبملت,778253364357513,1459,954,1000,1405/04/27,1405/07/22,10,خرید,81171,154035000.0
69817338460284329,فروژ,صنایع فروآلیاژ ایران,2026-10-04T09:29:28+03:30,2152.0,-2.98,2152.0,-2.98,2218.0,2152.0,2152.0,2152.0,33.0,1775507.0,3820891064.0,2284.0,2152,46.0,46.8,1,27,سهم,فلزات اساسی,بازار فرابورس,بازار دوم فرابورس,8.67,46.0,1470.5328,19800000000.0,,62926244.0,2148.0,2300.0,722.0,2300.0,2026-10-04,42609600000000.0,1775507.0,25,3820891064.0,0.0,0,0.0,1775507.0,3,3820891064.0,0.0,0,0.0,152835642.56,1273630354.6666665,0.12,0.0,2,4750,2142.0,2152.0,119133995,324,1,200000,1850.0,2162.0,139250,2,1,3900,1299.0,2168.0,20000,1,0,0,0.0,2180.0,52300,2,0,0,0.0,2183.0,5000,1,,,,,,,,,,,,,,,,
69847139870135237,اوان,مبین وان کیش,2026-10-04T09:25:48+03:30,14070.0,2.7,14020.0,2.34,13700.0,14040.0,13550.0,14100.0,33.0,653727.0,9166531020.0,14110.0,13290,8.0,1752.5,1,73,سهم,اطلاعات و ارتباطات,بازار فرابورس,بازار دوم فرابورس,11.74,8.0,0.0,1000000000.0,,5795595.0,13950.0,15170.0,7220.0,16460.0,2026-10-03,14020000000000.0,653727.0,11,9165252540.0,0.0,0,0.0,653727.0,24,9165252540.0,0.0,0,0.0,833204776.3636364,381885522.5,2.182,0.0,1,680,13760.0,14070.0,123945,5,1,10000,13730.0,14080.0,64999,4,1,26563,13720.0,14090.0,135000,4,16,1468735,13700.0,14100.0,230155,8,3,2982,13600.0,14110.0,91960,10,,,,,,,,,,,,,,,,
69904617508102874,کارام,صنایع سرام آرا,2026-10-04T09:27:46+03:30,2355.0,2.97,2340.0,2.32,2287.0,2355.0,2355.0,2355.0,7.0,341239.0,803617845.0,2355.0,2219,-571.0,-4.1,441938,49,سهم,کاشی و سرامیک,بازار پایه فرابورس,بازار پایه زرد فرابورس,0.0,-571.0,1056.6909,1534389154.0,,169528.0,2157.0,2221.0,1351.0,2577.0,2026-10-03,3590470620360.0,341239.0,4,798499260.0,0.0,0,0.0,341239.0,5,798499260.0,0.0,0,0.0,199624815.0,159699852.0,1.25,0.0,34,20976219,2355.0,0.0,0,0,2,570491,2287.0,0.0,0,0,1,35568,2221.0,0.0,0,0,0,0,0.0,0.0,0,0,0,0,0.0,0.0,0,0,صف خرید,,,,,,,,,,,,,,,
69918929296921510,ضستا7064,اختیارخ شستا-3750-1405/07/15,2026-10-04T09:29:48+03:30,69.0,-40.0,55.0,-52.17,115.0,50.0,42.0,76.0,7757.0,3496564.0,191693726000.0,100000.0,1,0.0,,1.0,39,اختیار معامله,,,,,,,,,,,,,,,,3481594.0,620,191487670.0,5000.0,1,275000.0,3368594.0,464,185272670.0,118000.0,6,6490000.0,308851.0806451613,399294.5474137931,0.773,6215000.0,7,4602,67.0,69.0,1151,3,10,7659,66.0,70.0,4963,11,16,12367,65.0,71.0,4400,6,6,3713,64.0,72.0,1650,4,10,6190,63.0,73.0,3134,7,,,,,,شستا,2400322364771558,3580,3750,1000,1405/06/18,1405/07/15,3,خرید,6821009,11923537260000.0
70160331666811226,ضهرم9024,اختیارخ اهرم-46000-1405/09/25,2026-10-04T09:23:16+03:30,32800.0,4.06,32800.0,4.06,31521.0,32800.0,32800.0,32800.0,1.0,1.0,32800000.0,500000.0,1,0.0,,1.0,68,اختیار معامله,,,,,,,,,,,,,,,,1.0,1,32800.0,0.0,0,0.0,1.0,1,32800.0,0.0,0,0.0,32800.0,32800.0,1.0,0.0,1,1,31000.0,33290.0,3,1,1,1,30750.0,35900.0,1,1,1,1,30700.0,41995.0,1,1,1,1,30644.0,42000.0,3,2,1,1,27005.0,66000.0,116,3,,,,,,اهرم,17914401175772326,72311,46000,1000,1405/06/28,1405/09/25,73,خرید,1395,71833000.0
70219663893822560,بکاب,صنایعجوشکابیزد,2026-10-04T09:29:32+03:30,12800.0,0.95,12530.0,-1.18,12680.0,12810.0,12330.0,12810.0,89.0,1152797.0,14444590270.0,13060.0,12300,1077.0,11.6,1,31,سهم,ماشین آلات و دستگاههای برقی,بازار بورس,بازار دوم (تابلوی فرعی) بورس,6.35,1077.0,7324.073,736050000.0,50.0,6355943.0,11940.0,12540.0,4920.0,14820.0,2026-10-03,9222706500000.0,1152797.0,37,14444546410.0,0.0,0,0.0,752797.0,29,9432546410.0,400000.0,1,5012000000.0,390393146.2162162,325260221.0344828,1.2,5012000000.0,1,54146,12800.0,12880.0,10000,1,1,6810,12740.0,12890.0,39705,1,2,46363,12710.0,12900.0,10727,2,1,10000,12690.0,12950.0,100000,1,1,50000,12680.0,13000.0,100000,1,,,,,,,,,,,,,,,,
70289374539527245,ختوقا,قطعات اتومبیل ایران,2026-10-04T09:29:31+03:30,5680.0,1.97,5570.0,0.0,5570.0,5450.0,5450.0,5690.0,175.0,4138426.0,23041217820.0,5730.0,5410,127.0,43.9,1,34,سهم,خودرو و ساخت قطعات,بازار بورس,بازار اول (تابلوی فرعی) بورس,-23.83,127.0,0.0,6201312000.0,41.0,25334395.0,5250.0,5710.0,3150.0,6060.0,2026-10-04,34541307840000.0,4138426.0,48,23051032820.0,0.0,0,0.0,4011426.0,92,22343642820.0,127000.0,1,707390000.0,480229850.4166666,242865682.82608694,1.977,707390000.0,2,184361,5670.0,5680.0,91756,1,3,193910,5650.0,5690.0,48227,5,1,1000,5620.0,5700.0,104242,5,2,101779,5570.0,5710.0,624231,7,1,20000,5560.0,5720.0,1290199,12,,,,,,,,,,,,,,,,
70309338813767186,فکمند,گسترش قطعه سازی کمند,2026-10-04T09:26:19+03:30,12250.0,-2.39,12510.0,-0.32,12550.0,12700.0,12250.0,12820.0,18.0,182149.0,2278180950.0,12920.0,12180,-302.0,-41.4,1,28,سهم,ساخت محصولات فلزی,بازار پایه فرابورس,بازار پایه زرد فرابورس,0.0,-302.0,53.788513,383000000.0,,2223308.0,11510.0,12450.0,8560.0,18920.0,2026-10-03,4791330000000.0,182149.0,7,2278683990.0,0.0,0,0.0,182149.0,11,2278683990.0,0.0,0,0.0,325526284.28571427,207153090.0,1.571,0.0,1,6043,12270.0,12540.0,4073,1,1,10000,12260.0,12550.0,14035,2,2,30710,12250.0,12740.0,399,1,1,20000,12240.0,12750.0,64686,4,1,4089,12230.0,12760.0,11923,2,,,,,,,,,,,,,,,,
70355545784212619,طهمن9031,اختیارف خبهمن-2200-1405/09/25,2026-10-04T09:15:57+03:30,3.0,-96.91,3.0,-96.91,97.0,3.0,3.0,3.0,1.0,1.0,3000.0,100000.0,1,0.0,,1.0,34,اختیار معامله,,,,,,,,,,,,,,,,1.0,1,3.0,0.0,0,0.0,1.0,1,3.0,0.0,0,0.0,3.0,3.0,1.0,0.0,1,111,11.0,92.0,997,1,1,1000,4.0,0.0,0,0,1,4,3.0,0.0,0,0,1,100,1.0,0.0,0,0,0,0,0.0,0.0,0,0,,,,,,خبهمن,26824673819862694,2554,2200,1000,1405/05/31,1405/09/25,73,فروش,16262,2537000.0
70391097626818082,گشان,توسعه بین المللی پدیده شاندیز,2026-10-04T09:29:18+03:30,27380.0,-2.56,27340.0,-2.7,28100.0,27800.0,27260.0,27800.0,158.0,797142.0,21790989210.0,28940.0,27260,3153.0,8.7,1,55,سهم,هتل و رستوران,بازار پایه فرابورس,بازار پایه زرد فرابورس,0.0,3153.0,0.0,1485543975.0,,4475881.0,27240.0,29150.0,14290.0,31760.0,2026-10-03,40614772276500.0,565100.0,54,15449834000.0,232042.0,2,6344028280.0,797142.0,66,21793862280.0,0.0,0,0.0,286108037.0370371,330210034.5454545,0.866,-6344028280.0,1,35675,27370.0,27380.0,255,1,1,4800,27360.0,27500.0,61818,5,1,5000,27350.0,27660.0,14046,3,5,108247,27340.0,27670.0,69,2,2,112966,27330.0,27700.0,50300,3,,,,,,,,,,,,,,,,
70474983732269112,دپارس,پارس دارو,2026-10-04T09:27:40+03:30,58980.0,1.01,58510.0,0.21,58390.0,56810.0,56810.0,59200.0,107.0,317556.0,18579330050.0,60140.0,56640,4755.0,12.3,1,43,سهم,مواد و محصولات دارویی,بازار بورس,بازار اول (تابلوی فرعی) بورس,15.04,4755.0,20107.287,2450000000.0,20.0,4617223.0,58070.0,61650.0,21040.0,66160.0,2026-10-03,143349500000000.0,317556.0,44,18580201560.0,0.0,0,0.0,317556.0,48,18580201560.0,0.0,0,0.0,422277308.1818182,387087532.5,1.091,0.0,1,1000,58960.0,58970.0,84,1,2,5358,58600.0,58980.0,245,1,2,3100,58540.0,59000.0,34695,3,2,3224,58520.0,59350.0,1500,1,2,10000,58510.0,59390.0,2000,1,,,,,,,,,,,,,,,,
70498485598181604,هرمز,فولاد هرمزگان جنوب,2026-10-04T09:28:16+03:30,4390.0,-2.88,4390.0,-2.88,4520.0,4390.0,4390.0,4390.0,183.0,15397266.0,67593997740.0,4650.0,4390,435.0,10.1,1,27,سهم,فلزات اساسی,بازار فرابورس,بازار دوم فرابورس,8.67,435.0,5783.2134,139600000000.0,,106244955.0,4430.0,4740.0,1237.0,4790.0,2026-10-04,612844000000000.0,2053176.0,79,9013442640.0,13344090.0,3,58580555100.0,15397266.0,25,67593997740.0,0.0,0,0.0,114094210.6329114,2703759909.6,0.042,-58580555100.0,1,1234,4290.0,4390.0,62688537,334,1,21517,4270.0,4400.0,100000,1,1,1234,4060.0,4440.0,150038,3,1,25000,3050.0,4480.0,200000,1,0,0,0.0,4500.0,552953,4,,,,,,,,,,,,,,,,
70505979920583770,ضملی8097,اختیارخ فملی-30000-1405/08/06,2026-10-04T09:29:05+03:30,3500.0,69.25,3140.0,51.84,2068.0,1556.0,1556.0,3500.0,8.0,50.0,156980000.0,100000.0,1,0.0,,1.0,27,اختیار معامله,,,,,,,,,,,,,,,,50.0,3,157000.0,0.0,0,0.0,50.0,4,157000.0,0.0,0,0.0,52333.333333333336,39250.0,1.333,0.0,2,33,1913.0,3500.0,365,1,1,20,1912.0,0.0,0,0,1,20,1911.0,0.0,0,0,3,90,1910.0,0.0,0,0,1,20,1909.0,0.0,0,0,,,,,,فملی,35425587644337450,28740,30000,1000,1405/07/07,1405/08/06,24,خرید,417,1146400000.0
70515583859928047,متال,صندوق س صنایع دایا1-بخشی,2026-10-04T09:29:48+03:30,45900.0,2.52,45199.0,0.95,44773.0,44630.0,44400.0,46116.0,207.0,1363164.0,61613628386.0,46116.0,43430,0.0,,1,68,صندوق,صندوق سرمایه گذاری قابل معامله,بازار بورس,بازار صندوق های قابل معامله,0.0,,0.0,1000000000.0,,6374461.0,40000.0,43512.0,12000.0,43512.0,2026-10-03,45199000000000.0,920843.0,104,41621182757.0,441753.0,3,19966793847.0,1294703.0,54,58519280897.0,67893.0,2,3068695707.0,400203680.3557692,1083690386.9814816,0.369,-16898098140.0,2,3137,45551.0,45900.0,146603,3,2,3050,45550.0,46116.0,412763,7,1,1016,45510.0,0.0,0,0,1,100,45504.0,0.0,0,0,5,53655,45503.0,0.0,0,0,,45334.0,45819.0,2026-10-04T09:13:15+03:30,-0.3,,,,,,,,,,,
70541934393301867,سلام,صندوق س سلام فارابی-سهام,2026-10-04T09:26:32+03:30,53241.0,-1.45,53790.0,-0.44,54026.0,53001.0,53001.0,54654.0,57.0,596605.0,32091102674.0,55646.0,52406,0.0,,1,68,صندوق,صندوق سرمایه گذاری قابل معامله,بازار بورس,بازار صندوق های قابل معامله,0.0,,0.0,500000000.0,,14231384.0,51548.0,54395.0,19640.0,54395.0,2026-10-03,26895000000000.0,188438.0,16,10136080020.0,408167.0,1,21955302930.0,478017.0,25,25712534430.0,118588.0,2,6378848520.0,633505001.25,1028501377.2,0.616,-15576454410.0,1,5000,53333.0,54000.0,5000,1,1,99980,53306.0,54653.0,27381,1,2,105380,53301.0,54654.0,11885,2,1,55002,53300.0,54655.0,1000,1,1,10000,53276.0,54659.0,20000,1,,52845.0,53352.0,2026-10-04T09:13:11+03:30,1.79,,,,,,,,,,,
70595828753641750,پارند,صندوق س. پارند پایدار سپهر,2026-10-04T09:29:14+03:30,10235.0,0.09,10235.0,0.09,10226.0,10235.0,10235.0,10236.0,46.0,3649155.0,37349870970.0,10532.0,9920,0.0,,1,68,صندوق,صندوق سرمایه گذاری قابل معامله,بازار بورس,بازار صندوق های قابل معامله,0.0,,0.0,10000000000.0,,134998636.0,10196.0,10227.0,10008.0,10263.0,2026-10-04,102350000000000.0,1146949.0,12,11739023015.0,2502206.0,1,25610078410.0,3649155.0,25,37349101425.0,0.0,0,0.0,978251917.9166666,1493964057.0,0.655,-25610078410.0,1,198176939,10235.0,10236.0,160284455,4,1,10000000,10234.0,10264.0,211362,1,1,10000000,10233.0,10270.0,31000,1,1,10000000,10232.0,10532.0,335746,2,1,8980,10008.0,10568.0,948,2,,10237.0,10252.0,2026-10-04T09:11:44+03:30,-0.02,,,,,,,,,,,
70626855778842471,ضستا7056,اختیارخ شستا-2000-1405/07/15,2026-10-04T09:27:12+03:30,1660.0,-2.18,1660.0,-2.18,1697.0,1660.0,1660.0,1660.0,1.0,100.0,166000000.0,100000.0,1,0.0,,1.0,39,اختیار معامله,,,,,,,,,,,,,,,,100.0,1,166000.0,0.0,0,0.0,100.0,1,166000.0,0.0,0,0.0,166000.0,166000.0,1.0,0.0,3,1050,1550.0,1699.0,100,1,1,2,1510.0,1700.0,100,1,1,50,1501.0,1730.0,4,1,2,100,1500.0,1795.0,33,1,1,200,1420.0,1800.0,50,1,,,,,,شستا,2400322364771558,3580,2000,1000,1405/04/10,1405/07/15,3,خرید,8517,358000000.0
70698996132397388,دیبا,صندوق س اوراق دولتی صبا-ثابت,2026-10-04T09:14:15+03:30,26513.0,0.12,26513.0,0.12,26481.0,26513.0,26513.0,26513.0,4.0,1300.0,34466900.0,27275.0,25687,0.0,,1,68,صندوق,صندوق سرمایه گذاری قابل معامله,بازار بورس,بازار صندوق های قابل معامله,0.0,,0.0,500000000.0,,3574244.0,26389.0,26452.0,19617.0,26452.0,2026-10-03,13256500000000.0,1300.0,2,34466900.0,0.0,0,0.0,100.0,1,2651300.0,1200.0,1,31815600.0,17233450.0,2651300.0,6.5,31815600.0,1,500000,26512.0,26513.0,3003700,2,1,100000,26511.0,26514.0,100000,1,1,100000,26510.0,26515.0,100000,1,1,100000,26509.0,26516.0,100000,1,1,100000,26508.0,26517.0,100000,1,,,,,,,,,,,,,,,,
70790685112127852,دلتا2,صندوق س صنایع تمدن1-بخشی,2026-10-04T09:21:00+03:30,1.0,-99.99,1.0,-99.99,15310.0,1.0,1.0,1.0,4.0,4000000.0,4000000.0,1.0,1,0.0,,1.0,68,صندوق,,,,,,,,,,,,,,,,0.0,0,0.0,4000000.0,1,4000000.0,0.0,0,0.0,4000000.0,1,4000000.0,,,,0.0,0,0,0.0,0.0,0,0,,,,,,,,,,,,,,,,,,,,,,,,,,,,,,,,,,,,,,,,
70814244102598215,امین شهر,ص.س. املاک و مستغلات امین شهر,2026-10-04T09:29:29+03:30,21099.0,1.01,20983.0,0.45,20889.0,20780.0,20780.0,21099.0,66.0,301989.0,6336603368.0,21515.0,20263,0.0,,1,68,صندوق,صندوق سرمایه گذاری قابل معامله,بازار فرابورس,-',1053.24,,0.0,4128215869.0,,52443602.0,20731.0,20996.0,15340.0,21291.0,2026-10-04,86622353579227.0,301989.0,18,6336635187.0,0.0,0,0.0,301989.0,30,6336635187.0,0.0,0,0.0,352035288.1666667,211221172.89999998,1.667,0.0,1,3350,21050.0,21177.0,22851,2,1,9445,21025.0,21178.0,50000,1,1,5000,20974.0,21179.0,50000,1,1,3000,20971.0,21180.0,51000,2,1,2000,20960.0,21199.0,516,1,,,,,,,,,,,,,,,,
70883594945615893,سآبیک,سیمان آبیک,2026-10-04T09:26:54+03:30,77350.0,0.69,76690.0,-0.17,76820.0,78450.0,76500.0,78450.0,99.0,106574.0,8173229650.0,79120.0,74520,10205.0,7.5,1,53,سهم,سیمان، آهک و گچ,بازار بورس,بازار اول (تابلوی اصلی) بورس,7.68,10205.0,26403.293,2959301084.0,16.0,1924369.0,71870.0,77400.0,42000.0,82850.0,2026-10-03,226948800131960.0,106574.0,48,8173160060.0,0.0,0,0.0,106574.0,52,8173160060.0,0.0,0,0.0,170274167.91666666,157176155.0,1.083,0.0,4,4100,76560.0,77340.0,158,1,4,31648,76550.0,77350.0,12082,4,2,240,76540.0,77360.0,1190,2,3,2771,76520.0,77370.0,30000,1,5,51764,76500.0,77400.0,300,1,,,,,,,,,,,,,,,,
71051000490303906,پولاد,صندوق س.بخشی صنایع آبان2-ب,2026-10-04T09:27:00+03:30,32200.0,1.6,32119.0,1.34,31694.0,31699.0,31694.0,32200.0,24.0,1212579.0,38947365548.0,32644.0,30744,0.0,,1,68,صندوق,صندوق سرمایه گذاری قابل معامله,بازار فرابورس,بازار ابزارهاي نوين مالي فرابورس,1082.62,,0.0,200000000.0,,1859123.0,29920.0,31834.0,11121.0,31834.0,2026-10-03,6423800000000.0,2100.0,3,67449900.0,1210479.0,2,38879375001.0,212579.0,11,6827824901.0,1000000.0,2,32119000000.0,22483300.0,620711354.6363636,0.036,-6760375001.0,1,1232,31750.0,32327.0,16499,1,2,360,31702.0,32360.0,2486,1,2,18242,31701.0,32644.0,50781,2,1,200,31699.0,0.0,0,0,1,5289,31698.0,0.0,0,0,,32369.0,32708.0,2026-10-04T09:13:00+03:30,-0.77,,,,,,,,,,,
71068313834275501,بگیلان,توسعه مسیر برق گیلان,2026-10-04T09:29:41+03:30,26180.0,-2.89,26160.0,-2.97,26960.0,26160.0,26160.0,26700.0,248.0,862630.0,22569815610.0,27760.0,26160,2382.0,11.0,1,40,سهم,عرضه برق، گاز، بخاروآب گرم,بازار فرابورس,بازار دوم فرابورس,10.26,2382.0,6090.8115,4300000000.0,,3003868.0,26760.0,28510.0,13660.0,28510.0,2026-10-04,112488000000000.0,318530.0,56,8332744800.0,544000.0,2,14231040000.0,862530.0,169,22563784800.0,0.0,0,0.0,148799014.2857143,133513519.52662721,1.114,-14231040000.0,2,10562,26170.0,26200.0,150,3,6,100395,26160.0,26250.0,2234,16,0,0,0.0,26460.0,100050,2,0,0,0.0,26620.0,50,1,0,0,0.0,26690.0,4050,2,,,,,,,,,,,,,,,,
71076372178147339,داریک,صندوق س.اعتماد داریک-د,2026-10-04T09:29:43+03:30,41550.0,0.13,41549.0,0.13,41496.0,41550.0,41549.0,41550.0,194.0,12957465.0,538370845378.0,42740.0,40252,0.0,,1,68,صندوق,صندوق سرمایه گذاری قابل معامله,بازار فرابورس,بازار ابزارهاي نوين مالي فرابورس,1067.75,,0.0,2000000000.0,,78187779.0,41369.0,41497.0,30029.0,41497.0,2026-10-04,83098000000000.0,2093323.0,71,86975477327.0,10854519.0,1,450994409931.0,12585543.0,100,522916726107.0,362299.0,1,15053161151.0,1225006722.915493,5229167261.07,0.234,-435941248780.0,4,115207507,41549.0,41550.0,10599758,13,2,10024100,41548.0,41598.0,44904,1,1,10000000,41547.0,41599.0,47226,1,2,10020000,41546.0,41600.0,200,1,2,10012000,41545.0,41618.0,50000,1,,41284.0,41333.0,2026-10-04T09:13:36+03:30,0.64,,,,,,,,,,,
71108387303091880,پرتوسا,صندوق س.سهامی پرتو آمال-س,2026-10-04T09:08:09+03:30,31650.0,-2.1,32857.0,1.63,32330.0,32900.0,31650.0,32900.0,2.0,20714.0,680598100.0,33299.0,31361,0.0,,1,68,صندوق,صندوق سرمایه گذاری قابل معامله,بازار فرابورس,بازار ابزارهاي نوين مالي فرابورس,1082.62,,0.0,1000000000.0,,5349847.0,30216.0,32052.0,11200.0,32052.0,2026-10-03,32857000000000.0,20714.0,2,680599898.0,0.0,0,0.0,20714.0,2,680599898.0,0.0,0,0.0,340299949.0,340299949.0,1.0,0.0,1,40580,31700.0,32358.0,2,1,4,33369,31650.0,32360.0,5555,1,2,164468,31428.0,32361.0,87777,1,2,171433,31418.0,32362.0,14555,1,4,311428,31408.0,32363.0,44664,3,,,,,,,,,,,,,,,,
71120060432285026,ضملت7047,اختیارخ وبملت-1754-1405/07/22,2026-10-04T09:29:33+03:30,7.0,-36.36,6.0,-45.45,11.0,9.0,4.0,9.0,1250.0,595330.0,3446207000.0,100000.0,1,0.0,,1.0,57,اختیار معامله,,,,,,,,,,,,,,,,576330.0,66,3457980.0,19000.0,1,114000.0,543330.0,50,3259980.0,52000.0,3,312000.0,52393.63636363637,65199.600000000006,0.804,198000.0,50,48261,6.0,7.0,29832,31,84,80831,5.0,8.0,6950,9,177,175652,4.0,9.0,25602,27,240,240000,3.0,10.0,13000,13,235,232375,2.0,11.0,11000,11,,,,,,وبملت,778253364357513,1459,1754,1000,1405/04/27,1405/07/22,10,خرید,4000188,822864328000.0
71250576026059316,ضملت8069,اختیارخ وبملت-900-1405/08/20,2026-10-04T09:18:31+03:30,400.0,-36.71,552.0,-12.66,632.0,590.0,400.0,591.0,6.0,283.0,156327000.0,100000.0,1,0.0,,1.0,57,اختیار معامله,,,,,,,,,,,,,,,,283.0,5,156216.0,0.0,0,0.0,283.0,2,156216.0,0.0,0,0.0,31243.2,78108.0,0.4,0.0,2,975,512.0,676.0,15,3,1,10,511.0,677.0,1282,2,1,500,510.0,800.0,30,1,2,38,501.0,895.0,15,1,2,303,500.0,0.0,0,0,,,,,,وبملت,778253364357513,1459,900,1000,1405/05/24,1405/08/20,38,خرید,38415,413180000.0
71266020070603888,سهامدار,صندوق س. بازده سهام-س,2026-10-04T09:21:04+03:30,31110.0,-2.78,31092.0,-2.83,31999.0,31360.0,31040.0,31361.0,44.0,157437.0,4894976910.0,32958.0,31040,0.0,,1,68,صندوق,صندوق سرمایه گذاری قابل معامله,بازار فرابورس,بازار ابزارهاي نوين مالي فرابورس,1082.62,,0.0,200000000.0,,1203362.0,31500.0,33820.0,10084.0,33820.0,2026-10-03,6218400000000.0,157437.0,29,4895031204.0,0.0,0,0.0,157437.0,10,4895031204.0,0.0,0,0.0,168794179.44827586,489503120.40000004,0.345,0.0,3,1676,31114.0,31888.0,2500,1,6,23172,31113.0,31899.0,10000,1,3,11033,31112.0,31945.0,2700,2,3,16709,31111.0,31950.0,20383,4,6,8881,31110.0,32000.0,11688,3,,30921.0,31215.0,2026-10-04T09:12:08+03:30,0.55,,,,,,,,,,,
71290297158948749,زقیام,کشت و دام قیام اصفهان,2026-10-04T09:29:49+03:30,11470.0,-2.96,11470.0,-2.96,11820.0,11470.0,11470.0,11470.0,98.0,3660673.0,41987919310.0,12170.0,11470,1396.0,8.2,1,01,سهم,زراعت و خدمات وابسته,بازار فرابورس,بازار اول فرابورس,8.72,1396.0,0.0,6897079260.0,,12102377.0,11760.0,12450.0,3779.0,12450.0,2026-10-04,79109499112200.0,380052.0,39,4359196440.0,3199222.0,1,36695076340.0,3579274.0,17,41054272780.0,0.0,0,0.0,111774267.69230768,2414957222.352941,0.046,-36695076340.0,1,10000,10070.0,11470.0,4723025,75,0,0,0.0,11690.0,89000,1,0,0,0.0,11790.0,500,1,0,0,0.0,11920.0,600,1,0,0,0.0,12000.0,193558,2,,,,,,,,,,,,,,,,
71483646978964608,ذوب,ذوب آهن اصفهان,2026-10-04T09:29:49+03:30,656.0,-2.96,656.0,-2.96,676.0,656.0,656.0,656.0,4251.0,2632755263.0,1727087452528.0,696.0,656,12.0,54.7,1,27,سهم,فلزات اساسی,بازار بورس,بازار دوم (تابلوی فرعی) بورس,15.04,12.0,1028.434,667084565831.0,27.0,4017845981.0,658.0,707.0,316.0,783.0,2026-10-03,437607475185136.0,1783557235.0,1230,1170013546160.0,96150000.0,3,63074400000.0,1737328631.0,325,1139687581936.0,142378604.0,10,93400364224.0,951230525.3333333,3506731021.3415384,0.271,30325964224.0,6,8570602,657.0,658.0,6223000,4,157,132081609,656.0,659.0,3000180,2,3,50000,650.0,660.0,5776900,10,1,7800,643.0,661.0,480000,1,2,210000,640.0,662.0,40000,1,,,,,,,,,,,,,,,,
71510396252618330,دبالک,مواد اولیه دارویی البرز بالک,2026-10-04T09:29:38+03:30,16660.0,-2.91,16680.0,-2.8,17160.0,17090.0,16650.0,17090.0,636.0,15173741.0,253165191990.0,17670.0,16650,1079.0,15.5,1,43,سهم,مواد و محصولات دارویی,بازار فرابورس,بازار اول فرابورس,10.24,1079.0,10371.554,1820000000.0,,31589220.0,16150.0,17180.0,3004.0,18040.0,2026-10-04,30357600000000.0,6079649.0,169,101408545320.0,9085315.0,5,151543054200.0,11435300.0,162,190740804000.0,3729664.0,2,62210795520.0,600050564.0236686,1177412370.3703704,0.51,-89332258680.0,1,4310,16860.0,16920.0,4000,1,3,23984,16660.0,16940.0,3055,2,11,108438,16650.0,16980.0,11999,2,0,0,0.0,17000.0,101934,5,0,0,0.0,17030.0,4000,1,,,,,,,,,,,,,,,,
71516048161401340,کمند2,صندوق س. با درآمد ثابت کمند,2026-10-04T09:19:49+03:30,1.0,-99.99,1.0,-99.99,10236.0,1.0,1.0,1.0,1.0,4400000.0,4400000.0,1.0,1,0.0,,1,68,صندوق,صندوق سرمایه گذاری قابل معامله,بازار بورس,-',0.0,,0.0,10000000000.0,,114565000.0,1.0,1.0,1.0,1.0,2026-10-03,10000000000.0,0.0,0,0.0,4400000.0,1,4400000.0,0.0,0,0.0,4400000.0,1,4400000.0,,,,0.0,0,0,0.0,0.0,0,0,,,,,,,,,,,,,,,,,,,,,,,,,,,,,,,,,,,,,,,,
71523986304961239,قشیر,قند شیروان قوچان و بجنورد,2026-10-04T09:29:35+03:30,15890.0,-1.79,15890.0,-1.79,16180.0,16330.0,15750.0,16330.0,153.0,1397600.0,22205362010.0,16660.0,15700,1524.0,10.4,1,38,سهم,قند و شکر,بازار فرابورس,بازار دوم فرابورس,9.81,1524.0,47312.5,778871856.0,,4660357.0,15960.0,16900.0,7810.0,17860.0,2026-10-04,12376273791840.0,1160850.0,30,18445906500.0,165964.0,1,2637167960.0,1320615.0,35,20984572350.0,6199.0,1,98502110.0,614863550.0,599559210.0,1.026,-2538665850.0,1,380,15900.0,16100.0,34973,1,1,4443,15890.0,16170.0,73211,3,1,5000,15870.0,16180.0,2000,1,1,12055,15860.0,16190.0,10,1,1,5000,15850.0,16200.0,109385,2,,,,,,,,,,,,,,,,
71571639927013317,فالوم,آلومتک,2026-10-04T09:29:48+03:30,1474.0,-1.34,1463.0,-2.07,1494.0,1495.0,1450.0,1495.0,260.0,26715345.0,39073517444.0,1538.0,1450,-11.0,-133.0,1,27,سهم,فلزات اساسی,بازار فرابورس,بازار دوم فرابورس,8.67,-11.0,1387.1776,14500000000.0,,78843066.0,1461.0,1567.0,1120.0,8260.0,2026-10-04,21213500000000.0,26224966.0,76,38367125258.0,484679.0,1,709085377.0,26709645.0,90,39076210635.0,0.0,0,0.0,504830595.5,434180118.1666666,1.163,-709085377.0,1,5000,1468.0,1474.0,56126,1,5,2659961,1464.0,1489.0,374673,1,1,50000,1460.0,1490.0,196500,1,1,50000,1457.0,1492.0,50000,1,1,4000,1454.0,1493.0,484679,1,,,,,,,,,,,,,,,,
71595553356620707,کاخ,صندوق س کاخ-املاک,2026-10-04T09:29:23+03:30,13100.0,1.78,13081.0,1.63,12871.0,12909.0,12909.0,13130.0,156.0,3039497.0,39760362868.0,13257.0,12485,0.0,,1,68,صندوق,صندوق سرمایه گذاری قابل معامله,بازار بورس,بازار صندوق های قابل معامله,0.0,,0.0,700002547.0,,12741676.0,12450.0,13129.0,10000.0,13129.0,2026-10-04,9156733317307.0,2829065.0,74,37006999265.0,210432.0,1,2752660992.0,2800470.0,46,36632948070.0,239027.0,2,3126712187.0,500094584.6621621,796368436.3043479,0.628,374051195.0,1,5000,13088.0,13099.0,32676,1,1,527,13086.0,13100.0,140897,1,1,50000,13085.0,13109.0,28306,1,1,30000,13083.0,13110.0,60920,3,1,5000,13082.0,13111.0,25000,3,,13362.0,13362.0,2026-10-04T09:13:13+03:30,-2.1,,,,,,,,,,,
71607363692994058,ضملت8080,اختیارخ وبملت-2000-1405/08/20,2026-10-04T09:27:30+03:30,40.0,-9.09,38.0,-13.64,44.0,40.0,34.0,47.0,90.0,35614.0,1336465000.0,100000.0,1,0.0,,1.0,57,اختیار معامله,,,,,,,,,,,,,,,,35614.0,20,1353332.0,0.0,0,0.0,5385.0,6,204630.0,30229.0,2,1148702.0,67666.6,34105.0,1.984,1148702.0,1,1000,39.0,40.0,271,1,4,1313,38.0,41.0,1000,1,2,169,37.0,42.0,1100,2,1,626,36.0,43.0,1050,2,1,1000,35.0,44.0,3100,5,,,,,,وبملت,778253364357513,1459,2000,1000,1405/05/24,1405/08/20,38,خرید,763959,51348046000.0
71666521540545716,غبهار,کشت وصنعت بهاران گلبهار خراسان,2026-10-04T09:22:03+03:30,5250.0,2.94,5250.0,2.94,5100.0,5250.0,5250.0,5250.0,32.0,2285541.0,11999090250.0,5250.0,4950,798.0,6.6,1,42,سهم,محصولات غذایی و آشامیدنی به جز قند و شکر,بازار پایه فرابورس,بازار پایه زرد فرابورس,0.0,798.0,3022.7634,2300000000.0,,19793153.0,4710.0,4970.0,2034.0,6400.0,2026-10-03,12075000000000.0,1985541.0,4,10424090250.0,300000.0,1,1575000000.0,2285541.0,21,11999090250.0,0.0,0,0.0,2606022562.5,571385250.0,4.561,-1575000000.0,164,42572781,5250.0,5260.0,25000,1,1,10000,5110.0,0.0,0,0,1,15818,4970.0,0.0,0,0,2,174000,4950.0,0.0,0,0,1,10000,4320.0,0.0,0,0,,,,,,,,,,,,,,,,
71672399601682259,ثروتم,صندوق س. ثروت آفرین پارسیان-س,2026-10-04T09:10:56+03:30,645000.0,1.57,632700.0,-0.36,635017.0,633250.0,632500.0,645000.0,8.0,10348.0,6547180616.0,654067.0,615967,0.0,,1,68,صندوق,صندوق سرمایه گذاری قابل معامله,بازار فرابورس,بازار ابزارهاي نوين مالي فرابورس,1082.56,,0.0,200000000.0,,108731.0,596145.0,638681.0,230660.0,638681.0,2026-10-03,126540000000000.0,1232.0,3,779486400.0,9116.0,1,5767693200.0,10348.0,6,6547179600.0,0.0,0,0.0,259828800.0,1091196600.0,0.238,-5767693200.0,1,5000,633950.0,642499.0,160,2,1,283,633505.0,642500.0,25634,3,1,5000,633504.0,645000.0,180,1,1,500,633502.0,650000.0,100,1,1,788,632502.0,653999.0,200,1,,,,,,,,,,,,,,,,
71744682148776880,ولصنم,لیزینگصنعتومعدن,2026-10-04T09:29:04+03:30,3080.0,-2.22,3100.0,-1.59,3150.0,3070.0,3060.0,3160.0,89.0,2910653.0,9017805610.0,3240.0,3060,305.0,10.2,1,58,سهم,سایر واسطه گریهای مالی,بازار بورس,بازار دوم (تابلوی فرعی) بورس,10.55,305.0,0.0,6000000000.0,19.0,24730211.0,3170.0,3360.0,2161.0,3490.0,2026-10-03,18600000000000.0,2731678.0,37,8468201800.0,178975.0,1,554822500.0,2612939.0,27,8100110900.0,297714.0,1,922913400.0,228870318.9189189,300004107.4074074,0.763,368090900.0,1,26075,3080.0,3130.0,37601,2,5,288185,3070.0,3140.0,140469,2,7,136000,3060.0,3150.0,18488,4,0,0,0.0,3160.0,419070,3,0,0,0.0,3170.0,5000,1,,,,,,,,,,,,,,,,
71758511001096824,غصینو,صنعتی مینو,2026-10-04T09:29:48+03:30,6360.0,-0.62,6210.0,-2.97,6400.0,6220.0,6210.0,6400.0,433.0,18162948.0,112845291070.0,6590.0,6210,698.0,8.9,1,42,سهم,محصولات غذایی و آشامیدنی به جز قند و شکر,بازار فرابورس,بازار دوم فرابورس,7.68,698.0,2414.8174,58717719000.0,,53844474.0,6070.0,6430.0,3000.0,10440.0,2026-10-04,364637034990000.0,9420597.0,182,58501907370.0,8700000.0,4,54027000000.0,18120597.0,110,112528907370.0,0.0,0,0.0,321439051.48351645,1022990067.0000001,0.314,-54027000000.0,3,80469,6360.0,6380.0,50000,1,1,4064,6310.0,6390.0,155285,3,2,114000,6290.0,6400.0,178836,5,1,4064,6270.0,6420.0,25800,2,5,137677,6250.0,6430.0,57949,1,,,,,,,,,,,,,,,,
71779402170497603,اتوداریوش,صندوق س. بخشی داریوش2-ب,2026-10-04T09:27:46+03:30,16900.0,0.56,16470.0,-2.0,16806.0,16500.0,16302.0,16989.0,92.0,3558974.0,58617779604.0,17310.0,16302,0.0,,1,68,صندوق,صندوق سرمایه گذاری قابل معامله,بازار فرابورس,بازار ابزارهاي نوين مالي فرابورس,1082.56,,0.0,1000000000.0,,3525443.0,16400.0,17022.0,9158.0,17530.0,2026-10-03,16470000000000.0,1545888.0,18,25460775360.0,2013086.0,1,33155526420.0,3558974.0,20,58616301780.0,0.0,0,0.0,1414487520.0,2930815089.0,0.483,-33155526420.0,1,63,16966.0,16980.0,5813,1,1,60,16950.0,16989.0,120674,1,1,60,16910.0,16990.0,200000,1,1,60,16903.0,17000.0,5000,1,1,60,16900.0,17105.0,184333,1,,16677.0,16846.0,2026-10-04T09:13:36+03:30,-1.24,,,,,,,,,,,
71840285100669869,ضستا8064,اختیارخ شستا-5000-1405/08/13,2026-10-04T09:21:10+03:30,63.0,1.61,65.0,4.84,62.0,70.0,63.0,96.0,4.0,58.0,3779000.0,100000.0,1,0.0,,1.0,39,اختیار معامله,,,,,,,,,,,,,,,,58.0,4,3770.0,0.0,0,0.0,58.0,2,3770.0,0.0,0,0.0,942.5,1885.0,0.5,0.0,2,101,51.0,67.0,37,1,2,1001,50.0,68.0,350,1,1,500,42.0,69.0,1000,1,1,200,41.0,72.0,1000,1,2,513,40.0,80.0,200,1,,,,,,شستا,2400322364771558,3580,5000,1000,1405/06/28,1405/08/13,31,خرید,25259,207060000.0
71843282162462661,کارا,صندوق س. کارا -د,2026-10-04T09:29:52+03:30,37499.0,0.13,37499.0,0.13,37451.0,37499.0,37499.0,37500.0,1053.0,30200975.0,1132509470966.0,38574.0,36328,0.0,,1,68,صندوق,صندوق سرمایه گذاری قابل معامله,بازار فرابورس,بازار ابزارهاي نوين مالي فرابورس,1067.75,,0.0,15500000000.0,,741143425.0,37353.0,37452.0,27070.0,37452.0,2026-10-04,581234500000000.0,9074904.0,213,340299825096.0,21118839.0,4,791935343661.0,28520583.0,642,1069493341917.0,1673160.0,6,62741826840.0,1597651761.0140846,1665877479.6214952,0.959,-729193516821.0,22,197286667,37499.0,37500.0,62635369,99,4,1068133,37498.0,37501.0,1000000,1,1,1000000,37497.0,37502.0,1000500,2,3,1005436,37496.0,37503.0,1000500,2,4,1013180,37495.0,37504.0,1259102,5,,37451.0,37472.0,2026-10-03T15:03:28+03:30,0.13,,,,,,,,,,,
71856634742001725,سپ,پرداخت الکترونیک سامان کیش,2026-10-04T09:27:14+03:30,14480.0,1.54,14490.0,1.61,14260.0,14620.0,14390.0,14640.0,19.0,7800.0,113056000.0,14680.0,13840,662.0,21.9,1,72,سهم,رایانه و فعالیتهای وابسته به آن,بازار بورس,بازار دوم (تابلوی فرعی) بورس,19.14,662.0,0.0,13000000000.0,10.0,390148.0,13560.0,14660.0,8930.0,14750.0,2026-10-03,188370000000000.0,7800.0,2,113022000.0,0.0,0,0.0,7800.0,3,113022000.0,0.0,0,0.0,56511000.0,37674000.0,1.5,0.0,2,3774,13850.0,14490.0,14000,1,2,1070,13840.0,14580.0,11433,1,0,0,0.0,14590.0,3530,1,0,0,0.0,14600.0,28293,1,0,0,0.0,14610.0,343,1,,,,,,,,,,,,,,,,
71907403347534074,غزنجان,شیر پاستوریزه پگاه زنجان,2026-10-04T09:29:48+03:30,9820.0,2.94,9820.0,2.94,9540.0,9820.0,9820.0,9820.0,6924.0,2047742.0,20108826440.0,9820.0,9260,1312.0,7.5,1,42,سهم,محصولات غذایی و آشامیدنی به جز قند و شکر,بازار بورس,بازار دوم (تابلوی اصلی) بورس,9.47,1312.0,25685.658,1731914000.0,10.0,10953185.0,8740.0,9270.0,6928.0,9270.0,2026-10-03,17007395480000.0,2043405.0,8,20066237100.0,0.0,0,0.0,743185.0,6862,7298076700.0,1300220.0,3,12768160400.0,2508279637.5,1063549.5045176332,2358.404,12768160400.0,4265,641382714,9820.0,0.0,0,0,6,121893,9810.0,0.0,0,0,6,55742,9800.0,0.0,0,0,1,300000,9790.0,0.0,0,0,1,2000,9750.0,0.0,0,0,صف خرید,,,,,,,,,,,,,,,
71915323158940310,ضهرم8029,اختیارخ اهرم-50000-1405/08/27,2026-10-04T09:29:48+03:30,26879.0,-0.89,25996.0,-4.15,27121.0,22700.0,22700.0,26899.0,124.0,1641.0,42659849000.0,500000.0,1,0.0,,1.0,68,اختیار معامله,,,,,,,,,,,,,,,,1615.0,39,41983540.0,19.0,1,493924.0,1634.0,33,42477464.0,0.0,0,0.0,1076501.0256410255,1287195.878787879,0.836,-493924.0,1,32,27000.0,27250.0,19,1,1,47,26879.0,27299.0,51,1,2,41,26801.0,27300.0,53,2,1,40,26800.0,27663.0,8,2,1,1,26400.0,27664.0,59,1,,,,,,اهرم,17914401175772326,72311,50000,1000,1405/05/31,1405/08/27,45,خرید,79880,98881120000.0
71945594172117613,ارزش مسکن,ص.س.املاک ومستغلات ارزش مسکن,2026-10-04T09:29:41+03:30,38871.0,3.0,38846.0,2.93,37739.0,38871.0,38365.0,38871.0,347.0,4662638.0,181123600383.0,38871.0,36607,0.0,,1,68,صندوق,صندوق سرمایه گذاری قابل معامله,بازار فرابورس,-',1052.07,,0.0,165000000.0,,17992261.0,35700.0,38356.0,20010.0,38396.0,2026-10-04,6409590000000.0,4620376.0,121,179483126096.0,42232.0,1,1640544272.0,3189637.0,131,123904638902.0,1472971.0,1,57219031466.0,1483331620.6280992,945836938.1832061,1.568,55578487194.0,84,3079383,38871.0,40189.0,125,1,2,1111,38800.0,40242.0,200,1,1,10000,38700.0,0.0,0,0,1,10000,38654.0,0.0,0,0,1,500,38648.0,0.0,0,0,,12094.0,12097.0,2026-05-13T15:42:12+03:30,221.2,,,,,,,,,,,
71957984642204570,شپترو,پتروشیمی آبادان,2026-10-04T09:28:46+03:30,2787.0,-2.99,2787.0,-2.99,2873.0,2787.0,2787.0,2787.0,74.0,10632096.0,29631651552.0,2959.0,2787,-1864.0,-1.5,1,44,سهم,محصولات شیمیایی,بازار پایه فرابورس,بازار پایه زرد فرابورس,0.0,-1864.0,3161.7402,10000000000.0,,51837894.0,2700.0,2980.0,926.0,3040.0,2026-10-03,27870000000000.0,3138991.0,35,8748367917.0,7493105.0,1,20883283635.0,10632096.0,13,29631651552.0,0.0,0,0.0,249953369.05714282,2279357811.692308,0.11,-20883283635.0,1,80000,2756.0,2787.0,35407229,108,1,26000,1973.0,2871.0,1000000,1,1,40000,1914.0,2930.0,400000,1,0,0,0.0,2957.0,999300,1,0,0,0.0,2958.0,1081332,4,,,,,,,,,,,,,,,,
72044846109864381,پارتا,مجتمع صنعتی آرتاویل تایر,2026-10-04T09:29:43+03:30,19600.0,-0.91,19680.0,-0.51,19780.0,19750.0,19650.0,19750.0,5.0,200000.0,3935045000.0,20370.0,19190,985.0,20.0,1,25,سهم,لاستیک و پلاستیک,بازار فرابورس,بازار دوم فرابورس,10.47,985.0,5722.74,6200000000.0,,800634.0,19700.0,20300.0,7970.0,20430.0,2026-10-03,122016000000000.0,300.0,1,5904000.0,150000.0,1,2952000000.0,150300.0,1,2957904000.0,0.0,0,0.0,5904000.0,2957904000.0,0.002,-2952000000.0,1,300,19600.0,19700.0,500,1,1,50000,19550.0,20000.0,28460,7,1,50000,19500.0,20020.0,2000,1,1,50000,19450.0,20040.0,103000,2,1,50000,19400.0,20090.0,1768,1,,,,,,,,,,,,,,,,
